  0
SECTION
  2
HEADER
  9
$ACADVER
  1
AC1027
  9
$ACADMAINTVER
 70
6
  9
$DWGCODEPAGE
  3
ANSI_1252
  9
$LASTSAVEDBY
  1
ezdxf
  9
$INSBASE
 10
0.0
 20
0.0
 30
0.0
  9
$EXTMIN
 10
1e+20
 20
1e+20
 30
1e+20
  9
$EXTMAX
 10
-1e+20
 20
-1e+20
 30
-1e+20
  9
$LIMMIN
 10
0.0
 20
0.0
  9
$LIMMAX
 10
420.0
 20
297.0
  9
$ORTHOMODE
 70
0
  9
$REGENMODE
 70
1
  9
$FILLMODE
 70
1
  9
$QTEXTMODE
 70
0
  9
$MIRRTEXT
 70
1
  9
$LTSCALE
 40
1.0
  9
$ATTMODE
 70
1
  9
$TEXTSIZE
 40
2.5
  9
$TRACEWID
 40
1.0
  9
$TEXTSTYLE
  7
Standard
  9
$CLAYER
  8
0
  9
$CELTYPE
  6
ByLayer
  9
$CECOLOR
 62
256
  9
$CELTSCALE
 40
1.0
  9
$DISPSILH
 70
0
  9
$DIMSCALE
 40
1.0
  9
$DIMASZ
 40
2.5
  9
$DIMEXO
 40
0.625
  9
$DIMDLI
 40
3.75
  9
$DIMRND
 40
0.0
  9
$DIMDLE
 40
0.0
  9
$DIMEXE
 40
1.25
  9
$DIMTP
 40
0.0
  9
$DIMTM
 40
0.0
  9
$DIMTXT
 40
2.5
  9
$DIMCEN
 40
2.5
  9
$DIMTSZ
 40
0.0
  9
$DIMTOL
 70
0
  9
$DIMLIM
 70
0
  9
$DIMTIH
 70
0
  9
$DIMTOH
 70
0
  9
$DIMSE1
 70
0
  9
$DIMSE2
 70
0
  9
$DIMTAD
 70
1
  9
$DIMZIN
 70
8
  9
$DIMBLK
  1

  9
$DIMASO
 70
1
  9
$DIMSHO
 70
1
  9
$DIMPOST
  1

  9
$DIMAPOST
  1

  9
$DIMALT
 70
0
  9
$DIMALTD
 70
3
  9
$DIMALTF
 40
0.03937007874
  9
$DIMLFAC
 40
1.0
  9
$DIMTOFL
 70
1
  9
$DIMTVP
 40
0.0
  9
$DIMTIX
 70
0
  9
$DIMSOXD
 70
0
  9
$DIMSAH
 70
0
  9
$DIMBLK1
  1

  9
$DIMBLK2
  1

  9
$DIMSTYLE
  2
ISO-25
  9
$DIMCLRD
 70
0
  9
$DIMCLRE
 70
0
  9
$DIMCLRT
 70
0
  9
$DIMTFAC
 40
1.0
  9
$DIMGAP
 40
0.625
  9
$DIMJUST
 70
0
  9
$DIMSD1
 70
0
  9
$DIMSD2
 70
0
  9
$DIMTOLJ
 70
0
  9
$DIMTZIN
 70
8
  9
$DIMALTZ
 70
0
  9
$DIMALTTZ
 70
0
  9
$DIMUPT
 70
0
  9
$DIMDEC
 70
2
  9
$DIMTDEC
 70
2
  9
$DIMALTU
 70
2
  9
$DIMALTTD
 70
3
  9
$DIMTXSTY
  7
Standard
  9
$DIMAUNIT
 70
0
  9
$DIMADEC
 70
0
  9
$DIMALTRND
 40
0.0
  9
$DIMAZIN
 70
0
  9
$DIMDSEP
 70
44
  9
$DIMATFIT
 70
3
  9
$DIMFRAC
 70
0
  9
$DIMLDRBLK
  1

  9
$DIMLUNIT
 70
2
  9
$DIMLWD
 70
-2
  9
$DIMLWE
 70
-2
  9
$DIMTMOVE
 70
0
  9
$DIMFXL
 40
1.0
  9
$DIMFXLON
 70
0
  9
$DIMJOGANG
 40
0.785398163397
  9
$DIMTFILL
 70
0
  9
$DIMTFILLCLR
 70
0
  9
$DIMARCSYM
 70
0
  9
$DIMLTYPE
  6

  9
$DIMLTEX1
  6

  9
$DIMLTEX2
  6

  9
$DIMTXTDIRECTION
 70
0
  9
$LUNITS
 70
2
  9
$LUPREC
 70
4
  9
$SKETCHINC
 40
1.0
  9
$FILLETRAD
 40
10.0
  9
$AUNITS
 70
0
  9
$AUPREC
 70
2
  9
$MENU
  1
.
  9
$ELEVATION
 40
0.0
  9
$PELEVATION
 40
0.0
  9
$THICKNESS
 40
0.0
  9
$LIMCHECK
 70
0
  9
$CHAMFERA
 40
0.0
  9
$CHAMFERB
 40
0.0
  9
$CHAMFERC
 40
0.0
  9
$CHAMFERD
 40
0.0
  9
$SKPOLY
 70
0
  9
$TDCREATE
 40
2461245.9198726853
  9
$TDUCREATE
 40
2458532.153996898
  9
$TDUPDATE
 40
2461245.9198726853
  9
$TDUUPDATE
 40
2458532.1544311
  9
$TDINDWG
 40
0.0
  9
$TDUSRTIMER
 40
0.0
  9
$USRTIMER
 70
1
  9
$ANGBASE
 50
0.0
  9
$ANGDIR
 70
0
  9
$PDMODE
 70
0
  9
$PDSIZE
 40
0.0
  9
$PLINEWID
 40
0.0
  9
$SPLFRAME
 70
0
  9
$SPLINETYPE
 70
6
  9
$SPLINESEGS
 70
8
  9
$HANDSEED
  5
20DA
  9
$SURFTAB1
 70
6
  9
$SURFTAB2
 70
6
  9
$SURFTYPE
 70
6
  9
$SURFU
 70
6
  9
$SURFV
 70
6
  9
$UCSBASE
  2

  9
$UCSNAME
  2

  9
$UCSORG
 10
0.0
 20
0.0
 30
0.0
  9
$UCSXDIR
 10
1.0
 20
0.0
 30
0.0
  9
$UCSYDIR
 10
0.0
 20
1.0
 30
0.0
  9
$UCSORTHOREF
  2

  9
$UCSORTHOVIEW
 70
0
  9
$UCSORGTOP
 10
0.0
 20
0.0
 30
0.0
  9
$UCSORGBOTTOM
 10
0.0
 20
0.0
 30
0.0
  9
$UCSORGLEFT
 10
0.0
 20
0.0
 30
0.0
  9
$UCSORGRIGHT
 10
0.0
 20
0.0
 30
0.0
  9
$UCSORGFRONT
 10
0.0
 20
0.0
 30
0.0
  9
$UCSORGBACK
 10
0.0
 20
0.0
 30
0.0
  9
$PUCSBASE
  2

  9
$PUCSNAME
  2

  9
$PUCSORG
 10
0.0
 20
0.0
 30
0.0
  9
$PUCSXDIR
 10
1.0
 20
0.0
 30
0.0
  9
$PUCSYDIR
 10
0.0
 20
1.0
 30
0.0
  9
$PUCSORTHOREF
  2

  9
$PUCSORTHOVIEW
 70
0
  9
$PUCSORGTOP
 10
0.0
 20
0.0
 30
0.0
  9
$PUCSORGBOTTOM
 10
0.0
 20
0.0
 30
0.0
  9
$PUCSORGLEFT
 10
0.0
 20
0.0
 30
0.0
  9
$PUCSORGRIGHT
 10
0.0
 20
0.0
 30
0.0
  9
$PUCSORGFRONT
 10
0.0
 20
0.0
 30
0.0
  9
$PUCSORGBACK
 10
0.0
 20
0.0
 30
0.0
  9
$USERI1
 70
0
  9
$USERI2
 70
0
  9
$USERI3
 70
0
  9
$USERI4
 70
0
  9
$USERI5
 70
0
  9
$USERR1
 40
0.0
  9
$USERR2
 40
0.0
  9
$USERR3
 40
0.0
  9
$USERR4
 40
0.0
  9
$USERR5
 40
0.0
  9
$WORLDVIEW
 70
1
  9
$SHADEDGE
 70
3
  9
$SHADEDIF
 70
70
  9
$TILEMODE
 70
1
  9
$MAXACTVP
 70
64
  9
$PINSBASE
 10
0.0
 20
0.0
 30
0.0
  9
$PLIMCHECK
 70
0
  9
$PEXTMIN
 10
1e+20
 20
1e+20
 30
1e+20
  9
$PEXTMAX
 10
-1e+20
 20
-1e+20
 30
-1e+20
  9
$PLIMMIN
 10
0.0
 20
0.0
  9
$PLIMMAX
 10
420.0
 20
297.0
  9
$UNITMODE
 70
0
  9
$VISRETAIN
 70
1
  9
$PLINEGEN
 70
0
  9
$PSLTSCALE
 70
1
  9
$TREEDEPTH
 70
3020
  9
$CMLSTYLE
  2
Standard
  9
$CMLJUST
 70
0
  9
$CMLSCALE
 40
20.0
  9
$PROXYGRAPHICS
 70
1
  9
$MEASUREMENT
 70
1
  9
$CELWEIGHT
370
-1
  9
$ENDCAPS
280
0
  9
$JOINSTYLE
280
0
  9
$LWDISPLAY
290
1
  9
$INSUNITS
 70
21
  9
$HYPERLINKBASE
  1

  9
$STYLESHEET
  1

  9
$XEDIT
290
1
  9
$CEPSNTYPE
380
0
  9
$PSTYLEMODE
290
1
  9
$FINGERPRINTGUID
  2
{FC3ED4C3-033B-4407-958E-9CB1F37DCBD3}
  9
$VERSIONGUID
  2
{C14DFE6A-8624-423F-A366-89BF64A6EB96}
  9
$EXTNAMES
290
1
  9
$PSVPSCALE
 40
0.0
  9
$OLESTARTUP
290
0
  9
$SORTENTS
280
127
  9
$INDEXCTL
280
0
  9
$HIDETEXT
280
1
  9
$XCLIPFRAME
280
1
  9
$HALOGAP
280
0
  9
$OBSCOLOR
 70
257
  9
$OBSLTYPE
280
0
  9
$INTERSECTIONDISPLAY
280
0
  9
$INTERSECTIONCOLOR
 70
257
  9
$DIMASSOC
280
2
  9
$PROJECTNAME
  1

  9
$CAMERADISPLAY
290
0
  9
$LENSLENGTH
 40
50.0
  9
$CAMERAHEIGHT
 40
0.0
  9
$STEPSPERSEC
 40
24.0
  9
$STEPSIZE
 40
100.0
  9
$3DDWFPREC
 40
2.0
  9
$PSOLWIDTH
 40
0.005
  9
$PSOLHEIGHT
 40
0.08
  9
$LOFTANG1
 40
1.570796326795
  9
$LOFTANG2
 40
1.570796326795
  9
$LOFTMAG1
 40
0.0
  9
$LOFTMAG2
 40
0.0
  9
$LOFTPARAM
 70
7
  9
$LOFTNORMALS
280
1
  9
$LATITUDE
 40
37.795
  9
$LONGITUDE
 40
-122.394
  9
$NORTHDIRECTION
 40
0.0
  9
$TIMEZONE
 70
-8000
  9
$LIGHTGLYPHDISPLAY
280
1
  9
$TILEMODELIGHTSYNCH
280
1
  9
$CMATERIAL
347
20
  9
$SOLIDHIST
280
0
  9
$SHOWHIST
280
1
  9
$DWFFRAME
280
2
  9
$DGNFRAME
280
2
  9
$REALWORLDSCALE
290
1
  9
$INTERFERECOLOR
 62
256
  9
$CSHADOW
280
0
  9
$SHADOWPLANELOCATION
 40
0.0
  0
ENDSEC
  0
SECTION
  2
CLASSES
  0
CLASS
  1
ACDBDICTIONARYWDFLT
  2
AcDbDictionaryWithDefault
  3
ObjectDBX Classes
 90
0
 91
0
280
0
281
0
  0
CLASS
  1
SUN
  2
AcDbSun
  3
SCENEOE
 90
1153
 91
0
280
0
281
0
  0
CLASS
  1
VISUALSTYLE
  2
AcDbVisualStyle
  3
ObjectDBX Classes
 90
4095
 91
0
280
0
281
0
  0
CLASS
  1
MATERIAL
  2
AcDbMaterial
  3
ObjectDBX Classes
 90
1153
 91
0
280
0
281
0
  0
CLASS
  1
SCALE
  2
AcDbScale
  3
ObjectDBX Classes
 90
1153
 91
0
280
0
281
0
  0
CLASS
  1
TABLESTYLE
  2
AcDbTableStyle
  3
ObjectDBX Classes
 90
4095
 91
0
280
0
281
0
  0
CLASS
  1
MLEADERSTYLE
  2
AcDbMLeaderStyle
  3
ACDB_MLEADERSTYLE_CLASS
 90
4095
 91
0
280
0
281
0
  0
CLASS
  1
DICTIONARYVAR
  2
AcDbDictionaryVar
  3
ObjectDBX Classes
 90
0
 91
0
280
0
281
0
  0
CLASS
  1
CELLSTYLEMAP
  2
AcDbCellStyleMap
  3
ObjectDBX Classes
 90
1152
 91
0
280
0
281
0
  0
CLASS
  1
MENTALRAYRENDERSETTINGS
  2
AcDbMentalRayRenderSettings
  3
SCENEOE
 90
1024
 91
0
280
0
281
0
  0
CLASS
  1
ACDBDETAILVIEWSTYLE
  2
AcDbDetailViewStyle
  3
ObjectDBX Classes
 90
1025
 91
0
280
0
281
0
  0
CLASS
  1
ACDBSECTIONVIEWSTYLE
  2
AcDbSectionViewStyle
  3
ObjectDBX Classes
 90
1025
 91
0
280
0
281
0
  0
CLASS
  1
RASTERVARIABLES
  2
AcDbRasterVariables
  3
ISM
 90
0
 91
0
280
0
281
0
  0
CLASS
  1
ACDBPLACEHOLDER
  2
AcDbPlaceHolder
  3
ObjectDBX Classes
 90
0
 91
0
280
0
281
0
  0
CLASS
  1
LAYOUT
  2
AcDbLayout
  3
ObjectDBX Classes
 90
0
 91
0
280
0
281
0
  0
ENDSEC
  0
SECTION
  2
TABLES
  0
TABLE
  2
VPORT
  5
8
330
0
100
AcDbSymbolTable
 70
1
  0
VPORT
  5
23
330
8
100
AcDbSymbolTableRecord
100
AcDbViewportTableRecord
  2
*Active
 70
0
 10
0.0
 20
0.0
 11
1.0
 21
1.0
 12
3136065.6816
 22
319800.1026
 13
0.0
 23
0.0
 14
0.5
 24
0.5
 15
0.5
 25
0.5
 16
0.0
 26
0.0
 36
1.0
 17
0.0
 27
0.0
 37
0.0
 40
6279.5626
 41
1.34
 42
50.0
 43
0.0
 44
0.0
 50
0.0
 51
0.0
 71
0
 72
1000
 73
1
 74
3
 75
0
 76
0
 77
0
 78
0
281
0
 65
0
146
0.0
  0
ENDTAB
  0
TABLE
  2
LTYPE
  5
2
330
0
100
AcDbSymbolTable
 70
3
  0
LTYPE
  5
24
330
2
100
AcDbSymbolTableRecord
100
AcDbLinetypeTableRecord
  2
ByBlock
 70
0
  3

 72
65
 73
0
 40
0.0
  0
LTYPE
  5
25
330
2
100
AcDbSymbolTableRecord
100
AcDbLinetypeTableRecord
  2
ByLayer
 70
0
  3

 72
65
 73
0
 40
0.0
  0
LTYPE
  5
26
330
2
100
AcDbSymbolTableRecord
100
AcDbLinetypeTableRecord
  2
Continuous
 70
0
  3

 72
65
 73
0
 40
0.0
  0
ENDTAB
  0
TABLE
  2
LAYER
  5
1
102
{ACAD_XDICTIONARY
360
10D1
102
}
330
0
100
AcDbSymbolTable
 70
52
  0
LAYER
  5
27
330
1
100
AcDbSymbolTableRecord
100
AcDbLayerTableRecord
  2
0
 70
0
 62
7
  6
Continuous
370
-3
390
13
347
21
  0
LAYER
  5
28
330
1
100
AcDbSymbolTableRecord
100
AcDbLayerTableRecord
  2
Defpoints
 70
0
 62
7
  6
Continuous
290
0
370
-3
390
13
347
21
  0
LAYER
  5
2F
330
1
100
AcDbSymbolTableRecord
100
AcDbLayerTableRecord
  2
CENTER
 70
0
 62
1
  6
Continuous
370
-3
390
13
347
21
  0
LAYER
  5
30
330
1
100
AcDbSymbolTableRecord
100
AcDbLayerTableRecord
  2
CONTOUR_INDEX
 70
0
 62
150
  6
Continuous
370
-3
390
13
347
21
  0
LAYER
  5
31
330
1
100
AcDbSymbolTableRecord
100
AcDbLayerTableRecord
  2
CONTOUR_MAJOR
 70
0
 62
92
  6
Continuous
370
-3
390
13
347
21
  0
LAYER
  5
32
330
1
100
AcDbSymbolTableRecord
100
AcDbLayerTableRecord
  2
CONTOUR_MINOR
 70
0
 62
253
  6
Continuous
370
-3
390
13
347
21
  0
LAYER
  5
38
330
1
100
AcDbSymbolTableRecord
100
AcDbLayerTableRecord
  2
CONTOUR_1FT
 70
0
 62
251
  6
Continuous
370
-3
390
13
347
21
  0
LAYER
  5
33
330
1
100
AcDbSymbolTableRecord
100
AcDbLayerTableRecord
  2
ELEV_LABELS
 70
0
 62
7
  6
Continuous
370
-3
390
13
347
21
  0
LAYER
  5
34
330
1
100
AcDbSymbolTableRecord
100
AcDbLayerTableRecord
  2
SITE_INFO
 70
0
 62
2
  6
Continuous
370
-3
390
13
347
21
  0
LAYER
  5
F07
330
1
100
AcDbSymbolTableRecord
100
AcDbLayerTableRecord
  2
ROAD_LABELS
 70
0
 62
3
  6
Continuous
370
-3
390
13
347
21
  0
LAYER
  5
F0A
330
1
100
AcDbSymbolTableRecord
100
AcDbLayerTableRecord
  2
ADJOINING_LABELS
 70
0
 62
230
  6
Continuous
370
-3
390
13
347
21
  0
LAYER
  5
F0B
330
1
100
AcDbSymbolTableRecord
100
AcDbLayerTableRecord
  2
ADJOINING_PARCELS
 70
0
 62
241
  6
Continuous
370
-3
390
13
347
21
  0
LAYER
  5
35
330
1
100
AcDbSymbolTableRecord
100
AcDbLayerTableRecord
  2
NORTH_ARROW
 70
0
 62
7
  6
Continuous
370
-3
390
13
347
21
  0
LAYER
  5
36
330
1
100
AcDbSymbolTableRecord
100
AcDbLayerTableRecord
  2
BENCHMARKS
 70
0
 62
2
  6
Continuous
370
-3
390
13
347
21
  0
LAYER
  5
37
330
1
100
AcDbSymbolTableRecord
100
AcDbLayerTableRecord
  2
BM_LABELS
 70
0
 62
2
  6
Continuous
370
-3
390
13
347
21
  0
LAYER
  5
3B
330
1
100
AcDbSymbolTableRecord
100
AcDbLayerTableRecord
  2
PLSS_SECTION
 70
0
 62
7
  6
Continuous
370
-3
390
13
347
21
  0
LAYER
  5
3C
330
1
100
AcDbSymbolTableRecord
100
AcDbLayerTableRecord
  2
PLSS_TWP
 70
0
 62
7
  6
Continuous
370
-3
390
13
347
21
  0
LAYER
  5
3D
330
1
100
AcDbSymbolTableRecord
100
AcDbLayerTableRecord
  2
PLSS_LABELS
 70
0
 62
7
  6
Continuous
370
-3
390
13
347
21
  0
LAYER
  5
3E
330
1
100
AcDbSymbolTableRecord
100
AcDbLayerTableRecord
  2
PLSS_QQ
 70
0
 62
8
  6
Continuous
370
-3
390
13
347
21
  0
LAYER
  5
3F
330
1
100
AcDbSymbolTableRecord
100
AcDbLayerTableRecord
  2
ROADS_MAJOR
 70
0
 62
2
  6
Continuous
370
-3
390
13
347
21
  0
LAYER
  5
40
330
1
100
AcDbSymbolTableRecord
100
AcDbLayerTableRecord
  2
ROADS_LOCAL
 70
0
 62
4
  6
Continuous
370
-3
390
13
347
21
  0
LAYER
  5
41
330
1
100
AcDbSymbolTableRecord
100
AcDbLayerTableRecord
  2
ROADS_TRAIL
 70
0
 62
6
  6
Continuous
370
-3
390
13
347
21
  0
LAYER
  5
42
330
1
100
AcDbSymbolTableRecord
100
AcDbLayerTableRecord
  2
HYDRO
 70
0
 62
140
  6
Continuous
370
-3
390
13
347
21
  0
LAYER
  5
43
330
1
100
AcDbSymbolTableRecord
100
AcDbLayerTableRecord
  2
CL_MAJOR
 70
0
 62
2
  6
Continuous
370
-3
390
13
347
21
  0
LAYER
  5
44
330
1
100
AcDbSymbolTableRecord
100
AcDbLayerTableRecord
  2
CL_MAJOR_3D
 70
0
 62
2
  6
Continuous
370
-3
390
13
347
21
  0
LAYER
  5
45
330
1
100
AcDbSymbolTableRecord
100
AcDbLayerTableRecord
  2
CL_LOCAL
 70
0
 62
4
  6
Continuous
370
-3
390
13
347
21
  0
LAYER
  5
46
330
1
100
AcDbSymbolTableRecord
100
AcDbLayerTableRecord
  2
CL_LOCAL_3D
 70
0
 62
4
  6
Continuous
370
-3
390
13
347
21
  0
LAYER
  5
47
330
1
100
AcDbSymbolTableRecord
100
AcDbLayerTableRecord
  2
CL_TRAIL
 70
0
 62
6
  6
Continuous
370
-3
390
13
347
21
  0
LAYER
  5
48
330
1
100
AcDbSymbolTableRecord
100
AcDbLayerTableRecord
  2
CL_TRAIL_3D
 70
0
 62
6
  6
Continuous
370
-3
390
13
347
21
  0
LAYER
  5
49
330
1
100
AcDbSymbolTableRecord
100
AcDbLayerTableRecord
  2
ROW_MAJOR
 70
0
 62
40
  6
Continuous
370
-3
390
13
347
21
  0
LAYER
  5
4A
330
1
100
AcDbSymbolTableRecord
100
AcDbLayerTableRecord
  2
ROW_MAJOR_3D
 70
0
 62
40
  6
Continuous
370
-3
390
13
347
21
  0
LAYER
  5
4B
330
1
100
AcDbSymbolTableRecord
100
AcDbLayerTableRecord
  2
ROW_LOCAL
 70
0
 62
132
  6
Continuous
370
-3
390
13
347
21
  0
LAYER
  5
4C
330
1
100
AcDbSymbolTableRecord
100
AcDbLayerTableRecord
  2
ROW_LOCAL_3D
 70
0
 62
132
  6
Continuous
370
-3
390
13
347
21
  0
LAYER
  5
4D
330
1
100
AcDbSymbolTableRecord
100
AcDbLayerTableRecord
  2
HYDRO_3D
 70
0
 62
140
  6
Continuous
370
-3
390
13
347
21
  0
LAYER
  5
4E
330
1
100
AcDbSymbolTableRecord
100
AcDbLayerTableRecord
  2
PLSS_SECTION_3D
 70
0
 62
7
  6
Continuous
370
-3
390
13
347
21
  0
LAYER
  5
4F
330
1
100
AcDbSymbolTableRecord
100
AcDbLayerTableRecord
  2
PLSS_TWP_3D
 70
0
 62
7
  6
Continuous
370
-3
390
13
347
21
  0
LAYER
  5
50
330
1
100
AcDbSymbolTableRecord
100
AcDbLayerTableRecord
  2
PLSS_QQ_3D
 70
0
 62
7
  6
Continuous
370
-3
390
13
347
21
  0
LAYER
  5
51
330
1
100
AcDbSymbolTableRecord
100
AcDbLayerTableRecord
  2
POWER
 70
0
 62
50
  6
Continuous
370
-3
390
13
347
21
  0
LAYER
  5
52
330
1
100
AcDbSymbolTableRecord
100
AcDbLayerTableRecord
  2
POWER_3D
 70
0
 62
50
  6
Continuous
370
-3
390
13
347
21
  0
LAYER
  5
53
330
1
100
AcDbSymbolTableRecord
100
AcDbLayerTableRecord
  2
PIPELINE
 70
0
 62
30
  6
Continuous
370
-3
390
13
347
21
  0
LAYER
  5
54
330
1
100
AcDbSymbolTableRecord
100
AcDbLayerTableRecord
  2
PIPELINE_3D
 70
0
 62
30
  6
Continuous
370
-3
390
13
347
21
  0
LAYER
  5
55
330
1
100
AcDbSymbolTableRecord
100
AcDbLayerTableRecord
  2
RAILROAD
 70
0
 62
5
  6
Continuous
370
-3
390
13
347
21
  0
LAYER
  5
56
330
1
100
AcDbSymbolTableRecord
100
AcDbLayerTableRecord
  2
RAILROAD_3D
 70
0
 62
5
  6
Continuous
370
-3
390
13
347
21
  0
LAYER
  5
57
330
1
100
AcDbSymbolTableRecord
100
AcDbLayerTableRecord
  2
BUILDINGS
 70
0
 62
9
  6
Continuous
370
-3
390
13
347
21
  0
LAYER
  5
58
330
1
100
AcDbSymbolTableRecord
100
AcDbLayerTableRecord
  2
COUNTY_BOUNDARY
 70
0
 62
40
  6
Continuous
370
-3
390
13
347
21
  0
LAYER
  5
59
330
1
100
AcDbSymbolTableRecord
100
AcDbLayerTableRecord
  2
COUNTY_LABEL
 70
0
 62
40
  6
Continuous
370
-3
390
13
347
21
  0
LAYER
  5
5A
330
1
100
AcDbSymbolTableRecord
100
AcDbLayerTableRecord
  2
OTLS_GRID
 70
0
 62
4
  6
Continuous
370
-3
390
13
347
21
  0
LAYER
  5
5B
330
1
100
AcDbSymbolTableRecord
100
AcDbLayerTableRecord
  2
OTLS_LABELS
 70
0
 62
4
  6
Continuous
370
-3
390
13
347
21
  0
LAYER
  5
EA3
330
1
100
AcDbSymbolTableRecord
100
AcDbLayerTableRecord
  2
SHEET_BORDER
 70
0
 62
7
  6
Continuous
370
-3
390
13
347
21
  0
LAYER
  5
EA4
330
1
100
AcDbSymbolTableRecord
100
AcDbLayerTableRecord
  2
TITLE_BLOCK
 70
0
 62
7
  6
Continuous
370
-3
390
13
347
21
  0
LAYER
  5
EA5
330
1
100
AcDbSymbolTableRecord
100
AcDbLayerTableRecord
  2
PS_NORTH_ARROW
 70
0
 62
7
  6
Continuous
370
-3
390
13
347
21
  0
LAYER
  5
EA6
330
1
100
AcDbSymbolTableRecord
100
AcDbLayerTableRecord
  2
PS_SCALE_BAR
 70
0
 62
7
  6
Continuous
370
-3
390
13
347
21
  0
ENDTAB
  0
TABLE
  2
STYLE
  5
5
330
0
100
AcDbSymbolTable
 70
1
  0
STYLE
  5
29
330
5
100
AcDbSymbolTableRecord
100
AcDbTextStyleTableRecord
  2
Standard
 70
0
 40
0.0
 41
1.0
 50
0.0
 71
0
 42
2.5
  3
txt
  4

  0
ENDTAB
  0
TABLE
  2
VIEW
  5
7
330
0
100
AcDbSymbolTable
 70
0
  0
ENDTAB
  0
TABLE
  2
UCS
  5
6
330
0
100
AcDbSymbolTable
 70
0
  0
ENDTAB
  0
TABLE
  2
APPID
  5
3
330
0
100
AcDbSymbolTable
 70
3
  0
APPID
  5
2A
330
3
100
AcDbSymbolTableRecord
100
AcDbRegAppTableRecord
  2
ACAD
 70
0
  0
APPID
  5
EA0
330
3
100
AcDbSymbolTableRecord
100
AcDbRegAppTableRecord
  2
HATCHBACKGROUNDCOLOR
 70
0
  0
APPID
  5
EA1
330
3
100
AcDbSymbolTableRecord
100
AcDbRegAppTableRecord
  2
EZDXF
 70
0
  0
ENDTAB
  0
TABLE
  2
DIMSTYLE
  5
4
330
0
100
AcDbSymbolTable
 70
1
100
AcDbDimStyleTable
  0
DIMSTYLE
105
2B
330
4
100
AcDbSymbolTableRecord
100
AcDbDimStyleTableRecord
  2
Standard
 70
0
 40
1.0
 41
2.5
 42
0.625
 43
3.75
 44
1.25
 45
0.0
 46
0.0
 47
0.0
 48
0.0
 49
2.5
140
2.5
141
2.5
142
0.0
143
0.03937007874
144
1.0
145
0.0
146
1.0
147
0.625
148
0.0
 69
0
 70
0
 71
0
 72
0
 73
0
 74
0
 75
0
 76
0
 77
1
 78
8
 79
3
170
0
171
3
172
1
173
0
174
0
175
0
176
0
177
0
178
0
179
2
271
2
272
2
273
2
274
3
275
0
276
0
277
2
278
44
279
0
280
0
281
0
282
0
283
0
284
8
285
0
286
0
288
0
289
3
290
0
371
-2
372
-2
  0
ENDTAB
  0
TABLE
  2
BLOCK_RECORD
  5
9
330
0
100
AcDbSymbolTable
 70
5
  0
BLOCK_RECORD
  5
17
330
9
100
AcDbSymbolTableRecord
100
AcDbBlockTableRecord
  2
*Model_Space
340
1A
 70
0
280
1
281
0
  0
BLOCK_RECORD
  5
1B
330
9
100
AcDbSymbolTableRecord
100
AcDbBlockTableRecord
  2
*Paper_Space
340
1E
 70
0
280
1
281
0
  0
BLOCK_RECORD
  5
EEF
330
9
100
AcDbSymbolTableRecord
100
AcDbBlockTableRecord
  2
*Paper_Space0
340
EF2
 70
0
280
1
281
0
  0
BLOCK_RECORD
  5
F08
330
9
100
AcDbSymbolTableRecord
100
AcDbBlockTableRecord
  2
*Paper_Space1
340
F0D
 70
0
280
1
281
0
  0
BLOCK_RECORD
  5
F22
330
9
100
AcDbSymbolTableRecord
100
AcDbBlockTableRecord
  2
*Paper_Space2
340
F25
 70
0
280
1
281
0
  0
ENDTAB
  0
ENDSEC
  0
SECTION
  2
BLOCKS
  0
BLOCK
  5
18
330
17
100
AcDbEntity
  8
0
100
AcDbBlockBegin
  2
*Model_Space
 70
0
 10
0.0
 20
0.0
 30
0.0
  3
*Model_Space
  1

  0
ENDBLK
  5
19
330
17
100
AcDbEntity
  8
0
100
AcDbBlockEnd
  0
BLOCK
  5
1C
330
1B
100
AcDbEntity
  8
0
100
AcDbBlockBegin
  2
*Paper_Space
 70
0
 10
0.0
 20
0.0
 30
0.0
  3
*Paper_Space
  1

  0
ENDBLK
  5
1D
330
1B
100
AcDbEntity
  8
0
100
AcDbBlockEnd
  0
BLOCK
  5
EF0
330
EEF
100
AcDbEntity
  8
0
100
AcDbBlockBegin
  2
*Paper_Space0
 70
0
 10
0.0
 20
0.0
 30
0.0
  3
*Paper_Space0
  1

  0
VIEWPORT
  5
EF3
330
EEF
100
AcDbEntity
 67
1
  8
VIEWPORTS
100
AcDbViewport
 10
17.5
 20
11.499999999999998
 30
0.0
 40
39.6
 41
26.4
 68
1
 69
1
 12
17.5
 22
11.499999999999998
 13
0.0
 23
0.0
 14
10.0
 24
10.0
 15
10.0
 25
10.0
 16
0.0
 26
0.0
 36
1.0
 17
0.0
 27
0.0
 37
0.0
 42
50.0
 43
0.0
 44
0.0
 45
26.4
 50
0.0
 51
0.0
 72
100
 90
557088
  1

281
0
 71
0
 74
0
110
0.0
120
0.0
130
0.0
111
1.0
121
0.0
131
0.0
112
0.0
122
1.0
132
0.0
 79
0
146
0.0
282
0
  0
LWPOLYLINE
  5
EF4
330
EEF
100
AcDbEntity
 67
1
  8
SHEET_BORDER
100
AcDbPolyline
 90
5
 70
1
 10
0.0
 20
0.0
 10
36.0
 20
0.0
 10
36.0
 20
24.0
 10
0.0
 20
24.0
 10
0.0
 20
0.0
  0
LWPOLYLINE
  5
EF5
330
EEF
100
AcDbEntity
 67
1
  8
TITLE_BLOCK
100
AcDbPolyline
 90
5
 70
1
 10
31.0
 20
0.0
 10
36.0
 20
0.0
 10
36.0
 20
24.0
 10
31.0
 20
24.0
 10
31.0
 20
0.0
  0
TEXT
  5
EF6
330
EEF
100
AcDbEntity
 67
1
  8
TITLE_BLOCK
100
AcDbText
 10
33.5
 20
12.0
 30
0.0
 40
0.2
  1
TITLE BLOCK
 72
1
 11
33.5
 21
12.0
 31
0.0
100
AcDbText
 73
2
  0
TEXT
  5
EF7
330
EEF
100
AcDbEntity
 67
1
  8
TITLE_BLOCK
100
AcDbText
 10
33.5
 20
11.6
 30
0.0
 40
0.12
  1
(drop your block here)
 72
1
 11
33.5
 21
11.6
 31
0.0
100
AcDbText
 73
2
  0
VIEWPORT
  5
EF8
330
EEF
100
AcDbEntity
 67
1
  8
VIEWPORTS
100
AcDbViewport
 10
15.5
 20
12.0
 30
0.0
 40
30.0
 41
23.0
 68
1
 69
3
 12
3137568.6474488364
 22
319658.3831582331
 13
0.0
 23
0.0
 14
10.0
 24
10.0
 15
10.0
 25
10.0
 16
0.0
 26
0.0
 36
1.0
 17
0.0
 27
0.0
 37
0.0
 42
50.0
 43
0.0
 44
0.0
 45
920.0
 50
0.0
 51
0.0
 72
100
 90
0
  1

281
0
 71
0
 74
0
110
0.0
120
0.0
130
0.0
111
1.0
121
0.0
131
0.0
112
0.0
122
1.0
132
0.0
 79
0
146
0.0
282
0
  0
LINE
  5
EF9
330
EEF
100
AcDbEntity
 67
1
  8
PS_NORTH_ARROW
100
AcDbLine
 10
29.0
 20
21.6
 30
0.0
 11
29.0
 21
22.4
 31
0.0
  0
LINE
  5
EFA
330
EEF
100
AcDbEntity
 67
1
  8
PS_NORTH_ARROW
100
AcDbLine
 10
29.0
 20
22.4
 30
0.0
 11
28.85
 21
22.16
 31
0.0
  0
LINE
  5
EFB
330
EEF
100
AcDbEntity
 67
1
  8
PS_NORTH_ARROW
100
AcDbLine
 10
29.0
 20
22.4
 30
0.0
 11
29.15
 21
22.16
 31
0.0
  0
TEXT
  5
EFC
330
EEF
100
AcDbEntity
 67
1
  8
PS_NORTH_ARROW
100
AcDbText
 10
29.0
 20
22.599999999999998
 30
0.0
 40
0.18
  1
N
 72
1
 11
29.0
 21
22.599999999999998
 31
0.0
100
AcDbText
 73
2
  0
SOLID
  5
EFD
330
EEF
100
AcDbEntity
 67
1
  8
PS_SCALE_BAR
100
AcDbTrace
 10
0.8
 20
0.9
 30
0.0
 11
1.425
 21
0.9
 31
0.0
 12
0.8
 22
1.02
 32
0.0
 13
1.425
 23
1.02
 33
0.0
  0
LWPOLYLINE
  5
EFE
330
EEF
100
AcDbEntity
 67
1
  8
PS_SCALE_BAR
100
AcDbPolyline
 90
5
 70
1
 10
1.425
 20
0.9
 10
2.05
 20
0.9
 10
2.05
 20
1.02
 10
1.425
 20
1.02
 10
1.425
 20
0.9
  0
SOLID
  5
EFF
330
EEF
100
AcDbEntity
 67
1
  8
PS_SCALE_BAR
100
AcDbTrace
 10
2.05
 20
0.9
 30
0.0
 11
2.675
 21
0.9
 31
0.0
 12
2.05
 22
1.02
 32
0.0
 13
2.675
 23
1.02
 33
0.0
  0
LWPOLYLINE
  5
F00
330
EEF
100
AcDbEntity
 67
1
  8
PS_SCALE_BAR
100
AcDbPolyline
 90
5
 70
1
 10
2.675
 20
0.9
 10
3.3
 20
0.9
 10
3.3
 20
1.02
 10
2.675
 20
1.02
 10
2.675
 20
0.9
  0
TEXT
  5
F01
330
EEF
100
AcDbEntity
 67
1
  8
PS_SCALE_BAR
100
AcDbText
 10
0.8
 20
0.72
 30
0.0
 40
0.1
  1
0
 72
1
 11
0.8
 21
0.72
 31
0.0
100
AcDbText
 73
2
  0
TEXT
  5
F02
330
EEF
100
AcDbEntity
 67
1
  8
PS_SCALE_BAR
100
AcDbText
 10
1.425
 20
0.72
 30
0.0
 40
0.1
  1
25
 72
1
 11
1.425
 21
0.72
 31
0.0
100
AcDbText
 73
2
  0
TEXT
  5
F03
330
EEF
100
AcDbEntity
 67
1
  8
PS_SCALE_BAR
100
AcDbText
 10
2.05
 20
0.72
 30
0.0
 40
0.1
  1
50
 72
1
 11
2.05
 21
0.72
 31
0.0
100
AcDbText
 73
2
  0
TEXT
  5
F04
330
EEF
100
AcDbEntity
 67
1
  8
PS_SCALE_BAR
100
AcDbText
 10
2.675
 20
0.72
 30
0.0
 40
0.1
  1
75
 72
1
 11
2.675
 21
0.72
 31
0.0
100
AcDbText
 73
2
  0
TEXT
  5
F05
330
EEF
100
AcDbEntity
 67
1
  8
PS_SCALE_BAR
100
AcDbText
 10
3.3
 20
0.72
 30
0.0
 40
0.1
  1
100
 72
1
 11
3.3
 21
0.72
 31
0.0
100
AcDbText
 73
2
  0
TEXT
  5
F06
330
EEF
100
AcDbEntity
 67
1
  8
PS_SCALE_BAR
100
AcDbText
 10
0.8
 20
0.4
 30
0.0
 40
0.14
  1
SCALE: 1" = 40 ft
 11
0.8
 21
0.4
 31
0.0
100
AcDbText
  0
ENDBLK
  5
EF1
330
EEF
100
AcDbEntity
  8
0
100
AcDbBlockEnd
  0
BLOCK
  5
F09
330
F08
100
AcDbEntity
  8
0
100
AcDbBlockBegin
  2
*Paper_Space1
 70
0
 10
0.0
 20
0.0
 30
0.0
  3
*Paper_Space1
  1

  0
VIEWPORT
  5
F0E
330
F08
100
AcDbEntity
 67
1
  8
VIEWPORTS
100
AcDbViewport
 10
17.5
 20
11.499999999999998
 30
0.0
 40
39.6
 41
26.4
 68
1
 69
1
 12
17.5
 22
11.499999999999998
 13
0.0
 23
0.0
 14
10.0
 24
10.0
 15
10.0
 25
10.0
 16
0.0
 26
0.0
 36
1.0
 17
0.0
 27
0.0
 37
0.0
 42
50.0
 43
0.0
 44
0.0
 45
26.4
 50
0.0
 51
0.0
 72
100
 90
557088
  1

281
0
 71
0
 74
0
110
0.0
120
0.0
130
0.0
111
1.0
121
0.0
131
0.0
112
0.0
122
1.0
132
0.0
 79
0
146
0.0
282
0
  0
LWPOLYLINE
  5
F0F
330
F08
100
AcDbEntity
 67
1
  8
SHEET_BORDER
100
AcDbPolyline
 90
5
 70
1
 10
0.0
 20
0.0
 10
36.0
 20
0.0
 10
36.0
 20
24.0
 10
0.0
 20
24.0
 10
0.0
 20
0.0
  0
LWPOLYLINE
  5
F10
330
F08
100
AcDbEntity
 67
1
  8
TITLE_BLOCK
100
AcDbPolyline
 90
5
 70
1
 10
31.0
 20
0.0
 10
36.0
 20
0.0
 10
36.0
 20
24.0
 10
31.0
 20
24.0
 10
31.0
 20
0.0
  0
TEXT
  5
F11
330
F08
100
AcDbEntity
 67
1
  8
TITLE_BLOCK
100
AcDbText
 10
33.5
 20
12.0
 30
0.0
 40
0.2
  1
TITLE BLOCK
 72
1
 11
33.5
 21
12.0
 31
0.0
100
AcDbText
 73
2
  0
TEXT
  5
F12
330
F08
100
AcDbEntity
 67
1
  8
TITLE_BLOCK
100
AcDbText
 10
33.5
 20
11.6
 30
0.0
 40
0.12
  1
(drop your block here)
 72
1
 11
33.5
 21
11.6
 31
0.0
100
AcDbText
 73
2
  0
VIEWPORT
  5
F13
330
F08
100
AcDbEntity
 67
1
  8
VIEWPORTS
100
AcDbViewport
 10
15.5
 20
12.0
 30
0.0
 40
30.0
 41
23.0
 68
1
 69
3
 12
3137568.6474488364
 22
319658.3831582331
 13
0.0
 23
0.0
 14
10.0
 24
10.0
 15
10.0
 25
10.0
 16
0.0
 26
0.0
 36
1.0
 17
0.0
 27
0.0
 37
0.0
 42
50.0
 43
0.0
 44
0.0
 45
2300.0
 50
0.0
 51
0.0
 72
100
 90
0
  1

281
0
 71
0
 74
0
110
0.0
120
0.0
130
0.0
111
1.0
121
0.0
131
0.0
112
0.0
122
1.0
132
0.0
 79
0
146
0.0
282
0
  0
LINE
  5
F14
330
F08
100
AcDbEntity
 67
1
  8
PS_NORTH_ARROW
100
AcDbLine
 10
29.0
 20
21.6
 30
0.0
 11
29.0
 21
22.4
 31
0.0
  0
LINE
  5
F15
330
F08
100
AcDbEntity
 67
1
  8
PS_NORTH_ARROW
100
AcDbLine
 10
29.0
 20
22.4
 30
0.0
 11
28.85
 21
22.16
 31
0.0
  0
LINE
  5
F16
330
F08
100
AcDbEntity
 67
1
  8
PS_NORTH_ARROW
100
AcDbLine
 10
29.0
 20
22.4
 30
0.0
 11
29.15
 21
22.16
 31
0.0
  0
TEXT
  5
F17
330
F08
100
AcDbEntity
 67
1
  8
PS_NORTH_ARROW
100
AcDbText
 10
29.0
 20
22.599999999999998
 30
0.0
 40
0.18
  1
N
 72
1
 11
29.0
 21
22.599999999999998
 31
0.0
100
AcDbText
 73
2
  0
SOLID
  5
F18
330
F08
100
AcDbEntity
 67
1
  8
PS_SCALE_BAR
100
AcDbTrace
 10
0.8
 20
0.9
 30
0.0
 11
1.8
 21
0.9
 31
0.0
 12
0.8
 22
1.02
 32
0.0
 13
1.8
 23
1.02
 33
0.0
  0
LWPOLYLINE
  5
F19
330
F08
100
AcDbEntity
 67
1
  8
PS_SCALE_BAR
100
AcDbPolyline
 90
5
 70
1
 10
1.8
 20
0.9
 10
2.8
 20
0.9
 10
2.8
 20
1.02
 10
1.8
 20
1.02
 10
1.8
 20
0.9
  0
SOLID
  5
F1A
330
F08
100
AcDbEntity
 67
1
  8
PS_SCALE_BAR
100
AcDbTrace
 10
2.8
 20
0.9
 30
0.0
 11
3.8
 21
0.9
 31
0.0
 12
2.8
 22
1.02
 32
0.0
 13
3.8
 23
1.02
 33
0.0
  0
LWPOLYLINE
  5
F1B
330
F08
100
AcDbEntity
 67
1
  8
PS_SCALE_BAR
100
AcDbPolyline
 90
5
 70
1
 10
3.8
 20
0.9
 10
4.8
 20
0.9
 10
4.8
 20
1.02
 10
3.8
 20
1.02
 10
3.8
 20
0.9
  0
TEXT
  5
F1C
330
F08
100
AcDbEntity
 67
1
  8
PS_SCALE_BAR
100
AcDbText
 10
0.8
 20
0.72
 30
0.0
 40
0.1
  1
0
 72
1
 11
0.8
 21
0.72
 31
0.0
100
AcDbText
 73
2
  0
TEXT
  5
F1D
330
F08
100
AcDbEntity
 67
1
  8
PS_SCALE_BAR
100
AcDbText
 10
1.8
 20
0.72
 30
0.0
 40
0.1
  1
100
 72
1
 11
1.8
 21
0.72
 31
0.0
100
AcDbText
 73
2
  0
TEXT
  5
F1E
330
F08
100
AcDbEntity
 67
1
  8
PS_SCALE_BAR
100
AcDbText
 10
2.8
 20
0.72
 30
0.0
 40
0.1
  1
200
 72
1
 11
2.8
 21
0.72
 31
0.0
100
AcDbText
 73
2
  0
TEXT
  5
F1F
330
F08
100
AcDbEntity
 67
1
  8
PS_SCALE_BAR
100
AcDbText
 10
3.8
 20
0.72
 30
0.0
 40
0.1
  1
300
 72
1
 11
3.8
 21
0.72
 31
0.0
100
AcDbText
 73
2
  0
TEXT
  5
F20
330
F08
100
AcDbEntity
 67
1
  8
PS_SCALE_BAR
100
AcDbText
 10
4.8
 20
0.72
 30
0.0
 40
0.1
  1
400
 72
1
 11
4.8
 21
0.72
 31
0.0
100
AcDbText
 73
2
  0
TEXT
  5
F21
330
F08
100
AcDbEntity
 67
1
  8
PS_SCALE_BAR
100
AcDbText
 10
0.8
 20
0.4
 30
0.0
 40
0.14
  1
SCALE: 1" = 100 ft
 11
0.8
 21
0.4
 31
0.0
100
AcDbText
  0
ENDBLK
  5
F0C
330
F08
100
AcDbEntity
  8
0
100
AcDbBlockEnd
  0
BLOCK
  5
F23
330
F22
100
AcDbEntity
  8
0
100
AcDbBlockBegin
  2
*Paper_Space2
 70
0
 10
0.0
 20
0.0
 30
0.0
  3
*Paper_Space2
  1

  0
VIEWPORT
  5
F26
330
F22
100
AcDbEntity
 67
1
  8
VIEWPORTS
100
AcDbViewport
 10
17.5
 20
11.499999999999998
 30
0.0
 40
39.6
 41
26.4
 68
1
 69
1
 12
17.5
 22
11.499999999999998
 13
0.0
 23
0.0
 14
10.0
 24
10.0
 15
10.0
 25
10.0
 16
0.0
 26
0.0
 36
1.0
 17
0.0
 27
0.0
 37
0.0
 42
50.0
 43
0.0
 44
0.0
 45
26.4
 50
0.0
 51
0.0
 72
100
 90
557088
  1

281
0
 71
0
 74
0
110
0.0
120
0.0
130
0.0
111
1.0
121
0.0
131
0.0
112
0.0
122
1.0
132
0.0
 79
0
146
0.0
282
0
  0
LWPOLYLINE
  5
F27
330
F22
100
AcDbEntity
 67
1
  8
SHEET_BORDER
100
AcDbPolyline
 90
5
 70
1
 10
0.0
 20
0.0
 10
36.0
 20
0.0
 10
36.0
 20
24.0
 10
0.0
 20
24.0
 10
0.0
 20
0.0
  0
LWPOLYLINE
  5
F28
330
F22
100
AcDbEntity
 67
1
  8
TITLE_BLOCK
100
AcDbPolyline
 90
5
 70
1
 10
31.0
 20
0.0
 10
36.0
 20
0.0
 10
36.0
 20
24.0
 10
31.0
 20
24.0
 10
31.0
 20
0.0
  0
TEXT
  5
F29
330
F22
100
AcDbEntity
 67
1
  8
TITLE_BLOCK
100
AcDbText
 10
33.5
 20
12.0
 30
0.0
 40
0.2
  1
TITLE BLOCK
 72
1
 11
33.5
 21
12.0
 31
0.0
100
AcDbText
 73
2
  0
TEXT
  5
F2A
330
F22
100
AcDbEntity
 67
1
  8
TITLE_BLOCK
100
AcDbText
 10
33.5
 20
11.6
 30
0.0
 40
0.12
  1
(drop your block here)
 72
1
 11
33.5
 21
11.6
 31
0.0
100
AcDbText
 73
2
  0
VIEWPORT
  5
F2B
330
F22
100
AcDbEntity
 67
1
  8
VIEWPORTS
100
AcDbViewport
 10
15.5
 20
12.0
 30
0.0
 40
30.0
 41
23.0
 68
1
 69
3
 12
3137568.6474488364
 22
319658.3831582331
 13
0.0
 23
0.0
 14
10.0
 24
10.0
 15
10.0
 25
10.0
 16
0.0
 26
0.0
 36
1.0
 17
0.0
 27
0.0
 37
0.0
 42
50.0
 43
0.0
 44
0.0
 45
69000.0
 50
0.0
 51
0.0
 72
100
331
30
331
31
331
32
331
38
331
36
331
37
331
34
331
F0A
331
F07
331
3D
331
57
331
50
331
4E
331
4F
 90
0
  1

281
0
 71
0
 74
0
110
0.0
120
0.0
130
0.0
111
1.0
121
0.0
131
0.0
112
0.0
122
1.0
132
0.0
 79
0
146
0.0
282
0
  0
LINE
  5
F2C
330
F22
100
AcDbEntity
 67
1
  8
PS_NORTH_ARROW
100
AcDbLine
 10
29.0
 20
21.6
 30
0.0
 11
29.0
 21
22.4
 31
0.0
  0
LINE
  5
F2D
330
F22
100
AcDbEntity
 67
1
  8
PS_NORTH_ARROW
100
AcDbLine
 10
29.0
 20
22.4
 30
0.0
 11
28.85
 21
22.16
 31
0.0
  0
LINE
  5
F2E
330
F22
100
AcDbEntity
 67
1
  8
PS_NORTH_ARROW
100
AcDbLine
 10
29.0
 20
22.4
 30
0.0
 11
29.15
 21
22.16
 31
0.0
  0
TEXT
  5
F2F
330
F22
100
AcDbEntity
 67
1
  8
PS_NORTH_ARROW
100
AcDbText
 10
29.0
 20
22.599999999999998
 30
0.0
 40
0.18
  1
N
 72
1
 11
29.0
 21
22.599999999999998
 31
0.0
100
AcDbText
 73
2
  0
SOLID
  5
F30
330
F22
100
AcDbEntity
 67
1
  8
PS_SCALE_BAR
100
AcDbTrace
 10
0.8
 20
0.9
 30
0.0
 11
0.8333333333333334
 21
0.9
 31
0.0
 12
0.8
 22
1.02
 32
0.0
 13
0.8333333333333334
 23
1.02
 33
0.0
  0
LWPOLYLINE
  5
F31
330
F22
100
AcDbEntity
 67
1
  8
PS_SCALE_BAR
100
AcDbPolyline
 90
5
 70
1
 10
0.8333333333333334
 20
0.9
 10
0.8666666666666667
 20
0.9
 10
0.8666666666666667
 20
1.02
 10
0.8333333333333334
 20
1.02
 10
0.8333333333333334
 20
0.9
  0
SOLID
  5
F32
330
F22
100
AcDbEntity
 67
1
  8
PS_SCALE_BAR
100
AcDbTrace
 10
0.8666666666666667
 20
0.9
 30
0.0
 11
0.9
 21
0.9
 31
0.0
 12
0.8666666666666667
 22
1.02
 32
0.0
 13
0.9
 23
1.02
 33
0.0
  0
LWPOLYLINE
  5
F33
330
F22
100
AcDbEntity
 67
1
  8
PS_SCALE_BAR
100
AcDbPolyline
 90
5
 70
1
 10
0.9
 20
0.9
 10
0.9333333333333333
 20
0.9
 10
0.9333333333333333
 20
1.02
 10
0.9
 20
1.02
 10
0.9
 20
0.9
  0
TEXT
  5
F34
330
F22
100
AcDbEntity
 67
1
  8
PS_SCALE_BAR
100
AcDbText
 10
0.8
 20
0.72
 30
0.0
 40
0.1
  1
0
 72
1
 11
0.8
 21
0.72
 31
0.0
100
AcDbText
 73
2
  0
TEXT
  5
F35
330
F22
100
AcDbEntity
 67
1
  8
PS_SCALE_BAR
100
AcDbText
 10
0.8333333333333334
 20
0.72
 30
0.0
 40
0.1
  1
100
 72
1
 11
0.8333333333333334
 21
0.72
 31
0.0
100
AcDbText
 73
2
  0
TEXT
  5
F36
330
F22
100
AcDbEntity
 67
1
  8
PS_SCALE_BAR
100
AcDbText
 10
0.8666666666666667
 20
0.72
 30
0.0
 40
0.1
  1
200
 72
1
 11
0.8666666666666667
 21
0.72
 31
0.0
100
AcDbText
 73
2
  0
TEXT
  5
F37
330
F22
100
AcDbEntity
 67
1
  8
PS_SCALE_BAR
100
AcDbText
 10
0.9
 20
0.72
 30
0.0
 40
0.1
  1
300
 72
1
 11
0.9
 21
0.72
 31
0.0
100
AcDbText
 73
2
  0
TEXT
  5
F38
330
F22
100
AcDbEntity
 67
1
  8
PS_SCALE_BAR
100
AcDbText
 10
0.9333333333333333
 20
0.72
 30
0.0
 40
0.1
  1
400
 72
1
 11
0.9333333333333333
 21
0.72
 31
0.0
100
AcDbText
 73
2
  0
TEXT
  5
F39
330
F22
100
AcDbEntity
 67
1
  8
PS_SCALE_BAR
100
AcDbText
 10
0.8
 20
0.4
 30
0.0
 40
0.14
  1
SCALE: 1" = 3000 ft
 11
0.8
 21
0.4
 31
0.0
100
AcDbText
  0
ENDBLK
  5
F24
330
F22
100
AcDbEntity
  8
0
100
AcDbBlockEnd
  0
ENDSEC
  0
SECTION
  2
ENTITIES
  0
LWPOLYLINE
  5
100
330
17
100
AcDbEntity
  8
CONTOUR_MAJOR
100
AcDbPolyline
 90
92
 70
0
 38
5.0
 10
3138915.7649
 20
321578.3832
 10
3138913.2916
 20
321518.3832
 10
3138914.4563
 20
321458.3832
 10
3138920.6518
 20
321398.3832
 10
3138926.6493
 20
321338.3832
 10
3138938.0537
 20
321278.3832
 10
3138948.6474
 20
321239.0788
 10
3138961.4661
 20
321218.3832
 10
3138975.1086
 20
321158.3832
 10
3138983.2273
 20
321098.3832
 10
3138985.461
 20
321038.3832
 10
3138983.9878
 20
320978.3832
 10
3138964.1531
 20
320918.3832
 10
3138948.6474
 20
320894.8604
 10
3138939.37
 20
320858.3832
 10
3138914.1145
 20
320798.3832
 10
3138888.6474
 20
320768.2368
 10
3138860.6169
 20
320738.3832
 10
3138828.6474
 20
320708.8486
 10
3138780.217
 20
320678.3832
 10
3138768.6474
 20
320668.0632
 10
3138713.4474
 20
320618.3832
 10
3138708.6474
 20
320605.6021
 10
3138697.471
 20
320558.3832
 10
3138706.3005
 20
320498.3832
 10
3138708.6474
 20
320490.1197
 10
3138727.9763
 20
320438.3832
 10
3138748.8914
 20
320378.3832
 10
3138764.5403
 20
320318.3832
 10
3138768.6474
 20
320299.2165
 10
3138782.1337
 20
320258.3832
 10
3138796.7197
 20
320198.3832
 10
3138812.2285
 20
320138.3832
 10
3138828.6474
 20
320083.7764
 10
3138831.0178
 20
320078.3832
 10
3138858.9621
 20
320018.3832
 10
3138874.7554
 20
319958.3832
 10
3138884.7118
 20
319898.3832
 10
3138888.6474
 20
319868.0974
 10
3138895.2159
 20
319838.3832
 10
3138904.8272
 20
319778.3832
 10
3138900.8609
 20
319718.3832
 10
3138897.6662
 20
319658.3832
 10
3138895.6474
 20
319598.3832
 10
3138888.6474
 20
319573.12
 10
3138883.2313
 20
319538.3832
 10
3138882.1565
 20
319478.3832
 10
3138881.1142
 20
319418.3832
 10
3138875.6929
 20
319358.3832
 10
3138885.204
 20
319298.3832
 10
3138888.6474
 20
319281.8832
 10
3138902.1708
 20
319238.3832
 10
3138948.6474
 20
319202.3591
 10
3138979.904
 20
319178.3832
 10
3139008.6474
 20
319172.6405
 10
3139068.6474
 20
319158.8518
 10
3139127.6951
 20
319118.3832
 10
3139128.6474
 20
319117.9251
 10
3139188.6474
 20
319090.9255
 10
3139227.619
 20
319058.3832
 10
3139248.6474
 20
319045.9112
 10
3139307.1075
 20
318998.3832
 10
3139308.6474
 20
318996.9156
 10
3139358.7441
 20
318938.3832
 10
3139368.6474
 20
318922.6944
 10
3139406.2042
 20
318878.3832
 10
3139428.6474
 20
318843.7832
 10
3139451.2252
 20
318818.3832
 10
3139477.8338
 20
318758.3832
 10
3139486.0247
 20
318698.3832
 10
3139485.6807
 20
318638.3832
 10
3139477.6227
 20
318578.3832
 10
3139462.735
 20
318518.3832
 10
3139429.3025
 20
318458.3832
 10
3139428.6474
 20
318457.406
 10
3139400.067
 20
318398.3832
 10
3139368.6474
 20
318357.647
 10
3139355.4357
 20
318338.3832
 10
3139308.6474
 20
318285.0924
 10
3139302.3506
 20
318278.3832
 10
3139248.6474
 20
318234.7002
 10
3139219.4335
 20
318218.3832
 10
3139188.6474
 20
318196.1083
 10
3139128.6474
 20
318160.6306
 10
3139126.1537
 20
318158.3832
 10
3139084.971
 20
318098.3832
 10
3139068.6474
 20
318074.7032
 10
3139053.1526
 20
318038.3832
 10
3139029.4424
 20
317978.3832
 10
3139008.6474
 20
317938.137
 10
3139002.384
 20
317918.3832
 10
3138985.6267
 20
317858.3832
  0
LWPOLYLINE
  5
101
330
17
100
AcDbEntity
  8
CONTOUR_INDEX
100
AcDbPolyline
 90
9
 70
0
 38
10.0
 10
3137129.8974
 20
321998.3832
 10
3137091.4512
 20
321938.3832
 10
3137088.6474
 20
321936.608
 10
3137028.6474
 20
321903.744
 10
3136970.076
 20
321878.3832
 10
3136968.6474
 20
321877.5498
 10
3136908.6474
 20
321827.1332
 10
3136848.6474
 20
321850.6909
 10
3136802.1958
 20
321878.3832
  0
LWPOLYLINE
  5
102
330
17
100
AcDbEntity
  8
CONTOUR_INDEX
100
AcDbPolyline
 90
2
 70
0
 38
10.0
 10
3136464.6474
 20
321758.3832
 10
3136428.6474
 20
321739.4358
  0
LWPOLYLINE
  5
103
330
17
100
AcDbEntity
  8
CONTOUR_INDEX
100
AcDbPolyline
 90
2
 70
0
 38
10.0
 10
3136338.6474
 20
321698.3832
 10
3136308.6474
 20
321677.0272
  0
LWPOLYLINE
  5
104
330
17
100
AcDbEntity
  8
CONTOUR_INDEX
100
AcDbPolyline
 90
93
 70
0
 38
10.0
 10
3138883.2871
 20
321578.3832
 10
3138881.1856
 20
321518.3832
 10
3138882.4001
 20
321458.3832
 10
3138888.4465
 20
321398.3832
 10
3138888.6474
 20
321396.6882
 10
3138898.3741
 20
321338.3832
 10
3138914.6162
 20
321278.3832
 10
3138934.1332
 20
321218.3832
 10
3138942.6299
 20
321158.3832
 10
3138948.208
 20
321098.3832
 10
3138948.6474
 20
321084.4546
 10
3138951.5627
 20
321038.3832
 10
3138948.6474
 20
321010.6412
 10
3138947.0293
 20
320978.3832
 10
3138935.9531
 20
320918.3832
 10
3138917.6937
 20
320858.3832
 10
3138888.6474
 20
320811.6933
 10
3138881.2155
 20
320798.3832
 10
3138828.6474
 20
320744.4151
 10
3138821.1968
 20
320738.3832
 10
3138768.6474
 20
320695.1783
 10
3138743.9064
 20
320678.3832
 10
3138708.6474
 20
320644.7968
 10
3138680.7237
 20
320618.3832
 10
3138655.4542
 20
320558.3832
 10
3138655.2801
 20
320498.3832
 10
3138674.9566
 20
320438.3832
 10
3138699.8911
 20
320378.3832
 10
3138708.6474
 20
320349.7525
 10
3138719.8974
 20
320318.3832
 10
3138735.0541
 20
320258.3832
 10
3138746.1158
 20
320198.3832
 10
3138763.0474
 20
320138.3832
 10
3138768.6474
 20
320126.684
 10
3138791.0795
 20
320078.3832
 10
3138814.7047
 20
320018.3832
 10
3138828.6474
 20
319968.1451
 10
3138832.1418
 20
319958.3832
 10
3138847.5831
 20
319898.3832
 10
3138858.7476
 20
319838.3832
 10
3138866.3742
 20
319778.3832
 10
3138865.9401
 20
319718.3832
 10
3138862.9674
 20
319658.3832
 10
3138861.3524
 20
319598.3832
 10
3138848.0613
 20
319538.3832
 10
3138840.5476
 20
319478.3832
 10
3138836.8011
 20
319418.3832
 10
3138828.6474
 20
319387.3719
 10
3138819.4332
 20
319358.3832
 10
3138828.6474
 20
319318.0707
 10
3138833.0301
 20
319298.3832
 10
3138851.8819
 20
319238.3832
 10
3138888.6474
 20
319200.4932
 10
3138915.3264
 20
319178.3832
 10
3138948.6474
 20
319170.0759
 10
3139008.6474
 20
319156.9501
 10
3139068.6474
 20
319133.7472
 10
3139091.065
 20
319118.3832
 10
3139128.6474
 20
319100.3092
 10
3139187.6557
 20
319058.3832
 10
3139188.6474
 20
319057.7943
 10
3139248.6474
 20
319021.8342
 10
3139277.4925
 20
318998.3832
 10
3139308.6474
 20
318968.6936
 10
3139334.5895
 20
318938.3832
 10
3139368.6474
 20
318884.4291
 10
3139373.7718
 20
318878.3832
 10
3139419.0693
 20
318818.3832
 10
3139428.6474
 20
318800.4705
 10
3139455.0201
 20
318758.3832
 10
3139465.8499
 20
318698.3832
 10
3139463.5404
 20
318638.3832
 10
3139451.1209
 20
318578.3832
 10
3139428.6474
 20
318522.7158
 10
3139426.4376
 20
318518.3832
 10
3139393.9917
 20
318458.3832
 10
3139368.6474
 20
318417.402
 10
3139353.3747
 20
318398.3832
 10
3139313.3599
 20
318338.3832
 10
3139308.6474
 20
318333.0157
 10
3139257.3731
 20
318278.3832
 10
3139248.6474
 20
318271.2856
 10
3139188.6474
 20
318237.1997
 10
3139162.7094
 20
318218.3832
 10
3139128.6474
 20
318194.6828
 10
3139088.3704
 20
318158.3832
 10
3139068.6474
 20
318132.8367
 10
3139046.6703
 20
318098.3832
 10
3139019.0229
 20
318038.3832
 10
3139008.6474
 20
318017.3693
 10
3138993.0242
 20
317978.3832
 10
3138973.1157
 20
317918.3832
 10
3138949.0859
 20
317858.3832
  0
LWPOLYLINE
  5
105
330
17
100
AcDbEntity
  8
CONTOUR_INDEX
100
AcDbPolyline
 90
11
 70
0
 38
10.0
 10
3135228.6474
 20
320029.9216
 10
3135275.3141
 20
320078.3832
 10
3135288.6474
 20
320085.7301
 10
3135348.6474
 20
320115.4966
 10
3135376.1284
 20
320078.3832
 10
3135398.2127
 20
320018.3832
 10
3135372.8222
 20
319958.3832
 10
3135348.6474
 20
319935.9507
 10
3135288.6474
 20
319927.3305
 10
3135233.3349
 20
319958.3832
 10
3135228.6474
 20
319988.3832
  0
LWPOLYLINE
  5
106
330
17
100
AcDbEntity
  8
CONTOUR_INDEX
100
AcDbPolyline
 90
2
 70
0
 38
10.0
 10
3138922.0921
 20
317798.3832
 10
3138948.6474
 20
317857.5459
  0
LWPOLYLINE
  5
107
330
17
100
AcDbEntity
  8
CONTOUR_MAJOR
100
AcDbPolyline
 90
56
 70
0
 38
15.0
 10
3135528.6474
 20
320900.0158
 10
3135588.6474
 20
320908.7403
 10
3135648.6474
 20
320889.0389
 10
3135708.6474
 20
320884.7246
 10
3135768.6474
 20
320894.3832
 10
3135825.3866
 20
320918.3832
 10
3135828.6474
 20
320922.3305
 10
3135884.3337
 20
320978.3832
 10
3135888.6474
 20
321002.8276
 10
3135899.3141
 20
321038.3832
 10
3135888.6474
 20
321053.3832
 10
3135853.9487
 20
321098.3832
 10
3135865.0111
 20
321158.3832
 10
3135888.6474
 20
321172.6951
 10
3135948.6474
 20
321184.8948
 10
3136008.6474
 20
321184.1578
 10
3136068.6474
 20
321203.3193
 10
3136093.2308
 20
321218.3832
 10
3136128.6474
 20
321245.6559
 10
3136188.6474
 20
321269.4943
 10
3136235.3141
 20
321278.3832
 10
3136248.6474
 20
321283.3832
 10
3136260.9551
 20
321278.3832
 10
3136308.6474
 20
321267.815
 10
3136368.6474
 20
321245.6139
 10
3136428.6474
 20
321230.0905
 10
3136488.6474
 20
321250.0905
 10
3136548.6474
 20
321262.5748
 10
3136608.6474
 20
321256.8564
 10
3136668.6474
 20
321259.457
 10
3136728.6474
 20
321271.5477
 10
3136773.6474
 20
321278.3832
 10
3136788.6474
 20
321281.434
 10
3136821.9148
 20
321338.3832
 10
3136848.6474
 20
321355.6909
 10
3136893.6474
 20
321398.3832
 10
3136908.6474
 20
321419.526
 10
3136916.6948
 20
321458.3832
 10
3136939.7753
 20
321518.3832
 10
3136957.6474
 20
321578.3832
 10
3136955.456
 20
321638.3832
 10
3136968.6474
 20
321654.1459
 10
3137016.9808
 20
321698.3832
 10
3137028.6474
 20
321707.3193
 10
3137042.258
 20
321758.3832
 10
3137088.4588
 20
321818.3832
 10
3137088.6474
 20
321818.5612
 10
3137148.6474
 20
321858.8664
 10
3137208.6474
 20
321877.3228
 10
3137214.3617
 20
321878.3832
 10
3137268.6474
 20
321897.8703
 10
3137328.6474
 20
321907.9505
 10
3137388.6474
 20
321922.4406
 10
3137429.0111
 20
321938.3832
 10
3137448.6474
 20
321952.2293
 10
3137498.6474
 20
321998.3832
  0
LWPOLYLINE
  5
108
330
17
100
AcDbEntity
  8
CONTOUR_MAJOR
100
AcDbPolyline
 90
101
 70
0
 38
15.0
 10
3138860.7646
 20
321578.3832
 10
3138859.3674
 20
321518.3832
 10
3138861.4357
 20
321458.3832
 10
3138868.3527
 20
321398.3832
 10
3138876.0159
 20
321338.3832
 10
3138888.6474
 20
321286.8648
 10
3138891.1787
 20
321278.3832
 10
3138915.0855
 20
321218.3832
 10
3138925.0345
 20
321158.3832
 10
3138931.3066
 20
321098.3832
 10
3138934.039
 20
321038.3832
 10
3138930.8481
 20
320978.3832
 10
3138918.4195
 20
320918.3832
 10
3138896.0174
 20
320858.3832
 10
3138888.6474
 20
320846.5365
 10
3138861.7603
 20
320798.3832
 10
3138828.6474
 20
320764.3885
 10
3138796.5257
 20
320738.3832
 10
3138768.6474
 20
320715.4623
 10
3138714.0259
 20
320678.3832
 10
3138708.6474
 20
320673.2598
 10
3138650.6334
 20
320618.3832
 10
3138648.6474
 20
320614.0026
 10
3138625.7929
 20
320558.3832
 10
3138621.7402
 20
320498.3832
 10
3138634.9437
 20
320438.3832
 10
3138648.6474
 20
320404.6616
 10
3138661.82
 20
320378.3832
 10
3138683.8519
 20
320318.3832
 10
3138696.7765
 20
320258.3832
 10
3138704.8118
 20
320198.3832
 10
3138708.6474
 20
320184.1459
 10
3138723.0474
 20
320138.3832
 10
3138755.0199
 20
320078.3832
 10
3138768.6474
 20
320047.3537
 10
3138781.6651
 20
320018.3832
 10
3138800.4013
 20
319958.3832
 10
3138813.799
 20
319898.3832
 10
3138825.5913
 20
319838.3832
 10
3138828.6474
 20
319819.0411
 10
3138835.0917
 20
319778.3832
 10
3138837.3414
 20
319718.3832
 10
3138832.9674
 20
319658.3832
 10
3138830.6147
 20
319598.3832
 10
3138828.6474
 20
319590.8832
 10
3138814.806
 20
319538.3832
 10
3138803.388
 20
319478.3832
 10
3138796.1375
 20
319418.3832
 10
3138768.6474
 20
319362.588
 10
3138761.8053
 20
319358.3832
 10
3138708.6474
 20
319317.9832
 10
3138648.6474
 20
319327.5032
 10
3138599.8974
 20
319298.3832
 10
3138648.6474
 20
319262.2242
 10
3138708.6474
 20
319280.7784
 10
3138768.6474
 20
319291.8816
 10
3138801.4368
 20
319238.3832
 10
3138828.6474
 20
319217.5098
 10
3138866.6673
 20
319178.3832
 10
3138888.6474
 20
319171.1045
 10
3138948.6474
 20
319156.2764
 10
3139008.6474
 20
319141.2597
 10
3139056.0364
 20
319118.3832
 10
3139068.6474
 20
319113.1844
 10
3139128.6474
 20
319082.6932
 10
3139162.8623
 20
319058.3832
 10
3139188.6474
 20
319043.074
 10
3139248.138
 20
318998.3832
 10
3139248.6474
 20
318998.0002
 10
3139308.6474
 20
318940.4716
 10
3139310.4349
 20
318938.3832
 10
3139356.3375
 20
318878.3832
 10
3139368.6474
 20
318857.6101
 10
3139399.6014
 20
318818.3832
 10
3139428.6474
 20
318764.0628
 10
3139432.2064
 20
318758.3832
 10
3139445.675
 20
318698.3832
 10
3139441.4002
 20
318638.3832
 10
3139428.6474
 20
318590.9106
 10
3139422.9899
 20
318578.3832
 10
3139392.9555
 20
318518.3832
 10
3139368.6474
 20
318474.9101
 10
3139351.7149
 20
318458.3832
 10
3139308.6474
 20
318399.7202
 10
3139307.1188
 20
318398.3832
 10
3139257.515
 20
318338.3832
 10
3139248.6474
 20
318328.7582
 10
3139198.5853
 20
318278.3832
 10
3139188.6474
 20
318272.7027
 10
3139128.6474
 20
318236.6597
 10
3139111.3419
 20
318218.3832
 10
3139068.6474
 20
318181.7382
 10
3139049.3473
 20
318158.3832
 10
3139015.4529
 20
318098.3832
 10
3139008.6474
 20
318084.0724
 10
3138986.5053
 20
318038.3832
 10
3138965.3233
 20
317978.3832
 10
3138948.6474
 20
317931.2291
 10
3138943.5384
 20
317918.3832
 10
3138921.4797
 20
317858.3832
 10
3138890.7769
 20
317798.3832
  0
LWPOLYLINE
  5
109
330
17
100
AcDbEntity
  8
CONTOUR_MAJOR
100
AcDbPolyline
 90
5
 70
0
 38
15.0
 10
3136128.6474
 20
320912.3366
 10
3136115.6474
 20
320918.3832
 10
3136128.6474
 20
320928.7832
 10
3136154.6474
 20
320918.3832
 10
3136128.6474
 20
320912.3366
  0
LWPOLYLINE
  5
10A
330
17
100
AcDbEntity
  8
CONTOUR_MAJOR
100
AcDbPolyline
 90
48
 70
0
 38
15.0
 10
3135510.3141
 20
320798.3832
 10
3135528.6474
 20
320757.1332
 10
3135530.1512
 20
320738.3832
 10
3135529.8474
 20
320678.3832
 10
3135579.1909
 20
320618.3832
 10
3135558.7134
 20
320558.3832
 10
3135544.6352
 20
320498.3832
 10
3135542.9177
 20
320438.3832
 10
3135539.8733
 20
320378.3832
 10
3135528.6474
 20
320349.5434
 10
3135510.3358
 20
320318.3832
 10
3135468.6474
 20
320284.5045
 10
3135445.3533
 20
320258.3832
 10
3135425.4514
 20
320198.3832
 10
3135447.2397
 20
320138.3832
 10
3135468.6474
 20
320114.2848
 10
3135497.8474
 20
320078.3832
 10
3135490.0848
 20
320018.3832
 10
3135468.6474
 20
319969.5981
 10
3135462.8921
 20
319958.3832
 10
3135426.2578
 20
319898.3832
 10
3135408.6474
 20
319873.3647
 10
3135356.2718
 20
319838.3832
 10
3135387.674
 20
319778.3832
 10
3135408.6474
 20
319761.4546
 10
3135444.014
 20
319718.3832
 10
3135468.6474
 20
319687.0399
 10
3135528.6474
 20
319665.5777
 10
3135588.6474
 20
319664.924
 10
3135595.0804
 20
319658.3832
 10
3135613.602
 20
319598.3832
 10
3135636.1474
 20
319538.3832
 10
3135648.6474
 20
319516.3936
 10
3135660.0446
 20
319478.3832
 10
3135658.1988
 20
319418.3832
 10
3135648.7561
 20
319358.3832
 10
3135648.6474
 20
319358.1838
 10
3135588.6474
 20
319308.945
 10
3135569.5934
 20
319298.3832
 10
3135528.6474
 20
319280.2936
 10
3135468.6474
 20
319254.4579
 10
3135450.9155
 20
319238.3832
 10
3135417.8782
 20
319178.3832
 10
3135444.8812
 20
319118.3832
 10
3135415.6413
 20
319058.3832
 10
3135408.6474
 20
319053.1895
 10
3135355.6519
 20
318998.3832
 10
3135348.6474
 20
318991.7582
  0
LWPOLYLINE
  5
10B
330
17
100
AcDbEntity
  8
CONTOUR_INDEX
100
AcDbPolyline
 90
97
 70
0
 38
20.0
 10
3135348.6474
 20
318927.036
 10
3135362.8222
 20
318938.3832
 10
3135408.6474
 20
318980.6518
 10
3135426.3788
 20
318998.3832
 10
3135468.6474
 20
319029.9903
 10
3135528.6474
 20
319035.2302
 10
3135588.6474
 20
319037.0451
 10
3135616.8335
 20
319058.3832
 10
3135648.6474
 20
319097.6935
 10
3135662.2838
 20
319118.3832
 10
3135664.5552
 20
319178.3832
 10
3135652.7063
 20
319238.3832
 10
3135680.9925
 20
319298.3832
 10
3135703.104
 20
319358.3832
 10
3135701.6142
 20
319418.3832
 10
3135707.1404
 20
319478.3832
 10
3135695.3021
 20
319538.3832
 10
3135681.0474
 20
319598.3832
 10
3135659.8452
 20
319658.3832
 10
3135648.6474
 20
319673.4959
 10
3135605.0708
 20
319718.3832
 10
3135588.6474
 20
319735.2371
 10
3135528.6474
 20
319751.5175
 10
3135505.1692
 20
319778.3832
 10
3135526.8617
 20
319838.3832
 10
3135521.0612
 20
319898.3832
 10
3135528.6474
 20
319945.526
 10
3135530.6699
 20
319958.3832
 10
3135557.6397
 20
320018.3832
 10
3135570.5695
 20
320078.3832
 10
3135537.4115
 20
320138.3832
 10
3135528.6474
 20
320146.0302
 10
3135484.3321
 20
320198.3832
 10
3135528.6474
 20
320246.2755
 10
3135540.9762
 20
320258.3832
 10
3135586.3726
 20
320318.3832
 10
3135588.6474
 20
320325.3397
 10
3135611.24
 20
320378.3832
 10
3135598.9141
 20
320438.3832
 10
3135590.0459
 20
320498.3832
 10
3135601.0284
 20
320558.3832
 10
3135619.8395
 20
320618.3832
 10
3135646.1662
 20
320678.3832
 10
3135612.7779
 20
320738.3832
 10
3135643.3974
 20
320798.3832
 10
3135648.6474
 20
320802.1556
 10
3135708.6474
 20
320808.4658
 10
3135768.6474
 20
320814.7965
 10
3135828.6474
 20
320834.4215
 10
3135888.6474
 20
320849.0031
 10
3135948.6474
 20
320845.6815
 10
3136008.6474
 20
320835.5308
 10
3136068.6474
 20
320822.4229
 10
3136128.6474
 20
320809.9798
 10
3136188.6474
 20
320807.8781
 10
3136248.6474
 20
320825.1104
 10
3136308.6474
 20
320838.2013
 10
3136368.6474
 20
320847.2808
 10
3136428.6474
 20
320854.3832
 10
3136449.8782
 20
320858.3832
 10
3136488.6474
 20
320876.2555
 10
3136548.6474
 20
320888.8243
 10
3136608.6474
 20
320905.9178
 10
3136641.9808
 20
320918.3832
 10
3136668.6474
 20
320946.7296
 10
3136728.6474
 20
320974.733
 10
3136734.4306
 20
320978.3832
 10
3136788.6474
 20
321016.1983
 10
3136848.6474
 20
321034.731
 10
3136854.5908
 20
321038.3832
 10
3136904.2212
 20
321098.3832
 10
3136908.6474
 20
321104.1896
 10
3136928.97
 20
321158.3832
 10
3136937.7964
 20
321218.3832
 10
3136948.1253
 20
321278.3832
 10
3136952.6829
 20
321338.3832
 10
3136960.2831
 20
321398.3832
 10
3136968.6474
 20
321431.4714
 10
3136975.0238
 20
321458.3832
 10
3137024.7279
 20
321518.3832
 10
3137028.6474
 20
321522.5767
 10
3137068.2658
 20
321578.3832
 10
3137085.2152
 20
321638.3832
 10
3137079.9689
 20
321698.3832
 10
3137088.6474
 20
321726.639
 10
3137099.2288
 20
321758.3832
 10
3137148.6474
 20
321803.7568
 10
3137175.6869
 20
321818.3832
 10
3137208.6474
 20
321833.1402
 10
3137268.6474
 20
321848.069
 10
3137328.6474
 20
321857.1601
 10
3137388.6474
 20
321872.6719
 10
3137400.1908
 20
321878.3832
 10
3137448.6474
 20
321906.6795
 10
3137486.7483
 20
321938.3832
 10
3137508.6474
 20
321959.5293
 10
3137548.4128
 20
321998.3832
  0
LWPOLYLINE
  5
10C
330
17
100
AcDbEntity
  8
CONTOUR_INDEX
100
AcDbPolyline
 90
91
 70
0
 38
20.0
 10
3138838.242
 20
321578.3832
 10
3138837.5493
 20
321518.3832
 10
3138840.4713
 20
321458.3832
 10
3138848.259
 20
321398.3832
 10
3138856.7604
 20
321338.3832
 10
3138871.0884
 20
321278.3832
 10
3138888.6474
 20
321236.5707
 10
3138896.0379
 20
321218.3832
 10
3138907.4392
 20
321158.3832
 10
3138914.4052
 20
321098.3832
 10
3138918.0561
 20
321038.3832
 10
3138914.6669
 20
320978.3832
 10
3138900.8859
 20
320918.3832
 10
3138888.6474
 20
320887.5437
 10
3138878.4307
 20
320858.3832
 10
3138842.305
 20
320798.3832
 10
3138828.6474
 20
320784.3619
 10
3138771.8547
 20
320738.3832
 10
3138768.6474
 20
320735.7462
 10
3138708.6474
 20
320691.6019
 10
3138689.3685
 20
320678.3832
 10
3138648.6474
 20
320639.4034
 10
3138625.4713
 20
320618.3832
 10
3138598.5202
 20
320558.3832
 10
3138590.8124
 20
320498.3832
 10
3138604.0795
 20
320438.3832
 10
3138628.9881
 20
320378.3832
 10
3138648.6474
 20
320323.5787
 10
3138650.7027
 20
320318.3832
 10
3138664.5184
 20
320258.3832
 10
3138670.5653
 20
320198.3832
 10
3138685.0021
 20
320138.3832
 10
3138708.6474
 20
320102.6954
 10
3138722.7271
 20
320078.3832
 10
3138750.5399
 20
320018.3832
 10
3138768.6474
 20
319961.3926
 10
3138769.6321
 20
319958.3832
 10
3138783.4959
 20
319898.3832
 10
3138794.4063
 20
319838.3832
 10
3138802.3561
 20
319778.3832
 10
3138807.6414
 20
319718.3832
 10
3138802.0911
 20
319658.3832
 10
3138798.3562
 20
319598.3832
 10
3138783.9101
 20
319538.3832
 10
3138768.6474
 20
319480.4925
 10
3138767.5224
 20
319478.3832
 10
3138742.1517
 20
319418.3832
 10
3138708.6474
 20
319394.5775
 10
3138648.6474
 20
319397.5746
 10
3138588.6474
 20
319370.6559
 10
3138574.102
 20
319358.3832
 10
3138528.6474
 20
319311.5082
 10
3138511.6204
 20
319298.3832
 10
3138469.2004
 20
319238.3832
 10
3138528.6474
 20
319223.026
 10
3138588.6474
 20
319220.5319
 10
3138648.6474
 20
319221.2789
 10
3138708.6474
 20
319224.3157
 10
3138768.6474
 20
319222.1379
 10
3138823.6394
 20
319178.3832
 10
3138828.6474
 20
319176.7289
 10
3138888.6474
 20
319157.0529
 10
3138948.6474
 20
319142.477
 10
3139008.6474
 20
319125.5694
 10
3139023.5337
 20
319118.3832
 10
3139068.6474
 20
319099.7856
 10
3139128.6474
 20
319065.0772
 10
3139138.0689
 20
319058.3832
 10
3139188.6474
 20
319028.3537
 10
3139228.5429
 20
318998.3832
 10
3139248.6474
 20
318983.2727
 10
3139294.6666
 20
318938.3832
 10
3139308.6474
 20
318920.9553
 10
3139341.7176
 20
318878.3832
 10
3139368.6474
 20
318832.9391
 10
3139380.1335
 20
318818.3832
 10
3139409.7095
 20
318758.3832
 10
3139422.7828
 20
318698.3832
 10
3139410.1591
 20
318638.3832
 10
3139385.769
 20
318578.3832
 10
3139368.6474
 20
318540.781
 10
3139340.4
 20
318518.3832
 10
3139308.6474
 20
318487.8881
 10
3139261.5948
 20
318458.3832
 10
3139248.6474
 20
318447.9151
 10
3139188.6474
 20
318410.3832
 10
3139161.3747
 20
318398.3832
 10
3139128.6474
 20
318376.6382
 10
3139068.6474
 20
318338.3832
 10
3139067.4353
 20
318278.3832
 10
3139068.6474
 20
318338.3832
  0
LWPOLYLINE
  5
10D
330
17
100
AcDbEntity
  8
CONTOUR_INDEX
100
AcDbPolyline
 90
55
 70
0
 38
20.0
 10
3137808.6474
 20
318453.2984
 10
3137795.7164
 20
318458.3832
 10
3137748.6474
 20
318489.5832
 10
3137693.8648
 20
318518.3832
 10
3137688.6474
 20
318522.451
 10
3137630.7527
 20
318578.3832
 10
3137628.6474
 20
318582.3176
 10
3137602.3398
 20
318638.3832
 10
3137589.3371
 20
318698.3832
 10
3137575.9944
 20
318758.3832
 10
3137568.6474
 20
318780.8832
 10
3137548.9753
 20
318818.3832
 10
3137534.7765
 20
318878.3832
 10
3137542.6474
 20
318938.3832
 10
3137568.6474
 20
318984.2655
 10
3137575.9202
 20
318998.3832
 10
3137628.6474
 20
319048.0974
 10
3137640.2604
 20
319058.3832
 10
3137688.6474
 20
319100.6367
 10
3137707.7384
 20
319118.3832
 10
3137748.6474
 20
319165.7516
 10
3137768.6474
 20
319178.3832
 10
3137808.6474
 20
319207.1832
 10
3137868.6474
 20
319221.1104
 10
3137891.9128
 20
319238.3832
 10
3137928.6474
 20
319270.526
 10
3137953.4094
 20
319298.3832
 10
3137988.6474
 20
319321.5082
 10
3138048.6474
 20
319336.659
 10
3138099.6819
 20
319298.3832
 10
3138108.6474
 20
319291.2922
 10
3138168.6474
 20
319282.5937
 10
3138228.6474
 20
319264.6845
 10
3138252.0621
 20
319238.3832
 10
3138269.5565
 20
319178.3832
 10
3138228.6474
 20
319166.8447
 10
3138168.6474
 20
319143.6463
 10
3138151.5046
 20
319118.3832
 10
3138114.9889
 20
319058.3832
 10
3138108.6474
 20
319053.077
 10
3138074.2885
 20
318998.3832
 10
3138057.4521
 20
318938.3832
 10
3138051.9128
 20
318878.3832
 10
3138050.507
 20
318818.3832
 10
3138048.6474
 20
318800.2013
 10
3138039.3021
 20
318758.3832
 10
3138008.1532
 20
318698.3832
 10
3137990.8904
 20
318638.3832
 10
3137988.6474
 20
318624.8348
 10
3137978.5599
 20
318578.3832
 10
3137960.5623
 20
318518.3832
 10
3137935.0304
 20
318458.3832
 10
3137928.6474
 20
318448.4528
 10
3137868.6474
 20
318432.2962
 10
3137808.6474
 20
318453.2984
  0
LWPOLYLINE
  5
10E
330
17
100
AcDbEntity
  8
CONTOUR_INDEX
100
AcDbPolyline
 90
29
 70
0
 38
20.0
 10
3137208.6474
 20
318944.1524
 10
3137191.0004
 20
318938.3832
 10
3137148.6474
 20
318928.2423
 10
3137088.6474
 20
318919.7625
 10
3137028.6474
 20
318913.6773
 10
3136968.6474
 20
318910.6909
 10
3136920.6474
 20
318938.3832
 10
3136908.6474
 20
318949.2922
 10
3136894.0529
 20
318998.3832
 10
3136886.783
 20
319058.3832
 10
3136890.8508
 20
319118.3832
 10
3136908.6474
 20
319176.7165
 10
3136909.6152
 20
319178.3832
 10
3136959.2968
 20
319238.3832
 10
3136968.6474
 20
319245.1121
 10
3137028.6474
 20
319271.2133
 10
3137085.6966
 20
319238.3832
 10
3137088.6474
 20
319236.5832
 10
3137148.6474
 20
319196.42
 10
3137208.6474
 20
319183.8025
 10
3137268.6474
 20
319189.2342
 10
3137328.6474
 20
319225.6559
 10
3137386.4252
 20
319178.3832
 10
3137358.6474
 20
319118.3832
 10
3137351.1474
 20
319058.3832
 10
3137328.6474
 20
319023.5444
 10
3137309.1474
 20
318998.3832
 10
3137268.6474
 20
318967.2293
 10
3137208.6474
 20
318944.1524
  0
LWPOLYLINE
  5
10F
330
17
100
AcDbEntity
  8
CONTOUR_INDEX
100
AcDbPolyline
 90
12
 70
0
 38
20.0
 10
3139067.4353
 20
318278.3832
 10
3139042.7854
 20
318218.3832
 10
3139008.9705
 20
318158.3832
 10
3139008.6474
 20
318157.7756
 10
3138974.7946
 20
318098.3832
 10
3138954.692
 20
318038.3832
 10
3138948.6474
 20
318018.9954
 10
3138932.0641
 20
317978.3832
 10
3138912.3858
 20
317918.3832
 10
3138893.982
 20
317858.3832
 10
3138888.6474
 20
317848.0457
 10
3138846.7284
 20
317798.3832
  0
LWPOLYLINE
  5
110
330
17
100
AcDbEntity
  8
CONTOUR_INDEX
100
AcDbPolyline
 90
3
 70
0
 38
20.0
 10
3136128.6474
 20
317819.4943
 10
3136188.6474
 20
317851.219
 10
3136219.7001
 20
317798.3832
  0
LWPOLYLINE
  5
111
330
17
100
AcDbEntity
  8
CONTOUR_INDEX
100
AcDbPolyline
 90
2
 70
0
 38
20.0
 10
3136248.6474
 20
317751.2403
 10
3136265.9551
 20
317738.3832
  0
LWPOLYLINE
  5
112
330
17
100
AcDbEntity
  8
CONTOUR_INDEX
100
AcDbPolyline
 90
46
 70
0
 38
20.0
 10
3136308.6474
 20
317718.5617
 10
3136368.6474
 20
317737.2822
 10
3136374.6474
 20
317738.3832
 10
3136428.6474
 20
317745.5832
 10
3136454.9889
 20
317738.3832
 10
3136488.6474
 20
317727.7678
 10
3136548.6474
 20
317697.9484
 10
3136608.6474
 20
317708.6021
 10
3136652.9953
 20
317738.3832
 10
3136668.6474
 20
317747.9196
 10
3136728.6474
 20
317762.2
 10
3136788.6474
 20
317768.6054
 10
3136848.6474
 20
317764.9138
 10
3136908.6474
 20
317771.4714
 10
3136968.6474
 20
317765.3832
 10
3137028.6474
 20
317740.4102
 10
3137088.6474
 20
317755.6381
 10
3137148.6474
 20
317769.0215
 10
3137208.6474
 20
317765.4102
 10
3137268.6474
 20
317760.3344
 10
3137328.6474
 20
317797.1332
 10
3137388.6474
 20
317777.2403
 10
3137448.6474
 20
317746.5464
 10
3137482.4503
 20
317738.3832
 10
3137508.6474
 20
317725.7301
 10
3137568.6474
 20
317709.1149
 10
3137628.6474
 20
317683.2922
 10
3137640.3866
 20
317678.3832
 10
3137628.6474
 20
317664.537
 10
3137614.8013
 20
317618.3832
 10
3137622.697
 20
317558.3832
 10
3137628.6474
 20
317546.7703
 10
3137688.6474
 20
317507.8954
 10
3137748.6474
 20
317510.7361
 10
3137769.9632
 20
317558.3832
 10
3137806.5298
 20
317618.3832
 10
3137808.6474
 20
317624.1896
 10
3137850.6474
 20
317678.3832
 10
3137868.6474
 20
317680.3186
 10
3137882.2324
 20
317678.3832
 10
3137905.7063
 20
317618.3832
 10
3137921.1474
 20
317558.3832
 10
3137928.6474
 20
317542.0195
 10
3137941.6204
 20
317498.3832
 10
3137958.9505
 20
317438.3832
 10
3137964.1814
 20
317378.3832
  0
LWPOLYLINE
  5
113
330
17
100
AcDbEntity
  8
CONTOUR_INDEX
100
AcDbPolyline
 90
17
 70
0
 38
20.0
 10
3138196.2879
 20
317438.3832
 10
3138201.431
 20
317498.3832
 10
3138198.391
 20
317558.3832
 10
3138188.97
 20
317618.3832
 10
3138228.6474
 20
317676.9546
 10
3138288.6474
 20
317662.2856
 10
3138320.076
 20
317678.3832
 10
3138348.6474
 20
317682.7627
 10
3138408.6474
 20
317685.4778
 10
3138468.6474
 20
317690.6385
 10
3138528.6474
 20
317699.2342
 10
3138588.6474
 20
317705.8117
 10
3138648.6474
 20
317704.7832
 10
3138708.6474
 20
317725.0048
 10
3138746.7244
 20
317738.3832
 10
3138768.6474
 20
317741.5237
 10
3138828.6474
 20
317777.3727
  0
LWPOLYLINE
  5
114
330
17
100
AcDbEntity
  8
CONTOUR_INDEX
100
AcDbPolyline
 90
6
 70
0
 38
20.0
 10
3137742.3974
 20
317378.3832
 10
3137725.4896
 20
317438.3832
 10
3137748.6474
 20
317483.9004
 10
3137799.4167
 20
317438.3832
 10
3137808.6474
 20
317404.0974
 10
3137813.3843
 20
317378.3832
  0
LWPOLYLINE
  5
115
330
17
100
AcDbEntity
  8
CONTOUR_MAJOR
100
AcDbPolyline
 90
131
 70
0
 38
25.0
 10
3135348.6474
 20
318821.1383
 10
3135408.6474
 20
318826.8339
 10
3135437.2189
 20
318818.3832
 10
3135468.6474
 20
318810.3832
 10
3135528.6474
 20
318807.4372
 10
3135588.6474
 20
318807.4741
 10
3135648.6474
 20
318788.7128
 10
3135708.6474
 20
318812.2815
 10
3135718.1211
 20
318818.3832
 10
3135768.6474
 20
318878.3832
 10
3135768.6474
 20
318878.3832
 10
3135828.6474
 20
318894.7032
 10
3135888.6474
 20
318887.1423
 10
3135948.6474
 20
318880.8832
 10
3136008.6474
 20
318898.659
 10
3136064.0321
 20
318938.3832
 10
3136068.6474
 20
318944.2368
 10
3136107.5948
 20
318998.3832
 10
3136106.9668
 20
319058.3832
 10
3136084.5449
 20
319118.3832
 10
3136068.6474
 20
319149.9086
 10
3136051.5046
 20
319178.3832
 10
3136028.8974
 20
319238.3832
 10
3136008.6474
 20
319262.5623
 10
3135948.6474
 20
319261.1104
 10
3135924.0573
 20
319238.3832
 10
3135888.6474
 20
319219.9216
 10
3135828.6474
 20
319211.2494
 10
3135768.6474
 20
319232.0195
 10
3135764.3835
 20
319238.3832
 10
3135768.6474
 20
319262.3832
 10
3135778.7274
 20
319298.3832
 10
3135782.1168
 20
319358.3832
 10
3135768.6474
 20
319370.2751
 10
3135758.1356
 20
319418.3832
 10
3135764.6012
 20
319478.3832
 10
3135768.6474
 20
319519.5596
 10
3135774.6474
 20
319538.3832
 10
3135768.6474
 20
319584.0974
 10
3135767.6407
 20
319598.3832
 10
3135768.6474
 20
319608.728
 10
3135790.4656
 20
319658.3832
 10
3135828.6474
 20
319703.3832
 10
3135863.6474
 20
319718.3832
 10
3135888.6474
 20
319726.0755
 10
3135948.6474
 20
319761.3461
 10
3135971.6474
 20
319778.3832
 10
3135976.6909
 20
319838.3832
 10
3135992.858
 20
319898.3832
 10
3135993.9536
 20
319958.3832
 10
3135974.9889
 20
320018.3832
 10
3135962.9953
 20
320078.3832
 10
3135960.3548
 20
320138.3832
 10
3135971.9808
 20
320198.3832
 10
3135948.6474
 20
320227.6855
 10
3135899.7586
 20
320258.3832
 10
3135888.6474
 20
320263.0707
 10
3135882.2645
 20
320258.3832
 10
3135832.4772
 20
320198.3832
 10
3135828.6474
 20
320192.1763
 10
3135768.6474
 20
320143.3832
 10
3135763.1474
 20
320198.3832
 10
3135762.8874
 20
320258.3832
 10
3135762.0849
 20
320318.3832
 10
3135768.6474
 20
320333.12
 10
3135796.0943
 20
320378.3832
 10
3135811.8182
 20
320438.3832
 10
3135768.6474
 20
320450.144
 10
3135708.6474
 20
320441.4625
 10
3135648.6474
 20
320453.4127
 10
3135623.3422
 20
320498.3832
 10
3135623.7041
 20
320558.3832
 10
3135648.6474
 20
320612.0417
 10
3135651.4272
 20
320618.3832
 10
3135693.5098
 20
320678.3832
 10
3135708.6474
 20
320699.0945
 10
3135768.6474
 20
320723.6194
 10
3135828.6474
 20
320713.2881
 10
3135885.6661
 20
320678.3832
 10
3135888.6474
 20
320669.4943
 10
3135905.4896
 20
320678.3832
 10
3135948.6474
 20
320731.8614
 10
3135952.5948
 20
320738.3832
 10
3136008.6474
 20
320759.4723
 10
3136068.6474
 20
320760.7189
 10
3136128.6474
 20
320756.0302
 10
3136188.6474
 20
320752.7025
 10
3136248.6474
 20
320753.7991
 10
3136308.6474
 20
320757.0602
 10
3136368.6474
 20
320763.98
 10
3136428.6474
 20
320778.3456
 10
3136486.0668
 20
320798.3832
 10
3136488.6474
 20
320799.4132
 10
3136548.6474
 20
320823.907
 10
3136608.6474
 20
320840.6728
 10
3136668.6474
 20
320857.8711
 10
3136669.8931
 20
320858.3832
 10
3136728.6474
 20
320890.0623
 10
3136774.7873
 20
320918.3832
 10
3136788.6474
 20
320929.0874
 10
3136848.6474
 20
320966.0178
 10
3136863.8199
 20
320978.3832
 10
3136908.6474
 20
321016.0189
 10
3136937.9365
 20
321038.3832
 10
3136968.6474
 20
321072.7902
 10
3136995.4252
 20
321098.3832
 10
3137027.0822
 20
321158.3832
 10
3137018.8833
 20
321218.3832
 10
3137021.1119
 20
321278.3832
 10
3137015.7549
 20
321338.3832
 10
3137015.5224
 20
321398.3832
 10
3137027.2886
 20
321458.3832
 10
3137028.6474
 20
321459.9848
 10
3137075.4238
 20
321518.3832
 10
3137088.6474
 20
321536.0147
 10
3137115.5555
 20
321578.3832
 10
3137129.0173
 20
321638.3832
 10
3137130.4082
 20
321698.3832
 10
3137148.6474
 20
321740.9413
 10
3137159.3617
 20
321758.3832
 10
3137208.6474
 20
321788.9141
 10
3137268.6474
 20
321809.2673
 10
3137314.1133
 20
321818.3832
 10
3137328.6474
 20
321821.1889
 10
3137388.6474
 20
321841.2911
 10
3137448.6474
 20
321871.9174
 10
3137457.066
 20
321878.3832
 10
3137508.6474
 20
321922.7844
 10
3137522.6291
 20
321938.3832
 10
3137568.6474
 20
321983.7358
 10
3137587.3326
 20
321998.3832
  0
LWPOLYLINE
  5
116
330
17
100
AcDbEntity
  8
CONTOUR_MAJOR
100
AcDbPolyline
 90
185
 70
0
 38
25.0
 10
3138792.8649
 20
321638.3832
 10
3138803.9061
 20
321578.3832
 10
3138806.4752
 20
321518.3832
 10
3138813.2592
 20
321458.3832
 10
3138827.8053
 20
321398.3832
 10
3138828.6474
 20
321395.408
 10
3138837.505
 20
321338.3832
 10
3138851.4034
 20
321278.3832
 10
3138875.5238
 20
321218.3832
 10
3138888.6474
 20
321164.3832
 10
3138889.8439
 20
321158.3832
 10
3138897.5038
 20
321098.3832
 10
3138902.0731
 20
321038.3832
 10
3138898.4856
 20
320978.3832
 10
3138888.6474
 20
320938.2952
 10
3138883.7182
 20
320918.3832
 10
3138862.9509
 20
320858.3832
 10
3138828.6474
 20
320805.4953
 10
3138823.0071
 20
320798.3832
 10
3138768.6474
 20
320752.3329
 10
3138749.8163
 20
320738.3832
 10
3138708.6474
 20
320707.7222
 10
3138665.8575
 20
320678.3832
 10
3138648.6474
 20
320661.909
 10
3138600.6574
 20
320618.3832
 10
3138588.6474
 20
320592.5008
 10
3138573.4449
 20
320558.3832
 10
3138567.0363
 20
320498.3832
 10
3138575.0358
 20
320438.3832
 10
3138588.6474
 20
320402.7537
 10
3138598.928
 20
320378.3832
 10
3138619.2738
 20
320318.3832
 10
3138630.9059
 20
320258.3832
 10
3138635.0796
 20
320198.3832
 10
3138647.9518
 20
320138.3832
 10
3138648.6474
 20
320137.3914
 10
3138686.3255
 20
320078.3832
 10
3138708.6474
 20
320043.3521
 10
3138720.6594
 20
320018.3832
 10
3138737.4552
 20
319958.3832
 10
3138749.1321
 20
319898.3832
 10
3138760.7384
 20
319838.3832
 10
3138768.6474
 20
319784.0082
 10
3138769.2435
 20
319778.3832
 10
3138777.4603
 20
319718.3832
 10
3138771.0673
 20
319658.3832
 10
3138768.6474
 20
319629.1332
 10
3138760.3085
 20
319598.3832
 10
3138734.7635
 20
319538.3832
 10
3138708.6474
 20
319486.151
 10
3138648.6474
 20
319486.8207
 10
3138588.6474
 20
319484.5901
 10
3138566.1474
 20
319478.3832
 10
3138528.6474
 20
319465.2253
 10
3138512.858
 20
319478.3832
 10
3138468.6474
 20
319520.3832
 10
3138453.1302
 20
319538.3832
 10
3138408.6474
 20
319573.4852
 10
3138367.5239
 20
319598.3832
 10
3138348.6474
 20
319609.89
 10
3138331.5046
 20
319598.3832
 10
3138288.6474
 20
319541.6264
 10
3138287.058
 20
319538.3832
 10
3138228.6474
 20
319497.738
 10
3138168.6474
 20
319515.4532
 10
3138131.1474
 20
319538.3832
 10
3138108.6474
 20
319580.7361
 10
3138102.3094
 20
319598.3832
 10
3138070.0173
 20
319658.3832
 10
3138048.6474
 20
319671.2757
 10
3137988.6474
 20
319691.3832
 10
3137928.6474
 20
319712.8276
 10
3137868.6474
 20
319710.2879
 10
3137808.6474
 20
319715.8065
 10
3137804.1794
 20
319718.3832
 10
3137748.6474
 20
319748.732
 10
3137688.6474
 20
319776.565
 10
3137628.6474
 20
319771.579
 10
3137568.6474
 20
319761.442
 10
3137508.6474
 20
319741.2403
 10
3137481.2189
 20
319718.3832
 10
3137460.118
 20
319658.3832
 10
3137475.9202
 20
319598.3832
 10
3137508.6474
 20
319548.9714
 10
3137514.7838
 20
319538.3832
 10
3137544.2996
 20
319478.3832
 10
3137537.0685
 20
319418.3832
 10
3137508.6474
 20
319399.9741
 10
3137448.6474
 20
319393.12
 10
3137388.6474
 20
319403.2183
 10
3137328.6474
 20
319408.945
 10
3137268.6474
 20
319415.7458
 10
3137258.2127
 20
319418.3832
 10
3137208.6474
 20
319443.1658
 10
3137148.6474
 20
319451.3832
 10
3137088.6474
 20
319450.7361
 10
3137028.6474
 20
319435.4358
 10
3136994.1794
 20
319418.3832
 10
3136968.6474
 20
319408.7832
 10
3136908.6474
 20
319393.825
 10
3136848.6474
 20
319380.3832
 10
3136788.6474
 20
319361.4405
 10
3136784.1191
 20
319358.3832
 10
3136728.6474
 20
319308.5526
 10
3136721.194
 20
319298.3832
 10
3136671.8053
 20
319238.3832
 10
3136668.6474
 20
319235.5925
 10
3136608.6474
 20
319214.0082
 10
3136548.6474
 20
319217.9576
 10
3136488.6474
 20
319224.9926
 10
3136428.6474
 20
319218.4852
 10
3136368.6474
 20
319179.4875
 10
3136367.2941
 20
319178.3832
 10
3136308.6474
 20
319138.3832
 10
3136283.4862
 20
319118.3832
 10
3136248.6474
 20
319084.6332
 10
3136215.5766
 20
319058.3832
 10
3136191.6663
 20
318998.3832
 10
3136189.6819
 20
318938.3832
 10
3136188.6474
 20
318927.4741
 10
3136176.9083
 20
318878.3832
 10
3136128.6474
 20
318834.8537
 10
3136118.2771
 20
318818.3832
 10
3136128.6474
 20
318776.3832
 10
3136138.1211
 20
318758.3832
 10
3136188.6474
 20
318735.7949
 10
3136248.6474
 20
318737.8954
 10
3136308.6474
 20
318740.797
 10
3136353.3747
 20
318698.3832
 10
3136368.6474
 20
318687.4741
 10
3136428.6474
 20
318643.3147
 10
3136488.6474
 20
318644.7293
 10
3136548.6474
 20
318664.7625
 10
3136608.6474
 20
318681.738
 10
3136668.6474
 20
318676.2241
 10
3136728.6474
 20
318663.9151
 10
3136788.6474
 20
318658.1634
 10
3136840.076
 20
318638.3832
 10
3136848.6474
 20
318635.2418
 10
3136908.6474
 20
318616.7683
 10
3136968.6474
 20
318589.3588
 10
3136987.0148
 20
318578.3832
 10
3137028.6474
 20
318559.1379
 10
3137077.1868
 20
318518.3832
 10
3137088.6474
 20
318504.4106
 10
3137148.6474
 20
318466.9546
 10
3137162.69
 20
318458.3832
 10
3137208.6474
 20
318428.7941
 10
3137257.9808
 20
318398.3832
 10
3137268.6474
 20
318389.1524
 10
3137328.6474
 20
318346.1609
 10
3137339.4167
 20
318338.3832
 10
3137387.0258
 20
318278.3832
 10
3137388.6474
 20
318275.6559
 10
3137441.1474
 20
318218.3832
 10
3137397.2189
 20
318158.3832
 10
3137388.6474
 20
318156.8832
 10
3137328.6474
 20
318132.9594
 10
3137268.6474
 20
318125.0498
 10
3137208.6474
 20
318134.1083
 10
3137148.6474
 20
318153.3832
 10
3137088.6474
 20
318153.3832
 10
3137028.6474
 20
318138.3832
 10
3136968.6474
 20
318114.2322
 10
3136952.1769
 20
318098.3832
 10
3136908.6474
 20
318066.6689
 10
3136854.4009
 20
318038.3832
 10
3136848.6474
 20
318034.6663
 10
3136840.2474
 20
318038.3832
 10
3136788.6474
 20
318056.5522
 10
3136728.6474
 20
318096.7832
 10
3136668.6474
 20
318084.7749
 10
3136624.093
 20
318038.3832
 10
3136608.6474
 20
318016.7165
 10
3136548.6474
 20
318007.8377
 10
3136512.9028
 20
318038.3832
 10
3136488.6474
 20
318063.1658
 10
3136449.1353
 20
318098.3832
 10
3136428.6474
 20
318102.7131
 10
3136368.6474
 20
318108.2861
 10
3136308.6474
 20
318116.5082
 10
3136248.6474
 20
318136.9778
 10
3136188.6474
 20
318158.3832
 10
3136128.6474
 20
318178.3832
 10
3136188.6474
 20
318158.3832
  0
LWPOLYLINE
  5
117
330
17
100
AcDbEntity
  8
CONTOUR_MAJOR
100
AcDbPolyline
 90
119
 70
0
 38
25.0
 10
3138168.6474
 20
317745.0798
 10
3138108.6474
 20
317741.1628
 10
3138048.6474
 20
317742.369
 10
3137988.6474
 20
317743.2129
 10
3137928.6474
 20
317743.9182
 10
3137868.6474
 20
317743.9168
 10
3137808.6474
 20
317745.5896
 10
3137748.6474
 20
317749.753
 10
3137688.6474
 20
317757.1538
 10
3137628.6474
 20
317763.6897
 10
3137568.6474
 20
317768.9286
 10
3137508.6474
 20
317786.9842
 10
3137490.1081
 20
317798.3832
 10
3137448.6474
 20
317849.6332
 10
3137442.3317
 20
317858.3832
 10
3137448.6474
 20
317869.2922
 10
3137466.4776
 20
317918.3832
 10
3137508.6474
 20
317971.5974
 10
3137515.04
 20
317978.3832
 10
3137553.3932
 20
318038.3832
 10
3137568.6474
 20
318089.8117
 10
3137570.5108
 20
318098.3832
 10
3137568.6474
 20
318107.2067
 10
3137528.1823
 20
318158.3832
 10
3137508.6474
 20
318190.6909
 10
3137460.6474
 20
318218.3832
 10
3137508.6474
 20
318236.3832
 10
3137568.6474
 20
318257.2564
 10
3137628.6474
 20
318261.17
 10
3137688.6474
 20
318277.3053
 10
3137690.2264
 20
318278.3832
 10
3137748.6474
 20
318321.3509
 10
3137779.3451
 20
318338.3832
 10
3137808.6474
 20
318347.6479
 10
3137868.6474
 20
318364.4992
 10
3137928.6474
 20
318396.6642
 10
3137929.8317
 20
318398.3832
 10
3137968.6251
 20
318458.3832
 10
3137988.6474
 20
318498.4728
 10
3137994.8747
 20
318518.3832
 10
3138012.0
 20
318578.3832
 10
3138030.9438
 20
318638.3832
 10
3138048.6474
 20
318674.6127
 10
3138059.3354
 20
318698.3832
 10
3138078.6127
 20
318758.3832
 10
3138081.4987
 20
318818.3832
 10
3138077.423
 20
318878.3832
 10
3138086.6066
 20
318938.3832
 10
3138108.6474
 20
318975.5635
 10
3138120.4141
 20
318998.3832
 10
3138168.6474
 20
319044.7357
 10
3138189.1353
 20
319058.3832
 10
3138228.6474
 20
319091.5459
 10
3138288.6474
 20
319113.3102
 10
3138309.1893
 20
319118.3832
 10
3138348.6474
 20
319141.4004
 10
3138408.6474
 20
319159.7586
 10
3138468.6474
 20
319173.4108
 10
3138496.0388
 20
319178.3832
 10
3138528.6474
 20
319187.3117
 10
3138588.6474
 20
319195.7385
 10
3138648.6474
 20
319198.7733
 10
3138708.6474
 20
319197.6727
 10
3138768.6474
 20
319183.8238
 10
3138775.4853
 20
319178.3832
 10
3138828.6474
 20
319160.8222
 10
3138888.6474
 20
319143.0014
 10
3138948.6474
 20
319128.6775
 10
3138983.399
 20
319118.3832
 10
3139008.6474
 20
319111.6025
 10
3139068.6474
 20
319086.3867
 10
3139114.9205
 20
319058.3832
 10
3139128.6474
 20
319049.7919
 10
3139188.6474
 20
319013.6334
 10
3139208.9479
 20
318998.3832
 10
3139248.6474
 20
318968.5452
 10
3139279.5684
 20
318938.3832
 10
3139308.6474
 20
318902.1347
 10
3139327.0977
 20
318878.3832
 10
3139361.6983
 20
318818.3832
 10
3139368.6474
 20
318798.5444
 10
3139387.2712
 20
318758.3832
 10
3139385.1888
 20
318698.3832
 10
3139368.6474
 20
318644.2848
 10
3139349.7001
 20
318638.3832
 10
3139308.6474
 20
318618.8832
 10
3139248.6474
 20
318593.9253
 10
3139224.9777
 20
318578.3832
 10
3139188.6474
 20
318558.3832
 10
3139128.6474
 20
318527.5136
 10
3139113.2063
 20
318518.3832
 10
3139068.6474
 20
318489.2485
 10
3139030.8827
 20
318458.3832
 10
3139008.6474
 20
318409.2922
 10
3139006.3954
 20
318398.3832
 10
3138984.948
 20
318338.3832
 10
3138972.7179
 20
318278.3832
 10
3138956.3037
 20
318218.3832
 10
3138948.6474
 20
318192.1332
 10
3138941.4337
 20
318158.3832
 10
3138923.8458
 20
318098.3832
 10
3138903.8961
 20
318038.3832
 10
3138890.3974
 20
317978.3832
 10
3138888.6474
 20
317969.3832
 10
3138871.0178
 20
317918.3832
 10
3138845.5458
 20
317858.3832
 10
3138828.6474
 20
317837.6392
 10
3138768.6474
 20
317817.722
 10
3138708.6474
 20
317805.0055
 10
3138674.7699
 20
317798.3832
 10
3138648.6474
 20
317791.0268
 10
3138588.6474
 20
317778.8398
 10
3138528.6474
 20
317771.644
 10
3138468.6474
 20
317761.7124
 10
3138408.6474
 20
317755.5363
 10
3138348.6474
 20
317756.4714
 10
3138288.6474
 20
317756.368
 10
3138228.6474
 20
317753.966
 10
3138168.6474
 20
317745.0798
  0
LWPOLYLINE
  5
118
330
17
100
AcDbEntity
  8
CONTOUR_MAJOR
100
AcDbPolyline
 90
9
 70
0
 38
25.0
 10
3136008.6474
 20
317957.3021
 10
3136025.0685
 20
317978.3832
 10
3136024.9186
 20
318038.3832
 10
3136008.6474
 20
318088.9095
 10
3136005.3447
 20
318098.3832
 10
3135990.1859
 20
318158.3832
 10
3136008.6474
 20
318180.7087
 10
3136068.6474
 20
318194.6518
 10
3136128.6474
 20
318178.3832
  0
LWPOLYLINE
  5
119
330
17
100
AcDbEntity
  8
CONTOUR_INDEX
100
AcDbPolyline
 90
182
 70
0
 38
30.0
 10
3138725.2432
 20
321698.3832
 10
3138746.8526
 20
321638.3832
 10
3138761.0324
 20
321578.3832
 10
3138768.6474
 20
321521.5082
 10
3138769.022
 20
321518.3832
 10
3138777.9651
 20
321458.3832
 10
3138792.7176
 20
321398.3832
 10
3138810.1754
 20
321338.3832
 10
3138828.6474
 20
321291.8314
 10
3138831.7183
 20
321278.3832
 10
3138854.0799
 20
321218.3832
 10
3138868.3129
 20
321158.3832
 10
3138878.833
 20
321098.3832
 10
3138885.6679
 20
321038.3832
 10
3138881.7943
 20
320978.3832
 10
3138867.3961
 20
320918.3832
 10
3138847.471
 20
320858.3832
 10
3138828.6474
 20
320829.3617
 10
3138804.0796
 20
320798.3832
 10
3138768.6474
 20
320768.3671
 10
3138728.1713
 20
320738.3832
 10
3138708.6474
 20
320723.8426
 10
3138648.6474
 20
320683.6866
 10
3138639.0646
 20
320678.3832
 10
3138588.6474
 20
320634.4579
 10
3138572.6887
 20
320618.3832
 10
3138549.6165
 20
320558.3832
 10
3138543.7985
 20
320498.3832
 10
3138547.8126
 20
320438.3832
 10
3138565.035
 20
320378.3832
 10
3138587.6048
 20
320318.3832
 10
3138588.6474
 20
320312.6935
 10
3138595.9816
 20
320258.3832
 10
3138597.3912
 20
320198.3832
 10
3138604.4735
 20
320138.3832
 10
3138645.0294
 20
320078.3832
 10
3138648.6474
 20
320074.5736
 10
3138681.1742
 20
320018.3832
 10
3138701.3371
 20
319958.3832
 10
3138708.6474
 20
319919.6027
 10
3138710.8668
 20
319898.3832
 10
3138715.2838
 20
319838.3832
 10
3138708.6474
 20
319795.8589
 10
3138648.6474
 20
319779.9975
 10
3138588.6474
 20
319811.9701
 10
3138528.6474
 20
319801.1104
 10
3138468.6474
 20
319810.7236
 10
3138408.6474
 20
319822.2293
 10
3138348.6474
 20
319825.1917
 10
3138315.4332
 20
319838.3832
 10
3138288.6474
 20
319848.3832
 10
3138228.6474
 20
319863.1538
 10
3138168.6474
 20
319853.6213
 10
3138108.6474
 20
319847.5357
 10
3138048.6474
 20
319891.7832
 10
3138021.1474
 20
319898.3832
 10
3137988.6474
 20
319906.1059
 10
3137928.6474
 20
319950.6412
 10
3137880.2892
 20
319898.3832
 10
3137868.6474
 20
319891.3561
 10
3137863.076
 20
319898.3832
 10
3137825.8888
 20
319958.3832
 10
3137808.6474
 20
319971.776
 10
3137748.6474
 20
320003.9216
 10
3137688.6474
 20
320005.7804
 10
3137628.6474
 20
320003.3078
 10
3137568.6474
 20
320002.629
 10
3137508.6474
 20
320004.6332
 10
3137448.6474
 20
320003.5233
 10
3137388.6474
 20
319997.5381
 10
3137328.6474
 20
319988.8354
 10
3137268.6474
 20
319975.8967
 10
3137208.6474
 20
319966.2689
 10
3137148.6474
 20
319975.6658
 10
3137088.6474
 20
319981.5304
 10
3137036.2337
 20
319958.3832
 10
3137028.6474
 20
319940.5453
 10
3137005.7063
 20
319898.3832
 10
3137028.6474
 20
319877.8568
 10
3137061.2561
 20
319838.3832
 10
3137066.7724
 20
319778.3832
 10
3137028.6474
 20
319742.8492
 10
3136968.6474
 20
319736.644
 10
3136933.6474
 20
319718.3832
 10
3136908.6474
 20
319703.6291
 10
3136848.6474
 20
319678.3832
 10
3136840.3974
 20
319658.3832
 10
3136788.6474
 20
319606.6332
 10
3136785.6199
 20
319598.3832
 10
3136765.6883
 20
319538.3832
 10
3136728.6474
 20
319488.3142
 10
3136719.9728
 20
319478.3832
 10
3136668.6474
 20
319448.1704
 10
3136608.6474
 20
319436.8042
 10
3136548.6474
 20
319453.871
 10
3136489.5298
 20
319478.3832
 10
3136488.6474
 20
319480.0048
 10
3136464.9112
 20
319538.3832
 10
3136428.6474
 20
319569.5152
 10
3136368.6474
 20
319541.3832
 10
3136367.9578
 20
319538.3832
 10
3136368.6474
 20
319536.8832
 10
3136397.184
 20
319478.3832
 10
3136368.6474
 20
319441.8207
 10
3136308.6474
 20
319436.4477
 10
3136248.6474
 20
319462.873
 10
3136188.6474
 20
319473.3182
 10
3136165.7063
 20
319478.3832
 10
3136144.203
 20
319538.3832
 10
3136184.3101
 20
319598.3832
 10
3136132.0182
 20
319658.3832
 10
3136188.6474
 20
319683.3337
 10
3136248.6474
 20
319680.1414
 10
3136298.0092
 20
319718.3832
 10
3136299.6301
 20
319778.3832
 10
3136308.6474
 20
319812.2962
 10
3136313.7538
 20
319838.3832
 10
3136308.6474
 20
319852.1763
 10
3136289.413
 20
319898.3832
 10
3136283.4928
 20
319958.3832
 10
3136297.2961
 20
320018.3832
 10
3136308.6474
 20
320053.7103
 10
3136322.3974
 20
320078.3832
 10
3136351.4197
 20
320138.3832
 10
3136356.8887
 20
320198.3832
 10
3136350.2801
 20
320258.3832
 10
3136308.6474
 20
320317.2293
 10
3136307.526
 20
320318.3832
 10
3136252.9332
 20
320378.3832
 10
3136248.6474
 20
320393.3832
 10
3136234.6215
 20
320438.3832
 10
3136246.9332
 20
320498.3832
 10
3136248.6474
 20
320500.6054
 10
3136308.6474
 20
320505.8832
 10
3136323.1302
 20
320558.3832
 10
3136309.543
 20
320618.3832
 10
3136351.3872
 20
320678.3832
 10
3136368.6474
 20
320682.5416
 10
3136428.6474
 20
320705.7989
 10
3136477.8
 20
320738.3832
 10
3136488.6474
 20
320742.0473
 10
3136548.6474
 20
320771.4586
 10
3136605.9314
 20
320798.3832
 10
3136608.6474
 20
320799.2935
 10
3136668.6474
 20
320815.1968
 10
3136728.6474
 20
320838.9213
 10
3136756.058
 20
320858.3832
 10
3136788.6474
 20
320881.0811
 10
3136830.9066
 20
320918.3832
 10
3136848.6474
 20
320930.889
 10
3136906.9233
 20
320978.3832
 10
3136908.6474
 20
320979.8307
 10
3136968.6474
 20
321031.6699
 10
3136976.5993
 20
321038.3832
 10
3137028.6474
 20
321089.4696
 10
3137037.4375
 20
321098.3832
 10
3137064.7062
 20
321158.3832
 10
3137069.0537
 20
321218.3832
 10
3137088.6474
 20
321269.9881
 10
3137091.5493
 20
321278.3832
 10
3137088.9314
 20
321338.3832
 10
3137088.6474
 20
321340.4286
 10
3137077.7032
 20
321398.3832
 10
3137088.6474
 20
321451.5082
 10
3137089.7776
 20
321458.3832
 10
3137123.1215
 20
321518.3832
 10
3137148.6474
 20
321561.7432
 10
3137157.797
 20
321578.3832
 10
3137172.5061
 20
321638.3832
 10
3137184.0006
 20
321698.3832
 10
3137208.6474
 20
321733.6491
 10
3137236.326
 20
321758.3832
 10
3137268.6474
 20
321771.9074
 10
3137328.6474
 20
321785.7267
 10
3137388.6474
 20
321809.5307
 10
3137401.8827
 20
321818.3832
 10
3137448.6474
 20
321844.5201
 10
3137492.7378
 20
321878.3832
 10
3137508.6474
 20
321892.0781
 10
3137550.152
 20
321938.3832
 10
3137568.6474
 20
321956.611
 10
3137621.9346
 20
321998.3832
  0
LWPOLYLINE
  5
11A
330
17
100
AcDbEntity
  8
CONTOUR_INDEX
100
AcDbPolyline
 90
17
 70
0
 38
30.0
 10
3135708.6474
 20
320488.1188
 10
3135679.9518
 20
320498.3832
 10
3135648.6474
 20
320540.7361
 10
3135646.3799
 20
320558.3832
 10
3135648.6474
 20
320563.2612
 10
3135672.81
 20
320618.3832
 10
3135708.6474
 20
320661.2476
 10
3135742.0917
 20
320678.3832
 10
3135768.6474
 20
320694.0918
 10
3135803.3431
 20
320678.3832
 10
3135828.6474
 20
320640.3439
 10
3135841.5705
 20
320618.3832
 10
3135828.6474
 20
320596.2049
 10
3135812.7968
 20
320558.3832
 10
3135768.6474
 20
320517.9781
 10
3135726.5822
 20
320498.3832
 10
3135708.6474
 20
320488.1188
  0
LWPOLYLINE
  5
11B
330
17
100
AcDbEntity
  8
CONTOUR_INDEX
100
AcDbPolyline
 90
9
 70
0
 38
30.0
 10
3136728.6474
 20
319825.9216
 10
3136668.6474
 20
319795.0695
 10
3136630.72
 20
319838.3832
 10
3136654.6049
 20
319898.3832
 10
3136668.6474
 20
319915.6606
 10
3136728.6474
 20
319917.0195
 10
3136754.8177
 20
319898.3832
 10
3136744.8474
 20
319838.3832
 10
3136728.6474
 20
319825.9216
  0
LWPOLYLINE
  5
11C
330
17
100
AcDbEntity
  8
CONTOUR_INDEX
100
AcDbPolyline
 90
113
 70
0
 38
30.0
 10
3138408.6474
 20
317791.4214
 10
3138348.6474
 20
317793.2361
 10
3138288.6474
 20
317794.1514
 10
3138228.6474
 20
317784.6408
 10
3138168.6474
 20
317767.5517
 10
3138108.6474
 20
317761.0172
 10
3138048.6474
 20
317763.5704
 10
3137988.6474
 20
317766.4327
 10
3137928.6474
 20
317766.0584
 10
3137868.6474
 20
317763.6796
 10
3137808.6474
 20
317765.8326
 10
3137748.6474
 20
317772.5841
 10
3137688.6474
 20
317784.6767
 10
3137628.6474
 20
317795.4022
 10
3137608.7883
 20
317798.3832
 10
3137568.6474
 20
317802.5017
 10
3137508.6474
 20
317829.4589
 10
3137482.1188
 20
317858.3832
 10
3137508.6474
 20
317910.7389
 10
3137511.2886
 20
317918.3832
 10
3137568.6474
 20
317977.2578
 10
3137569.6942
 20
317978.3832
 10
3137628.6474
 20
318033.7368
 10
3137635.0871
 20
318038.3832
 10
3137688.6474
 20
318096.372
 10
3137690.5422
 20
318098.3832
 10
3137726.7396
 20
318158.3832
 10
3137748.6474
 20
318181.0362
 10
3137784.0668
 20
318218.3832
 10
3137808.6474
 20
318239.3749
 10
3137847.0214
 20
318278.3832
 10
3137868.6474
 20
318296.6023
 10
3137904.044
 20
318338.3832
 10
3137928.6474
 20
318355.7365
 10
3137958.0271
 20
318398.3832
 10
3137988.6474
 20
318442.1147
 10
3137994.7935
 20
318458.3832
 10
3138015.9125
 20
318518.3832
 10
3138040.9018
 20
318578.3832
 10
3138048.6474
 20
318597.8505
 10
3138065.6251
 20
318638.3832
 10
3138096.1904
 20
318698.3832
 10
3138108.6474
 20
318741.168
 10
3138110.7143
 20
318758.3832
 10
3138110.3705
 20
318818.3832
 10
3138108.6474
 20
318839.7625
 10
3138102.9332
 20
318878.3832
 10
3138108.6474
 20
318907.1011
 10
3138111.6243
 20
318938.3832
 10
3138145.7734
 20
318998.3832
 10
3138168.6474
 20
319020.3653
 10
3138225.7206
 20
319058.3832
 10
3138228.6474
 20
319060.8397
 10
3138288.6474
 20
319095.062
 10
3138348.6474
 20
319110.7605
 10
3138378.079
 20
319118.3832
 10
3138408.6474
 20
319131.8776
 10
3138468.6474
 20
319149.7328
 10
3138528.6474
 20
319162.4144
 10
3138588.6474
 20
319172.1933
 10
3138648.6474
 20
319176.449
 10
3138708.6474
 20
319172.6885
 10
3138768.6474
 20
319161.8514
 10
3138828.6474
 20
319144.9155
 10
3138888.6474
 20
319128.9499
 10
3138933.4983
 20
319118.3832
 10
3138948.6474
 20
319115.0234
 10
3139008.6474
 20
319099.0921
 10
3139068.6474
 20
319072.9879
 10
3139092.7803
 20
319058.3832
 10
3139128.6474
 20
319035.9351
 10
3139188.6474
 20
318998.9131
 10
3139189.3529
 20
318998.3832
 10
3139248.6474
 20
318953.8176
 10
3139264.4703
 20
318938.3832
 10
3139308.6474
 20
318883.3141
 10
3139312.4779
 20
318878.3832
 10
3139344.7491
 20
318818.3832
 10
3139361.1694
 20
318758.3832
 10
3139308.6474
 20
318710.8765
 10
3139248.6474
 20
318705.2821
 10
3139203.9858
 20
318698.3832
 10
3139188.6474
 20
318690.9106
 10
3139128.6474
 20
318658.1451
 10
3139090.3398
 20
318638.3832
 10
3139068.6474
 20
318625.3878
 10
3139008.6474
 20
318590.9342
 10
3138986.0786
 20
318578.3832
 10
3138948.6474
 20
318558.9546
 10
3138891.8474
 20
318518.3832
 10
3138888.6474
 20
318498.3832
 10
3138884.076
 20
318458.3832
 10
3138888.6474
 20
318452.7027
 10
3138919.8719
 20
318398.3832
 10
3138922.202
 20
318338.3832
 10
3138916.6402
 20
318278.3832
 10
3138903.0919
 20
318218.3832
 10
3138888.6474
 20
318171.2403
 10
3138884.5849
 20
318158.3832
 10
3138866.8202
 20
318098.3832
 10
3138846.9584
 20
318038.3832
 10
3138828.6474
 20
318002.2468
 10
3138817.8966
 20
317978.3832
 10
3138792.8814
 20
317918.3832
 10
3138768.6474
 20
317890.9384
 10
3138738.3835
 20
317858.3832
 10
3138708.6474
 20
317844.8991
 10
3138648.6474
 20
317822.6054
 10
3138588.6474
 20
317811.9056
 10
3138528.6474
 20
317806.2132
 10
3138468.6474
 20
317798.7451
 10
3138464.076
 20
317798.3832
 10
3138408.6474
 20
317791.4214
  0
LWPOLYLINE
  5
11D
330
17
100
AcDbEntity
  8
CONTOUR_INDEX
100
AcDbPolyline
 90
6
 70
0
 38
30.0
 10
3135528.6474
 20
318497.7582
 10
3135588.6474
 20
318484.565
 10
3135648.6474
 20
318461.2864
 10
3135661.5046
 20
318458.3832
 10
3135648.6474
 20
318451.9546
 10
3135630.5752
 20
318398.3832
  0
LWPOLYLINE
  5
11E
330
17
100
AcDbEntity
  8
CONTOUR_INDEX
100
AcDbPolyline
 90
5
 70
0
 38
30.0
 10
3135768.6474
 20
318444.1174
 10
3135723.3141
 20
318458.3832
 10
3135768.6474
 20
318496.8737
 10
3135816.0893
 20
318458.3832
 10
3135768.6474
 20
318444.1174
  0
LWPOLYLINE
  5
11F
330
17
100
AcDbEntity
  8
CONTOUR_INDEX
100
AcDbPolyline
 90
9
 70
0
 38
30.0
 10
3136368.6474
 20
318277.907
 10
3136368.1636
 20
318278.3832
 10
3136334.3617
 20
318338.3832
 10
3136342.4936
 20
318398.3832
 10
3136368.6474
 20
318406.5432
 10
3136377.2915
 20
318398.3832
 10
3136401.4896
 20
318338.3832
 10
3136369.4167
 20
318278.3832
 10
3136368.6474
 20
318277.907
  0
LWPOLYLINE
  5
120
330
17
100
AcDbEntity
  8
CONTOUR_MAJOR
100
AcDbPolyline
 90
144
 70
0
 38
35.0
 10
3138697.7173
 20
321698.3832
 10
3138706.8427
 20
321638.3832
 10
3138708.6474
 20
321620.6178
 10
3138719.1914
 20
321578.3832
 10
3138716.2665
 20
321518.3832
 10
3138720.9585
 20
321458.3832
 10
3138750.9739
 20
321398.3832
 10
3138768.6474
 20
321362.7013
 10
3138775.9679
 20
321338.3832
 10
3138796.8783
 20
321278.3832
 10
3138828.6474
 20
321229.2181
 10
3138832.636
 20
321218.3832
 10
3138846.4947
 20
321158.3832
 10
3138858.2145
 20
321098.3832
 10
3138867.046
 20
321038.3832
 10
3138864.3118
 20
320978.3832
 10
3138851.074
 20
320918.3832
 10
3138831.9911
 20
320858.3832
 10
3138828.6474
 20
320853.228
 10
3138785.1522
 20
320798.3832
 10
3138768.6474
 20
320784.4013
 10
3138708.6474
 20
320740.1468
 10
3138705.4896
 20
320738.3832
 10
3138648.6474
 20
320703.4755
 10
3138603.3078
 20
320678.3832
 10
3138588.6474
 20
320665.6106
 10
3138541.7609
 20
320618.3832
 10
3138528.6474
 20
320571.6185
 10
3138522.1726
 20
320558.3832
 10
3138510.9225
 20
320498.3832
 10
3138510.1474
 20
320438.3832
 10
3138528.6474
 20
320381.0928
 10
3138529.1498
 20
320378.3832
 10
3138540.2114
 20
320318.3832
 10
3138539.6805
 20
320258.3832
 10
3138530.9031
 20
320198.3832
 10
3138528.6474
 20
320183.3832
 10
3138489.517
 20
320138.3832
 10
3138468.6474
 20
320122.731
 10
3138408.6474
 20
320125.6559
 10
3138380.6474
 20
320138.3832
 10
3138348.6474
 20
320154.2073
 10
3138288.6474
 20
320171.8897
 10
3138231.9808
 20
320198.3832
 10
3138228.6474
 20
320200.3832
 10
3138184.0321
 20
320258.3832
 10
3138168.6474
 20
320269.2922
 10
3138108.6474
 20
320293.8117
 10
3138051.3141
 20
320318.3832
 10
3138048.6474
 20
320320.1223
 10
3137988.6474
 20
320338.0195
 10
3137928.6474
 20
320334.8832
 10
3137868.6474
 20
320336.644
 10
3137808.6474
 20
320320.7361
 10
3137796.0159
 20
320318.3832
 10
3137748.6474
 20
320306.5411
 10
3137688.6474
 20
320304.9
 10
3137628.6474
 20
320306.3832
 10
3137568.6474
 20
320299.0974
 10
3137508.6474
 20
320292.186
 10
3137448.6474
 20
320283.089
 10
3137388.6474
 20
320265.5473
 10
3137364.6474
 20
320258.3832
 10
3137328.6474
 20
320245.526
 10
3137268.6474
 20
320222.6385
 10
3137208.6474
 20
320232.2293
 10
3137187.8311
 20
320258.3832
 10
3137151.0964
 20
320318.3832
 10
3137148.6474
 20
320319.7315
 10
3137088.6474
 20
320344.5968
 10
3137038.6474
 20
320318.3832
 10
3137028.6474
 20
320301.5082
 10
3137016.326
 20
320258.3832
 10
3137028.6474
 20
320203.1832
 10
3137031.2561
 20
320198.3832
 10
3137028.6474
 20
320158.3832
 10
3137027.8682
 20
320138.3832
 10
3136977.5948
 20
320078.3832
 10
3136968.6474
 20
320073.3337
 10
3136908.6474
 20
320078.3832
 10
3136908.6474
 20
320078.3832
 10
3136870.3342
 20
320138.3832
 10
3136848.6474
 20
320182.2856
 10
3136804.6474
 20
320198.3832
 10
3136788.6474
 20
320201.6264
 10
3136782.9332
 20
320198.3832
 10
3136728.6474
 20
320164.8537
 10
3136681.279
 20
320138.3832
 10
3136668.6474
 20
320132.8659
 10
3136608.6474
 20
320084.9049
 10
3136548.6474
 20
320123.3832
 10
3136545.8843
 20
320138.3832
 10
3136548.6474
 20
320149.7345
 10
3136559.9682
 20
320198.3832
 10
3136548.6474
 20
320254.6332
 10
3136547.9538
 20
320258.3832
 10
3136519.4762
 20
320318.3832
 10
3136520.1229
 20
320378.3832
 10
3136547.3487
 20
320438.3832
 10
3136548.6474
 20
320443.0707
 10
3136563.8406
 20
320498.3832
 10
3136569.2581
 20
320558.3832
 10
3136571.8199
 20
320618.3832
 10
3136568.9864
 20
320678.3832
 10
3136599.2357
 20
320738.3832
 10
3136608.6474
 20
320742.92
 10
3136668.6474
 20
320765.208
 10
3136728.6474
 20
320793.4347
 10
3136733.338
 20
320798.3832
 10
3136788.6474
 20
320840.4129
 10
3136802.9811
 20
320858.3832
 10
3136848.6474
 20
320900.707
 10
3136863.9202
 20
320918.3832
 10
3136908.6474
 20
320958.1442
 10
3136929.5625
 20
320978.3832
 10
3136968.6474
 20
321012.598
 10
3136999.1896
 20
321038.3832
 10
3137028.6474
 20
321067.2967
 10
3137059.3034
 20
321098.3832
 10
3137088.6474
 20
321146.0281
 10
3137095.3184
 20
321158.3832
 10
3137104.0172
 20
321218.3832
 10
3137134.2236
 20
321278.3832
 10
3137136.25
 20
321338.3832
 10
3137124.4233
 20
321398.3832
 10
3137141.1474
 20
321458.3832
 10
3137148.6474
 20
321472.8865
 10
3137170.8805
 20
321518.3832
 10
3137201.7853
 20
321578.3832
 10
3137208.6474
 20
321606.0755
 10
3137217.886
 20
321638.3832
 10
3137243.3777
 20
321698.3832
 10
3137268.6474
 20
321721.7165
 10
3137328.6474
 20
321747.8113
 10
3137346.0079
 20
321758.3832
 10
3137388.6474
 20
321776.7438
 10
3137448.6474
 20
321816.9892
 10
3137450.3811
 20
321818.3832
 10
3137508.6474
 20
321862.5546
 10
3137525.1519
 20
321878.3832
 10
3137568.6474
 20
321927.3764
 10
3137578.9836
 20
321938.3832
 10
3137628.6474
 20
321978.0809
 10
3137661.1474
 20
321998.3832
  0
LWPOLYLINE
  5
121
330
17
100
AcDbEntity
  8
CONTOUR_MAJOR
100
AcDbPolyline
 90
9
 70
0
 38
35.0
 10
3135768.6474
 20
320555.9528
 10
3135708.6474
 20
320525.8479
 10
3135678.2527
 20
320558.3832
 10
3135694.1927
 20
320618.3832
 10
3135708.6474
 20
320635.6722
 10
3135768.6474
 20
320660.8769
 10
3135804.296
 20
320618.3832
 10
3135771.3031
 20
320558.3832
 10
3135768.6474
 20
320555.9528
  0
LWPOLYLINE
  5
122
330
17
100
AcDbEntity
  8
CONTOUR_MAJOR
100
AcDbPolyline
 90
111
 70
0
 38
35.0
 10
3138468.6474
 20
317821.3696
 10
3138408.6474
 20
317816.401
 10
3138348.6474
 20
317817.5796
 10
3138288.6474
 20
317817.9426
 10
3138228.6474
 20
317809.4232
 10
3138192.8033
 20
317798.3832
 10
3138168.6474
 20
317790.0236
 10
3138108.6474
 20
317780.8716
 10
3138048.6474
 20
317784.7719
 10
3137988.6474
 20
317789.6525
 10
3137928.6474
 20
317788.1987
 10
3137868.6474
 20
317783.4424
 10
3137808.6474
 20
317786.0755
 10
3137748.6474
 20
317795.4151
 10
3137736.3057
 20
317798.3832
 10
3137688.6474
 20
317804.5151
 10
3137628.6474
 20
317812.1243
 10
3137568.6474
 20
317824.178
 10
3137517.5243
 20
317858.3832
 10
3137536.2056
 20
317918.3832
 10
3137568.6474
 20
317951.6824
 10
3137593.4849
 20
317978.3832
 10
3137628.6474
 20
318011.3988
 10
3137666.0468
 20
318038.3832
 10
3137688.6474
 20
318062.8524
 10
3137722.1211
 20
318098.3832
 10
3137748.6474
 20
318129.5327
 10
3137772.3188
 20
318158.3832
 10
3137808.6474
 20
318195.311
 10
3137831.8392
 20
318218.3832
 10
3137868.6474
 20
318255.4217
 10
3137888.2382
 20
318278.3832
 10
3137928.6474
 20
318321.8473
 10
3137939.1969
 20
318338.3832
 10
3137986.2226
 20
318398.3832
 10
3137988.6474
 20
318401.8462
 10
3138010.0065
 20
318458.3832
 10
3138036.9504
 20
318518.3832
 10
3138048.6474
 20
318544.2838
 10
3138063.5659
 20
318578.3832
 10
3138096.0511
 20
318638.3832
 10
3138108.6474
 20
318661.4687
 10
3138117.4157
 20
318698.3832
 10
3138125.9119
 20
318758.3832
 10
3138124.2658
 20
318818.3832
 10
3138117.241
 20
318878.3832
 10
3138123.8244
 20
318938.3832
 10
3138168.6474
 20
318996.8243
 10
3138170.4239
 20
318998.3832
 10
3138228.6474
 20
319045.024
 10
3138257.2485
 20
319058.3832
 10
3138288.6474
 20
319076.8138
 10
3138348.6474
 20
319094.4028
 10
3138408.6474
 20
319110.1272
 10
3138445.5046
 20
319118.3832
 10
3138468.6474
 20
319126.0548
 10
3138528.6474
 20
319141.1227
 10
3138588.6474
 20
319151.5606
 10
3138648.6474
 20
319155.8729
 10
3138708.6474
 20
319152.0558
 10
3138768.6474
 20
319142.5835
 10
3138828.6474
 20
319129.0088
 10
3138872.4029
 20
319118.3832
 10
3138888.6474
 20
319114.4919
 10
3138948.6474
 20
319101.7959
 10
3139008.6474
 20
319086.5817
 10
3139068.6474
 20
319059.5891
 10
3139070.6401
 20
319058.3832
 10
3139128.6474
 20
319022.0783
 10
3139167.0169
 20
318998.3832
 10
3139188.6474
 20
318982.5105
 10
3139248.6474
 20
318939.0901
 10
3139249.3722
 20
318938.3832
 10
3139295.461
 20
318878.3832
 10
3139308.6474
 20
318854.6787
 10
3139327.8
 20
318818.3832
 10
3139317.1812
 20
318758.3832
 10
3139308.6474
 20
318750.6643
 10
3139248.6474
 20
318740.1253
 10
3139188.6474
 20
318734.6008
 10
3139128.6474
 20
318725.5143
 10
3139068.6474
 20
318718.4405
 10
3139008.6474
 20
318712.9589
 10
3138948.6474
 20
318699.7142
 10
3138945.8417
 20
318698.3832
 10
3138888.6474
 20
318655.9832
 10
3138873.6133
 20
318638.3832
 10
3138828.6474
 20
318587.3754
 10
3138824.9095
 20
318578.3832
 10
3138776.4949
 20
318518.3832
 10
3138768.6474
 20
318498.1015
 10
3138755.5919
 20
318458.3832
 10
3138768.6474
 20
318429.8983
 10
3138796.5046
 20
318398.3832
 10
3138827.0111
 20
318338.3832
 10
3138828.6474
 20
318334.5534
 10
3138844.6474
 20
318278.3832
 10
3138844.2996
 20
318218.3832
 10
3138832.5016
 20
318158.3832
 10
3138828.6474
 20
318143.9676
 10
3138814.3501
 20
318098.3832
 10
3138794.8851
 20
318038.3832
 10
3138768.6474
 20
317982.3972
 10
3138766.7877
 20
317978.3832
 10
3138733.7294
 20
317918.3832
 10
3138708.6474
 20
317892.2739
 10
3138666.8369
 20
317858.3832
 10
3138648.6474
 20
317850.3832
 10
3138588.6474
 20
317835.5463
 10
3138528.6474
 20
317828.975
 10
3138468.6474
 20
317821.3696
  0
LWPOLYLINE
  5
123
330
17
100
AcDbEntity
  8
CONTOUR_INDEX
100
AcDbPolyline
 90
50
 70
0
 38
40.0
 10
3137028.6474
 20
320558.3832
 10
3137088.6474
 20
320563.1559
 10
3137028.6474
 20
320558.3832
 10
3136968.6474
 20
320552.6
 10
3136908.6474
 20
320538.7913
 10
3136848.6474
 20
320522.4903
 10
3136788.6474
 20
320512.7194
 10
3136728.6474
 20
320499.1332
 10
3136696.8354
 20
320558.3832
 10
3136683.9778
 20
320618.3832
 10
3136678.6142
 20
320678.3832
 10
3136721.5886
 20
320738.3832
 10
3136728.6474
 20
320741.8883
 10
3136782.1979
 20
320798.3832
 10
3136788.6474
 20
320803.2841
 10
3136832.5961
 20
320858.3832
 10
3136848.6474
 20
320873.2596
 10
3136887.6356
 20
320918.3832
 10
3136908.6474
 20
320937.062
 10
3136951.349
 20
320978.3832
 10
3136968.6474
 20
320993.5262
 10
3137021.78
 20
321038.3832
 10
3137028.6474
 20
321045.1237
 10
3137081.1693
 20
321098.3832
 10
3137088.6474
 20
321110.5252
 10
3137114.4877
 20
321158.3832
 10
3137130.4256
 20
321218.3832
 10
3137148.6474
 20
321249.0045
 10
3137164.9797
 20
321278.3832
 10
3137170.3533
 20
321338.3832
 10
3137164.3652
 20
321398.3832
 10
3137184.3299
 20
321458.3832
 10
3137208.6474
 20
321501.816
 10
3137218.2302
 20
321518.3832
 10
3137247.1277
 20
321578.3832
 10
3137268.6474
 20
321638.3832
 10
3137268.6474
 20
321638.3832
 10
3137322.6474
 20
321698.3832
 10
3137328.6474
 20
321701.4434
 10
3137388.6474
 20
321741.6531
 10
3137407.8614
 20
321758.3832
 10
3137448.6474
 20
321786.6862
 10
3137488.0696
 20
321818.3832
 10
3137508.6474
 20
321833.9832
 10
3137554.9434
 20
321878.3832
 10
3137568.6474
 20
321893.8194
 10
3137610.4962
 20
321938.3832
 10
3137628.6474
 20
321952.892
 10
3137688.6474
 20
321988.9841
 10
3137704.2357
 20
321998.3832
  0
LWPOLYLINE
  5
124
330
17
100
AcDbEntity
  8
CONTOUR_INDEX
100
AcDbPolyline
 90
62
 70
0
 38
40.0
 10
3138681.2066
 20
321698.3832
 10
3138689.8166
 20
321638.3832
 10
3138693.4648
 20
321578.3832
 10
3138686.5476
 20
321518.3832
 10
3138685.5924
 20
321458.3832
 10
3138701.8529
 20
321398.3832
 10
3138708.6474
 20
321382.4175
 10
3138736.5658
 20
321338.3832
 10
3138760.8431
 20
321278.3832
 10
3138768.6474
 20
321260.9006
 10
3138794.3015
 20
321218.3832
 10
3138822.4288
 20
321158.3832
 10
3138828.6474
 20
321140.6559
 10
3138837.5959
 20
321098.3832
 10
3138848.424
 20
321038.3832
 10
3138846.8293
 20
320978.3832
 10
3138834.7519
 20
320918.3832
 10
3138828.6474
 20
320899.0049
 10
3138813.4537
 20
320858.3832
 10
3138768.6474
 20
320801.5307
 10
3138765.3987
 20
320798.3832
 10
3138708.6474
 20
320758.1432
 10
3138673.2661
 20
320738.3832
 10
3138648.6474
 20
320723.2644
 10
3138588.6474
 20
320695.6178
 10
3138543.1462
 20
320678.3832
 10
3138528.6474
 20
320663.6188
 10
3138482.5674
 20
320618.3832
 10
3138468.6474
 20
320561.0205
 10
3138456.0159
 20
320558.3832
 10
3138408.6474
 20
320546.221
 10
3138382.1769
 20
320558.3832
 10
3138348.6474
 20
320575.3981
 10
3138288.6474
 20
320592.2655
 10
3138228.6474
 20
320596.2472
 10
3138168.6474
 20
320581.2092
 10
3138108.6474
 20
320589.2403
 10
3138058.4835
 20
320618.3832
 10
3138048.6474
 20
320624.9049
 10
3137988.6474
 20
320669.6332
 10
3137972.4936
 20
320678.3832
 10
3137928.6474
 20
320691.7165
 10
3137868.6474
 20
320698.3832
 10
3137817.4279
 20
320678.3832
 10
3137808.6474
 20
320674.3832
 10
3137748.6474
 20
320661.8996
 10
3137688.6474
 20
320676.8042
 10
3137680.6474
 20
320678.3832
 10
3137628.6474
 20
320687.8954
 10
3137568.6474
 20
320682.2793
 10
3137543.6474
 20
320678.3832
 10
3137508.6474
 20
320673.2612
 10
3137448.6474
 20
320665.825
 10
3137388.6474
 20
320627.5723
 10
3137378.0224
 20
320618.3832
 10
3137328.6474
 20
320582.4741
 10
3137271.8617
 20
320558.3832
 10
3137268.6474
 20
320557.0788
 10
3137223.6474
 20
320558.3832
 10
3137208.6474
 20
320559.4741
 10
3137148.6474
 20
320564.6518
 10
3137088.6474
 20
320563.1559
  0
LWPOLYLINE
  5
125
330
17
100
AcDbEntity
  8
CONTOUR_INDEX
100
AcDbPolyline
 90
5
 70
0
 38
40.0
 10
3135768.6474
 20
320610.7712
 10
3135750.9083
 20
320618.3832
 10
3135768.6474
 20
320623.4704
 10
3135772.9152
 20
320618.3832
 10
3135768.6474
 20
320610.7712
  0
LWPOLYLINE
  5
126
330
17
100
AcDbEntity
  8
CONTOUR_INDEX
100
AcDbPolyline
 90
107
 70
0
 38
40.0
 10
3138408.6474
 20
317838.7557
 10
3138348.6474
 20
317839.901
 10
3138288.6474
 20
317839.9691
 10
3138228.6474
 20
317829.4232
 10
3138168.6474
 20
317809.3686
 10
3138108.6474
 20
317800.2366
 10
3138048.6474
 20
317804.0033
 10
3137988.6474
 20
317808.5405
 10
3137928.6474
 20
317806.2396
 10
3137868.6474
 20
317801.423
 10
3137808.6474
 20
317802.8142
 10
3137748.6474
 20
317808.0462
 10
3137688.6474
 20
317816.7301
 10
3137628.6474
 20
317827.2911
 10
3137568.6474
 20
317845.8543
 10
3137549.9217
 20
317858.3832
 10
3137561.1225
 20
317918.3832
 10
3137568.6474
 20
317926.1069
 10
3137617.2755
 20
317978.3832
 10
3137628.6474
 20
317989.0607
 10
3137688.6474
 20
318034.659
 10
3137693.0117
 20
318038.3832
 10
3137748.6474
 20
318095.718
 10
3137750.9191
 20
318098.3832
 10
3137802.7448
 20
318158.3832
 10
3137808.6474
 20
318164.3832
 10
3137862.9272
 20
318218.3832
 10
3137868.6474
 20
318224.1392
 10
3137914.9286
 20
318278.3832
 10
3137928.6474
 20
318293.1391
 10
3137957.5119
 20
318338.3832
 10
3137988.6474
 20
318377.4038
 10
3137998.8256
 20
318398.3832
 10
3138025.2195
 20
318458.3832
 10
3138048.6474
 20
318504.9557
 10
3138054.1042
 20
318518.3832
 10
3138083.9464
 20
318578.3832
 10
3138108.6474
 20
318618.8281
 10
3138114.8137
 20
318638.3832
 10
3138130.6607
 20
318698.3832
 10
3138141.1095
 20
318758.3832
 10
3138138.1611
 20
318818.3832
 10
3138128.3152
 20
318878.3832
 10
3138136.0244
 20
318938.3832
 10
3138168.6474
 20
318980.9176
 10
3138188.5508
 20
318998.3832
 10
3138228.6474
 20
319030.5032
 10
3138288.3366
 20
319058.3832
 10
3138288.6474
 20
319058.5656
 10
3138348.6474
 20
319078.0451
 10
3138408.6474
 20
319094.1272
 10
3138468.6474
 20
319107.3972
 10
3138523.1636
 20
319118.3832
 10
3138528.6474
 20
319119.831
 10
3138588.6474
 20
319130.9279
 10
3138648.6474
 20
319135.2967
 10
3138708.6474
 20
319131.423
 10
3138768.6474
 20
319123.3157
 10
3138794.7699
 20
319118.3832
 10
3138828.6474
 20
319111.6716
 10
3138888.6474
 20
319098.8016
 10
3138948.6474
 20
319088.5683
 10
3139008.6474
 20
319074.0712
 10
3139043.4164
 20
319058.3832
 10
3139068.6474
 20
319042.9507
 10
3139128.6474
 20
319008.2215
 10
3139144.5786
 20
318998.3832
 10
3139188.6474
 20
318966.0451
 10
3139226.9453
 20
318938.3832
 10
3139248.6474
 20
318916.1748
 10
3139277.5932
 20
318878.3832
 10
3139308.6474
 20
318822.5587
 10
3139310.8508
 20
318818.3832
 10
3139308.6474
 20
318810.0498
 10
3139248.6474
 20
318774.0411
 10
3139188.6474
 20
318772.1746
 10
3139128.6474
 20
318765.7804
 10
3139068.6474
 20
318760.9638
 10
3139008.6474
 20
318761.6013
 10
3138985.7661
 20
318758.3832
 10
3138948.6474
 20
318750.9088
 10
3138888.6474
 20
318716.5533
 10
3138867.6653
 20
318698.3832
 10
3138828.6474
 20
318655.2582
 10
3138822.2748
 20
318638.3832
 10
3138792.6861
 20
318578.3832
 10
3138768.6474
 20
318551.2559
 10
3138741.0584
 20
318518.3832
 10
3138708.6474
 20
318472.4091
 10
3138699.3638
 20
318458.3832
 10
3138699.5739
 20
318398.3832
 10
3138702.0634
 20
318338.3832
 10
3138708.6474
 20
318293.0173
 10
3138714.3617
 20
318278.3832
 10
3138740.4958
 20
318218.3832
 10
3138736.6295
 20
318158.3832
 10
3138738.1636
 20
318098.3832
 10
3138732.2133
 20
318038.3832
 10
3138717.8481
 20
317978.3832
 10
3138708.6474
 20
317961.746
 10
3138681.5756
 20
317918.3832
 10
3138648.6474
 20
317891.0437
 10
3138588.6474
 20
317860.1149
 10
3138582.3898
 20
317858.3832
 10
3138528.6474
 20
317851.7367
 10
3138468.6474
 20
317843.994
 10
3138408.6474
 20
317838.7557
  0
LWPOLYLINE
  5
127
330
17
100
AcDbEntity
  8
CONTOUR_MAJOR
100
AcDbPolyline
 90
98
 70
0
 38
45.0
 10
3138664.6959
 20
321698.3832
 10
3138672.7905
 20
321638.3832
 10
3138673.1671
 20
321578.3832
 10
3138660.7301
 20
321518.3832
 10
3138657.1294
 20
321458.3832
 10
3138674.4557
 20
321398.3832
 10
3138701.1474
 20
321338.3832
 10
3138708.6474
 20
321319.1929
 10
3138729.6256
 20
321278.3832
 10
3138758.4125
 20
321218.3832
 10
3138768.6474
 20
321194.0353
 10
3138788.2602
 20
321158.3832
 10
3138815.2457
 20
321098.3832
 10
3138828.6474
 20
321044.3067
 10
3138829.802
 20
321038.3832
 10
3138829.3467
 20
320978.3832
 10
3138828.6474
 20
320974.7796
 10
3138816.6551
 20
320918.3832
 10
3138794.0738
 20
320858.3832
 10
3138768.6474
 20
320826.1209
 10
3138740.018
 20
320798.3832
 10
3138708.6474
 20
320776.1396
 10
3138648.6474
 20
320742.6
 10
3138628.4189
 20
320738.3832
 10
3138588.6474
 20
320724.8291
 10
3138528.6474
 20
320703.8377
 10
3138468.6474
 20
320689.066
 10
3138408.6474
 20
320689.0556
 10
3138348.6474
 20
320694.0086
 10
3138288.6474
 20
320693.5905
 10
3138228.6474
 20
320693.4414
 10
3138168.6474
 20
320694.9401
 10
3138108.6474
 20
320703.9662
 10
3138048.6474
 20
320719.6332
 10
3138014.2064
 20
320738.3832
 10
3137988.6474
 20
320742.5425
 10
3137928.6474
 20
320764.8814
 10
3137877.8445
 20
320798.3832
 10
3137868.6474
 20
320801.5097
 10
3137808.6474
 20
320811.4482
 10
3137748.6474
 20
320815.5148
 10
3137688.6474
 20
320818.5213
 10
3137628.6474
 20
320817.638
 10
3137568.6474
 20
320818.3832
 10
3137508.6474
 20
320827.7072
 10
3137448.6474
 20
320849.572
 10
3137388.6474
 20
320849.6681
 10
3137328.6474
 20
320835.6054
 10
3137268.6474
 20
320850.8495
 10
3137246.2474
 20
320858.3832
 10
3137208.6474
 20
320882.6935
 10
3137148.6474
 20
320872.4701
 10
3137118.0814
 20
320858.3832
 10
3137088.6474
 20
320842.1332
 10
3137028.6474
 20
320805.18
 10
3137009.0969
 20
320798.3832
 10
3136968.6474
 20
320781.7933
 10
3136908.6474
 20
320753.2472
 10
3136876.9055
 20
320738.3832
 10
3136848.6474
 20
320717.3255
 10
3136805.7063
 20
320738.3832
 10
3136829.3986
 20
320798.3832
 10
3136848.6474
 20
320826.7242
 10
3136868.5317
 20
320858.3832
 10
3136908.6474
 20
320911.7936
 10
3136913.2504
 20
320918.3832
 10
3136968.6474
 20
320970.5505
 10
3136975.8419
 20
320978.3832
 10
3137028.6474
 20
321019.4701
 10
3137045.9752
 20
321038.3832
 10
3137088.6474
 20
321081.739
 10
3137101.8515
 20
321098.3832
 10
3137133.657
 20
321158.3832
 10
3137148.6474
 20
321201.3502
 10
3137156.1414
 20
321218.3832
 10
3137189.6507
 20
321278.3832
 10
3137199.7651
 20
321338.3832
 10
3137200.2503
 20
321398.3832
 10
3137208.6474
 20
321419.9169
 10
3137226.7951
 20
321458.3832
 10
3137261.3957
 20
321518.3832
 10
3137268.6474
 20
321532.8659
 10
3137289.3804
 20
321578.3832
 10
3137323.0939
 20
321638.3832
 10
3137328.6474
 20
321644.2905
 10
3137380.9236
 20
321698.3832
 10
3137388.6474
 20
321703.6303
 10
3137448.6474
 20
321756.524
 10
3137451.1101
 20
321758.3832
 10
3137508.6474
 20
321804.7359
 10
3137525.9317
 20
321818.3832
 10
3137568.6474
 20
321858.8886
 10
3137589.5777
 20
321878.3832
 10
3137628.6474
 20
321920.6178
 10
3137651.0418
 20
321938.3832
 10
3137688.6474
 20
321959.4275
 10
3137748.6474
 20
321994.8226
 10
3137755.4921
 20
321998.3832
  0
LWPOLYLINE
  5
128
330
17
100
AcDbEntity
  8
CONTOUR_MAJOR
100
AcDbPolyline
 90
99
 70
0
 38
45.0
 10
3138468.6474
 20
317874.5131
 10
3138408.6474
 20
317863.4594
 10
3138348.6474
 20
317864.2335
 10
3138288.6474
 20
317863.5082
 10
3138272.569
 20
317858.3832
 10
3138228.6474
 20
317849.4232
 10
3138168.6474
 20
317826.8613
 10
3138108.6474
 20
317815.9434
 10
3138048.6474
 20
317819.7018
 10
3137988.6474
 20
317824.8183
 10
3137928.6474
 20
317820.7886
 10
3137868.6474
 20
317813.8815
 10
3137808.6474
 20
317814.1179
 10
3137748.6474
 20
317819.1532
 10
3137688.6474
 20
317828.945
 10
3137628.6474
 20
317842.458
 10
3137585.8485
 20
317858.3832
 10
3137582.4328
 20
317918.3832
 10
3137628.6474
 20
317967.4398
 10
3137637.3426
 20
317978.3832
 10
3137688.6474
 20
318020.8659
 10
3137709.1755
 20
318038.3832
 10
3137748.6474
 20
318079.0606
 10
3137765.1169
 20
318098.3832
 10
3137808.6474
 20
318145.8935
 10
3137820.6118
 20
318158.3832
 10
3137868.6474
 20
318206.3002
 10
3137880.8752
 20
318218.3832
 10
3137928.6474
 20
318270.4463
 10
3137934.905
 20
318278.3832
 10
3137975.8269
 20
318338.3832
 10
3137988.6474
 20
318354.4505
 10
3138009.9615
 20
318398.3832
 10
3138040.4324
 20
318458.3832
 10
3138048.6474
 20
318474.7138
 10
3138066.3943
 20
318518.3832
 10
3138104.3268
 20
318578.3832
 10
3138108.6474
 20
318585.4577
 10
3138125.3363
 20
318638.3832
 10
3138143.9057
 20
318698.3832
 10
3138156.307
 20
318758.3832
 10
3138152.0564
 20
318818.3832
 10
3138139.3894
 20
318878.3832
 10
3138148.2245
 20
318938.3832
 10
3138168.6474
 20
318965.0109
 10
3138206.6777
 20
318998.3832
 10
3138228.6474
 20
319015.9824
 10
3138288.6474
 20
319047.0904
 10
3138338.4797
 20
319058.3832
 10
3138348.6474
 20
319061.6874
 10
3138408.6474
 20
319078.1272
 10
3138468.6474
 20
319091.1459
 10
3138528.6474
 20
319102.351
 10
3138588.6474
 20
319109.8304
 10
3138648.6474
 20
319113.8034
 10
3138708.6474
 20
319108.9954
 10
3138768.6474
 20
319100.3541
 10
3138828.6474
 20
319091.4559
 10
3138888.6474
 20
319083.1112
 10
3138948.6474
 20
319075.3408
 10
3139008.6474
 20
319061.5608
 10
3139015.69
 20
319058.3832
 10
3139068.6474
 20
319025.992
 10
3139119.5755
 20
318998.3832
 10
3139128.6474
 20
318990.4452
 10
3139188.6474
 20
318949.5796
 10
3139204.149
 20
318938.3832
 10
3139248.6474
 20
318892.8466
 10
3139259.7255
 20
318878.3832
 10
3139265.7903
 20
318818.3832
 10
3139248.6474
 20
318806.9358
 10
3139188.6474
 20
318807.7197
 10
3139128.6474
 20
318803.1403
 10
3139068.6474
 20
318796.8061
 10
3139008.6474
 20
318797.3581
 10
3138948.6474
 20
318791.1873
 10
3138893.9039
 20
318758.3832
 10
3138888.6474
 20
318755.2131
 10
3138828.6474
 20
318702.8355
 10
3138826.7743
 20
318698.3832
 10
3138803.6412
 20
318638.3832
 10
3138768.6474
 20
318585.5314
 10
3138764.8374
 20
318578.3832
 10
3138710.5396
 20
318518.3832
 10
3138708.6474
 20
318515.6992
 10
3138670.7105
 20
318458.3832
 10
3138658.7019
 20
318398.3832
 10
3138648.966
 20
318338.3832
 10
3138648.6474
 20
318335.8117
 10
3138645.1819
 20
318278.3832
 10
3138641.5288
 20
318218.3832
 10
3138617.7599
 20
318158.3832
 10
3138591.6325
 20
318098.3832
 10
3138592.9332
 20
318038.3832
 10
3138615.4399
 20
317978.3832
 10
3138604.4139
 20
317918.3832
 10
3138588.6474
 20
317911.0487
 10
3138528.6474
 20
317891.727
 10
3138468.6474
 20
317874.5131
  0
LWPOLYLINE
  5
129
330
17
100
AcDbEntity
  8
CONTOUR_INDEX
100
AcDbPolyline
 90
95
 70
0
 38
50.0
 10
3138635.5967
 20
321758.3832
 10
3138648.2395
 20
321698.3832
 10
3138648.6474
 20
321694.6163
 10
3138655.7644
 20
321638.3832
 10
3138652.8694
 20
321578.3832
 10
3138648.6474
 20
321561.5183
 10
3138635.122
 20
321518.3832
 10
3138631.7724
 20
321458.3832
 10
3138647.141
 20
321398.3832
 10
3138648.6474
 20
321395.643
 10
3138677.4133
 20
321338.3832
 10
3138701.8938
 20
321278.3832
 10
3138708.6474
 20
321262.435
 10
3138732.3028
 20
321218.3832
 10
3138759.1808
 20
321158.3832
 10
3138768.6474
 20
321140.0474
 10
3138791.5677
 20
321098.3832
 10
3138810.4692
 20
321038.3832
 10
3138810.5684
 20
320978.3832
 10
3138797.498
 20
320918.3832
 10
3138774.694
 20
320858.3832
 10
3138768.6474
 20
320850.711
 10
3138714.6373
 20
320798.3832
 10
3138708.6474
 20
320794.136
 10
3138648.6474
 20
320760.4677
 10
3138588.6474
 20
320746.0733
 10
3138538.2399
 20
320738.3832
 10
3138528.6474
 20
320735.1857
 10
3138468.6474
 20
320714.9951
 10
3138408.6474
 20
320710.7476
 10
3138348.6474
 20
320717.6121
 10
3138288.6474
 20
320716.632
 10
3138228.6474
 20
320716.7515
 10
3138168.6474
 20
320720.2566
 10
3138110.7499
 20
320738.3832
 10
3138108.6474
 20
320738.5715
 10
3138048.6474
 20
320743.8473
 10
3137988.6474
 20
320757.2917
 10
3137930.159
 20
320798.3832
 10
3137928.6474
 20
320799.0222
 10
3137868.6474
 20
320820.1201
 10
3137808.6474
 20
320842.4079
 10
3137748.6474
 20
320854.6283
 10
3137705.6624
 20
320858.3832
 10
3137688.6474
 20
320858.786
 10
3137675.076
 20
320858.3832
 10
3137628.6474
 20
320853.6957
 10
3137568.6474
 20
320854.0974
 10
3137555.0625
 20
320858.3832
 10
3137508.6474
 20
320863.8547
 10
3137448.6474
 20
320879.8687
 10
3137388.6474
 20
320909.9049
 10
3137368.8169
 20
320918.3832
 10
3137328.6474
 20
320930.2332
 10
3137268.6474
 20
320941.0353
 10
3137208.6474
 20
320961.6273
 10
3137148.6474
 20
320965.2902
 10
3137088.6474
 20
320939.135
 10
3137056.3667
 20
320918.3832
 10
3137028.6474
 20
320896.3878
 10
3136968.6474
 20
320860.8574
 10
3136953.6273
 20
320918.3832
 10
3136968.6474
 20
320932.5276
 10
3137010.7662
 20
320978.3832
 10
3137028.6474
 20
320992.2962
 10
3137070.8715
 20
321038.3832
 10
3137088.6474
 20
321056.4439
 10
3137121.9184
 20
321098.3832
 10
3137148.6474
 20
321149.9444
 10
3137154.3
 20
321158.3832
 10
3137180.3155
 20
321218.3832
 10
3137208.6474
 20
321268.5401
 10
3137214.3831
 20
321278.3832
 10
3137230.5742
 20
321338.3832
 10
3137240.9227
 20
321398.3832
 10
3137268.6474
 20
321455.2708
 10
3137269.641
 20
321458.3832
 10
3137294.8659
 20
321518.3832
 10
3137328.6474
 20
321578.3832
 10
3137328.6474
 20
321578.3832
 10
3137359.973
 20
321638.3832
 10
3137388.6474
 20
321667.6706
 10
3137415.501
 20
321698.3832
 10
3137448.6474
 20
321728.355
 10
3137488.4236
 20
321758.3832
 10
3137508.6474
 20
321774.6757
 10
3137564.0028
 20
321818.3832
 10
3137568.6474
 20
321822.7875
 10
3137628.3374
 20
321878.3832
 10
3137628.6474
 20
321878.7184
 10
3137688.6474
 20
321924.5812
 10
3137710.8582
 20
321938.3832
 10
3137748.6474
 20
321956.9438
 10
3137808.6474
 20
321986.4714
 10
3137842.6811
 20
321998.3832
  0
LWPOLYLINE
  5
12A
330
17
100
AcDbEntity
  8
CONTOUR_INDEX
100
AcDbPolyline
 90
99
 70
0
 38
50.0
 10
3138288.6474
 20
317894.7582
 10
3138228.6474
 20
317879.5326
 10
3138204.1866
 20
317858.3832
 10
3138168.6474
 20
317844.354
 10
3138108.6474
 20
317831.6502
 10
3138048.6474
 20
317835.4004
 10
3137988.6474
 20
317841.0961
 10
3137928.6474
 20
317835.3376
 10
3137868.6474
 20
317826.34
 10
3137808.6474
 20
317825.4216
 10
3137748.6474
 20
317830.2602
 10
3137688.6474
 20
317841.16
 10
3137628.6474
 20
317857.6248
 10
3137626.6094
 20
317858.3832
 10
3137602.1827
 20
317918.3832
 10
3137628.6474
 20
317946.4754
 10
3137654.0
 20
317978.3832
 10
3137688.6474
 20
318007.0728
 10
3137725.3393
 20
318038.3832
 10
3137748.6474
 20
318062.4031
 10
3137779.3147
 20
318098.3832
 10
3137808.6474
 20
318130.3976
 10
3137835.456
 20
318158.3832
 10
3137868.6474
 20
318191.4927
 10
3137895.8602
 20
318218.3832
 10
3137928.6474
 20
318254.1153
 10
3137947.7805
 20
318278.3832
 10
3137988.6474
 20
318333.2018
 10
3137991.3252
 20
318338.3832
 10
3138021.0973
 20
318398.3832
 10
3138048.6474
 20
318448.9762
 10
3138052.5635
 20
318458.3832
 10
3138078.6843
 20
318518.3832
 10
3138108.6474
 20
318563.7272
 10
3138116.3755
 20
318578.3832
 10
3138135.859
 20
318638.3832
 10
3138157.1508
 20
318698.3832
 10
3138168.6474
 20
318747.7013
 10
3138169.5763
 20
318758.3832
 10
3138168.6474
 20
318787.912
 10
3138165.9518
 20
318818.3832
 10
3138150.4636
 20
318878.3832
 10
3138160.4246
 20
318938.3832
 10
3138168.6474
 20
318949.1043
 10
3138224.8045
 20
318998.3832
 10
3138228.6474
 20
319001.4616
 10
3138288.6474
 20
319035.6835
 10
3138348.6474
 20
319050.3631
 10
3138395.0428
 20
319058.3832
 10
3138408.6474
 20
319062.1272
 10
3138468.6474
 20
319074.8945
 10
3138528.6474
 20
319085.1492
 10
3138588.6474
 20
319088.0122
 10
3138648.6474
 20
319088.0744
 10
3138708.6474
 20
319083.4852
 10
3138768.6474
 20
319076.1214
 10
3138828.6474
 20
319071.2403
 10
3138888.6474
 20
319067.4208
 10
3138948.6474
 20
319062.1133
 10
3138965.1066
 20
319058.3832
 10
3139008.6474
 20
319040.775
 10
3139068.6474
 20
319009.0332
 10
3139088.2929
 20
318998.3832
 10
3139128.6474
 20
318963.0729
 10
3139172.9355
 20
318938.3832
 10
3139188.6474
 20
318913.3179
 10
3139221.0445
 20
318878.3832
 10
3139188.6474
 20
318855.0324
 10
3139128.6474
 20
318847.5457
 10
3139068.6474
 20
318837.0686
 10
3139008.6474
 20
318836.0656
 10
3138948.6474
 20
318832.2659
 10
3138928.6017
 20
318818.3832
 10
3138888.6474
 20
318795.1032
 10
3138851.681
 20
318758.3832
 10
3138828.6474
 20
318738.1711
 10
3138811.9081
 20
318698.3832
 10
3138785.0077
 20
318638.3832
 10
3138768.6474
 20
318613.674
 10
3138749.8374
 20
318578.3832
 10
3138708.6474
 20
318533.66
 10
3138691.8072
 20
318518.3832
 10
3138648.6474
 20
318463.6223
 10
3138644.771
 20
318458.3832
 10
3138635.3416
 20
318398.3832
 10
3138626.6563
 20
318338.3832
 10
3138619.3199
 20
318278.3832
 10
3138602.4154
 20
318218.3832
 10
3138588.6474
 20
318197.7582
 10
3138551.0355
 20
318158.3832
 10
3138528.6474
 20
318128.308
 10
3138507.1339
 20
318098.3832
 10
3138476.0811
 20
318038.3832
 10
3138468.6474
 20
317982.3832
 10
3138467.9128
 20
317978.3832
 10
3138466.8293
 20
317918.3832
 10
3138408.6474
 20
317905.0683
 10
3138348.6474
 20
317898.2471
 10
3138288.6474
 20
317894.7582
  0
LWPOLYLINE
  5
12B
330
17
100
AcDbEntity
  8
CONTOUR_MAJOR
100
AcDbPolyline
 90
85
 70
0
 38
55.0
 10
3138618.865
 20
321758.3832
 10
3138633.6693
 20
321698.3832
 10
3138638.584
 20
321638.3832
 10
3138629.5784
 20
321578.3832
 10
3138609.6983
 20
321518.3832
 10
3138607.734
 20
321458.3832
 10
3138621.1669
 20
321398.3832
 10
3138648.6474
 20
321348.3989
 10
3138653.6791
 20
321338.3832
 10
3138681.3036
 20
321278.3832
 10
3138706.7459
 20
321218.3832
 10
3138708.6474
 20
321214.2604
 10
3138736.9586
 20
321158.3832
 10
3138768.0925
 20
321098.3832
 10
3138768.6474
 20
321096.7697
 10
3138791.0893
 20
321038.3832
 10
3138791.736
 20
320978.3832
 10
3138778.3409
 20
320918.3832
 10
3138768.6474
 20
320892.956
 10
3138756.3103
 20
320858.3832
 10
3138708.6474
 20
320811.7788
 10
3138684.342
 20
320798.3832
 10
3138648.6474
 20
320778.3355
 10
3138588.6474
 20
320760.4205
 10
3138528.6474
 20
320748.1193
 10
3138468.6474
 20
320739.2092
 10
3138452.841
 20
320738.3832
 10
3138408.6474
 20
320732.4396
 10
3138366.9216
 20
320738.3832
 10
3138348.6474
 20
320739.1475
 10
3138288.6474
 20
320738.7288
 10
3138228.6474
 20
320738.8196
 10
3138168.6474
 20
320740.1486
 10
3138108.6474
 20
320745.8161
 10
3138048.6474
 20
320752.6605
 10
3137988.6474
 20
320772.041
 10
3137951.1527
 20
320798.3832
 10
3137928.6474
 20
320807.898
 10
3137868.6474
 20
320838.7306
 10
3137827.5046
 20
320858.3832
 10
3137808.6474
 20
320862.6892
 10
3137748.6474
 20
320867.6014
 10
3137688.6474
 20
320869.3867
 10
3137628.6474
 20
320866.9772
 10
3137568.6474
 20
320867.2452
 10
3137508.6474
 20
320877.1999
 10
3137448.6474
 20
320903.3245
 10
3137422.7255
 20
320918.3832
 10
3137388.6474
 20
320936.1391
 10
3137328.6474
 20
320967.7332
 10
3137293.5857
 20
320978.3832
 10
3137268.6474
 20
320984.1109
 10
3137208.6474
 20
320997.5394
 10
3137148.6474
 20
321009.9405
 10
3137106.1577
 20
321038.3832
 10
3137141.9852
 20
321098.3832
 10
3137148.6474
 20
321111.2348
 10
3137180.2291
 20
321158.3832
 10
3137204.4895
 20
321218.3832
 10
3137208.6474
 20
321225.7441
 10
3137239.3208
 20
321278.3832
 10
3137261.9878
 20
321338.3832
 10
3137268.6474
 20
321361.3434
 10
3137277.0435
 20
321398.3832
 10
3137297.2399
 20
321458.3832
 10
3137326.3785
 20
321518.3832
 10
3137328.6474
 20
321522.413
 10
3137350.3708
 20
321578.3832
 10
3137388.6474
 20
321632.878
 10
3137392.2386
 20
321638.3832
 10
3137446.6537
 20
321698.3832
 10
3137448.6474
 20
321700.186
 10
3137508.6474
 20
321748.484
 10
3137525.0632
 20
321758.3832
 10
3137568.6474
 20
321793.2256
 10
3137607.044
 20
321818.3832
 10
3137628.6474
 20
321838.3293
 10
3137688.6474
 20
321877.2499
 10
3137691.2688
 20
321878.3832
 10
3137748.6474
 20
321914.8084
 10
3137799.6474
 20
321938.3832
 10
3137808.6474
 20
321942.3537
 10
3137868.6474
 20
321966.0629
 10
3137928.6474
 20
321989.5859
 10
3137982.732
 20
321998.3832
  0
LWPOLYLINE
  5
12C
330
17
100
AcDbEntity
  8
CONTOUR_MAJOR
100
AcDbPolyline
 90
2
 70
0
 38
55.0
 10
3138032.858
 20
321998.3832
 10
3138048.6474
 20
321998.1965
  0
LWPOLYLINE
  5
12D
330
17
100
AcDbEntity
  8
CONTOUR_MAJOR
100
AcDbPolyline
 90
95
 70
0
 38
55.0
 10
3138155.4474
 20
317858.3832
 10
3138108.6474
 20
317847.357
 10
3138048.6474
 20
317851.099
 10
3137988.6474
 20
317857.3739
 10
3137928.6474
 20
317849.8866
 10
3137868.6474
 20
317838.7984
 10
3137808.6474
 20
317836.7253
 10
3137748.6474
 20
317841.3672
 10
3137688.6474
 20
317853.375
 10
3137670.5592
 20
317858.3832
 10
3137628.6474
 20
317902.5692
 10
3137621.9325
 20
317918.3832
 10
3137628.6474
 20
317925.511
 10
3137670.6574
 20
317978.3832
 10
3137688.6474
 20
317993.2797
 10
3137741.5031
 20
318038.3832
 10
3137748.6474
 20
318045.7457
 10
3137793.5126
 20
318098.3832
 10
3137808.6474
 20
318114.9018
 10
3137850.3001
 20
318158.3832
 10
3137868.6474
 20
318176.6852
 10
3137910.8453
 20
318218.3832
 10
3137928.6474
 20
318237.7844
 10
3137960.656
 20
318278.3832
 10
3137988.6474
 20
318315.9307
 10
3138000.2511
 20
318338.3832
 10
3138032.2332
 20
318398.3832
 10
3138048.6474
 20
318428.5263
 10
3138061.0765
 20
318458.3832
 10
3138090.9744
 20
318518.3832
 10
3138108.6474
 20
318545.1284
 10
3138126.1826
 20
318578.3832
 10
3138146.3816
 20
318638.3832
 10
3138168.6474
 20
318694.86
 10
3138169.3693
 20
318698.3832
 10
3138174.517
 20
318758.3832
 10
3138172.7147
 20
318818.3832
 10
3138168.6474
 20
318851.7809
 10
3138161.5378
 20
318878.3832
 10
3138168.6474
 20
318918.1765
 10
3138171.9549
 20
318938.3832
 10
3138228.6474
 20
318990.9679
 10
3138244.1085
 20
318998.3832
 10
3138288.6474
 20
319024.2767
 10
3138348.6474
 20
319040.3128
 10
3138408.6474
 20
319051.428
 10
3138467.4198
 20
319058.3832
 10
3138468.6474
 20
319058.6432
 10
3138528.6474
 20
319067.9474
 10
3138588.6474
 20
319066.1941
 10
3138648.6474
 20
319062.3454
 10
3138703.0004
 20
319058.3832
 10
3138708.6474
 20
319057.8681
 10
3138768.6474
 20
319046.6971
 10
3138828.6474
 20
319039.3256
 10
3138888.6474
 20
319040.0017
 10
3138948.6474
 20
319035.5654
 10
3139008.6474
 20
319017.1715
 10
3139049.5379
 20
318998.3832
 10
3139068.6474
 20
318974.7891
 10
3139119.8974
 20
318938.3832
 10
3139068.6474
 20
318888.7578
 10
3139008.6474
 20
318879.2749
 10
3138948.6474
 20
318880.2504
 10
3138944.2357
 20
318878.3832
 10
3138888.6474
 20
318849.8907
 10
3138868.519
 20
318818.3832
 10
3138828.6474
 20
318778.829
 10
3138821.5692
 20
318758.3832
 10
3138797.0419
 20
318698.3832
 10
3138768.6474
 20
318641.9855
 10
3138767.4471
 20
318638.3832
 10
3138734.8374
 20
318578.3832
 10
3138708.6474
 20
318549.9467
 10
3138673.8539
 20
318518.3832
 10
3138648.6474
 20
318486.4014
 10
3138627.9171
 20
318458.3832
 10
3138617.6945
 20
318398.3832
 10
3138604.5324
 20
318338.3832
 10
3138593.4578
 20
318278.3832
 10
3138588.6474
 20
318265.0019
 10
3138575.0625
 20
318218.3832
 10
3138528.6474
 20
318171.1763
 10
3138509.5189
 20
318158.3832
 10
3138468.6474
 20
318109.3895
 10
3138459.5908
 20
318098.3832
 10
3138409.0379
 20
318038.3832
 10
3138408.6474
 20
318037.6935
 10
3138348.6474
 20
317983.3418
 10
3138339.7366
 20
317978.3832
 10
3138288.6474
 20
317943.2811
 10
3138231.9033
 20
317918.3832
 10
3138228.6474
 20
317917.8468
 10
3138168.6474
 20
317878.9368
 10
3138155.4474
 20
317858.3832
  0
LWPOLYLINE
  5
12E
330
17
100
AcDbEntity
  8
CONTOUR_INDEX
100
AcDbPolyline
 90
84
 70
0
 38
60.0
 10
3138602.1332
 20
321758.3832
 10
3138619.0991
 20
321698.3832
 10
3138621.293
 20
321638.3832
 10
3138605.5014
 20
321578.3832
 10
3138588.6474
 20
321530.218
 10
3138583.5886
 20
321518.3832
 10
3138581.5522
 20
321458.3832
 10
3138588.6474
 20
321431.3963
 10
3138595.1929
 20
321398.3832
 10
3138626.9991
 20
321338.3832
 10
3138648.6474
 20
321303.9727
 10
3138660.7133
 20
321278.3832
 10
3138686.5166
 20
321218.3832
 10
3138708.6474
 20
321170.4007
 10
3138714.7363
 20
321158.3832
 10
3138750.7515
 20
321098.3832
 10
3138768.6474
 20
321046.3495
 10
3138771.7095
 20
321038.3832
 10
3138772.9036
 20
320978.3832
 10
3138768.6474
 20
320959.5498
 10
3138762.1332
 20
320918.3832
 10
3138738.3785
 20
320858.3832
 10
3138708.6474
 20
320829.3124
 10
3138652.5287
 20
320798.3832
 10
3138648.6474
 20
320796.2033
 10
3138588.6474
 20
320774.7677
 10
3138528.6474
 20
320758.9614
 10
3138468.6474
 20
320747.6386
 10
3138408.6474
 20
320743.332
 10
3138348.6474
 20
320745.5169
 10
3138288.6474
 20
320744.9017
 10
3138228.6474
 20
320744.8814
 10
3138168.6474
 20
320746.3649
 10
3138108.6474
 20
320753.0608
 10
3138048.6474
 20
320761.4736
 10
3137988.6474
 20
320786.7902
 10
3137972.1464
 20
320798.3832
 10
3137928.6474
 20
320816.7737
 10
3137868.6474
 20
320857.341
 10
3137866.4656
 20
320858.3832
 10
3137808.6474
 20
320871.586
 10
3137748.6474
 20
320877.7985
 10
3137688.6474
 20
320879.9874
 10
3137628.6474
 20
320876.8553
 10
3137568.6474
 20
320877.3157
 10
3137508.6474
 20
320890.5451
 10
3137457.4363
 20
320918.3832
 10
3137448.6474
 20
320923.1249
 10
3137388.6474
 20
320957.177
 10
3137353.5662
 20
320978.3832
 10
3137328.6474
 20
320998.0175
 10
3137268.6474
 20
321012.4663
 10
3137208.6474
 20
321026.3026
 10
3137173.9367
 20
321038.3832
 10
3137175.0854
 20
321098.3832
 10
3137206.1583
 20
321158.3832
 10
3137208.6474
 20
321164.6169
 10
3137230.3607
 20
321218.3832
 10
3137264.2584
 20
321278.3832
 10
3137268.6474
 20
321289.3375
 10
3137284.4813
 20
321338.3832
 10
3137301.5934
 20
321398.3832
 10
3137324.8388
 20
321458.3832
 10
3137328.6474
 20
321466.1505
 10
3137343.5911
 20
321518.3832
 10
3137372.0942
 20
321578.3832
 10
3137388.6474
 20
321601.9502
 10
3137412.4134
 20
321638.3832
 10
3137448.6474
 20
321677.8268
 10
3137473.5632
 20
321698.3832
 10
3137508.6474
 20
321726.8702
 10
3137560.9055
 20
321758.3832
 10
3137568.6474
 20
321764.5723
 10
3137628.6474
 20
321806.6157
 10
3137650.7114
 20
321818.3832
 10
3137688.6474
 20
321845.7704
 10
3137748.6474
 20
321873.8565
 10
3137760.1276
 20
321878.3832
 10
3137808.6474
 20
321908.1506
 10
3137868.6474
 20
321931.1104
 10
3137892.3512
 20
321938.3832
 10
3137928.6474
 20
321955.2216
 10
3137988.6474
 20
321972.7367
 10
3138048.6474
 20
321979.5281
  0
LWPOLYLINE
  5
12F
330
17
100
AcDbEntity
  8
CONTOUR_INDEX
100
AcDbPolyline
 90
81
 70
0
 38
60.0
 10
3138086.4644
 20
317978.3832
 10
3138048.6474
 20
317938.3085
 10
3138025.8269
 20
317918.3832
 10
3137988.6474
 20
317904.2138
 10
3137928.6474
 20
317868.3912
 10
3137903.3843
 20
317858.3832
 10
3137868.6474
 20
317851.2569
 10
3137808.6474
 20
317848.029
 10
3137748.6474
 20
317852.4742
 10
3137720.1983
 20
317858.3832
 10
3137688.6474
 20
317871.1261
 10
3137642.5519
 20
317918.3832
 10
3137687.3149
 20
317978.3832
 10
3137688.6474
 20
317979.4866
 10
3137748.6474
 20
318029.568
 10
3137756.4516
 20
318038.3832
 10
3137807.7104
 20
318098.3832
 10
3137808.6474
 20
318099.4059
 10
3137865.1442
 20
318158.3832
 10
3137868.6474
 20
318161.8777
 10
3137925.8303
 20
318218.3832
 10
3137928.6474
 20
318221.4534
 10
3137973.5316
 20
318278.3832
 10
3137988.6474
 20
318298.6595
 10
3138009.1771
 20
318338.3832
 10
3138043.3691
 20
318398.3832
 10
3138048.6474
 20
318408.0764
 10
3138069.5896
 20
318458.3832
 10
3138103.2644
 20
318518.3832
 10
3138108.6474
 20
318526.5295
 10
3138135.9897
 20
318578.3832
 10
3138156.9042
 20
318638.3832
 10
3138168.6474
 20
318668.1696
 10
3138174.8378
 20
318698.3832
 10
3138179.4577
 20
318758.3832
 10
3138177.761
 20
318818.3832
 10
3138170.8957
 20
318878.3832
 10
3138182.1003
 20
318938.3832
 10
3138228.6474
 20
318981.5576
 10
3138263.7292
 20
318998.3832
 10
3138288.6474
 20
319012.8699
 10
3138348.6474
 20
319030.2626
 10
3138408.6474
 20
319042.348
 10
3138468.6474
 20
319050.7906
 10
3138528.6474
 20
319055.0763
 10
3138588.6474
 20
319052.1055
 10
3138648.6474
 20
319043.0756
 10
3138708.6474
 20
319025.6793
 10
3138768.6474
 20
319003.0925
 10
3138788.5247
 20
318998.3832
 10
3138828.6474
 20
318962.6455
 10
3138859.4808
 20
318938.3832
 10
3138843.8992
 20
318878.3832
 10
3138828.6474
 20
318845.2582
 10
3138824.9245
 20
318818.3832
 10
3138805.0311
 20
318758.3832
 10
3138782.1757
 20
318698.3832
 10
3138768.6474
 20
318671.5131
 10
3138757.6078
 20
318638.3832
 10
3138719.8374
 20
318578.3832
 10
3138708.6474
 20
318566.2333
 10
3138655.9006
 20
318518.3832
 10
3138648.6474
 20
318509.1804
 10
3138611.0632
 20
318458.3832
 10
3138600.0474
 20
318398.3832
 10
3138588.6474
 20
318356.6159
 10
3138584.5466
 20
318338.3832
 10
3138577.9557
 20
318278.3832
 10
3138554.0982
 20
318218.3832
 10
3138528.6474
 20
318192.4983
 10
3138477.6379
 20
318158.3832
 10
3138468.6474
 20
318147.6061
 10
3138428.1443
 20
318098.3832
 10
3138408.6474
 20
318075.3348
 10
3138348.6474
 20
318046.9108
 10
3138311.2594
 20
318038.3832
 10
3138288.6474
 20
318024.2573
 10
3138228.6474
 20
318000.0986
 10
3138168.6474
 20
318003.8549
 10
3138108.6474
 20
317994.0939
 10
3138086.4644
 20
317978.3832
  0
LWPOLYLINE
  5
130
330
17
100
AcDbEntity
  8
CONTOUR_INDEX
100
AcDbPolyline
 90
5
 70
0
 38
60.0
 10
3138948.6474
 20
318955.1628
 10
3138900.076
 20
318998.3832
 10
3138948.6474
 20
319003.7857
 10
3138975.9202
 20
318998.3832
 10
3138948.6474
 20
318955.1628
  0
LWPOLYLINE
  5
131
330
17
100
AcDbEntity
  8
CONTOUR_MAJOR
100
AcDbPolyline
 90
81
 70
0
 38
65.0
 10
3138582.4361
 20
321758.3832
 10
3138588.6474
 20
321749.3177
 10
3138604.5289
 20
321698.3832
 10
3138604.0019
 20
321638.3832
 10
3138588.6474
 20
321593.5347
 10
3138580.4283
 20
321578.3832
 10
3138554.1769
 20
321518.3832
 10
3138547.109
 20
321458.3832
 10
3138553.2531
 20
321398.3832
 10
3138588.6474
 20
321359.1524
 10
3138599.5266
 20
321338.3832
 10
3138638.2192
 20
321278.3832
 10
3138648.6474
 20
321259.0675
 10
3138666.2874
 20
321218.3832
 10
3138695.5428
 20
321158.3832
 10
3138708.6474
 20
321138.1603
 10
3138733.4105
 20
321098.3832
 10
3138756.2651
 20
321038.3832
 10
3138758.4811
 20
320978.3832
 10
3138748.9463
 20
320918.3832
 10
3138720.4466
 20
320858.3832
 10
3138708.6474
 20
320846.846
 10
3138648.6474
 20
320808.8107
 10
3138614.0805
 20
320798.3832
 10
3138588.6474
 20
320789.1149
 10
3138528.6474
 20
320769.8035
 10
3138468.6474
 20
320756.0679
 10
3138408.6474
 20
320750.1487
 10
3138348.6474
 20
320751.8863
 10
3138288.6474
 20
320751.0745
 10
3138228.6474
 20
320750.9433
 10
3138168.6474
 20
320752.5813
 10
3138108.6474
 20
320760.3054
 10
3138048.6474
 20
320770.2868
 10
3137992.4217
 20
320798.3832
 10
3137988.6474
 20
320799.4051
 10
3137928.6474
 20
320825.6494
 10
3137880.8754
 20
320858.3832
 10
3137868.6474
 20
320864.4138
 10
3137808.6474
 20
320880.4828
 10
3137748.6474
 20
320887.9957
 10
3137688.6474
 20
320890.5881
 10
3137628.6474
 20
320886.7335
 10
3137568.6474
 20
320887.3862
 10
3137508.6474
 20
320903.8903
 10
3137481.9862
 20
320918.3832
 10
3137448.6474
 20
320936.3699
 10
3137388.6474
 20
320978.2149
 10
3137388.369
 20
320978.3832
 10
3137328.6474
 20
321025.4398
 10
3137277.8948
 20
321038.3832
 10
3137268.6474
 20
321046.4457
 10
3137221.5653
 20
321098.3832
 10
3137241.4011
 20
321158.3832
 10
3137256.5845
 20
321218.3832
 10
3137268.6474
 20
321239.8785
 10
3137283.6293
 20
321278.3832
 10
3137304.5751
 20
321338.3832
 10
3137326.1434
 20
321398.3832
 10
3137328.6474
 20
321404.7317
 10
3137341.1826
 20
321458.3832
 10
3137359.6941
 20
321518.3832
 10
3137388.6474
 20
321571.3694
 10
3137392.1152
 20
321578.3832
 10
3137432.5883
 20
321638.3832
 10
3137448.6474
 20
321655.8649
 10
3137500.1825
 20
321698.3832
 10
3137508.6474
 20
321705.2564
 10
3137568.6474
 20
321744.0504
 10
3137593.965
 20
321758.3832
 10
3137628.6474
 20
321783.3599
 10
3137688.6474
 20
321816.2007
 10
3137693.1613
 20
321818.3832
 10
3137748.6474
 20
321852.5042
 10
3137808.6474
 20
321876.7093
 10
3137813.0295
 20
321878.3832
 10
3137868.6474
 20
321908.3832
 10
3137928.6474
 20
321929.5239
 10
3137966.3322
 20
321938.3832
 10
3137988.6474
 20
321946.3515
 10
3138048.6474
 20
321960.8598
  0
LWPOLYLINE
  5
132
330
17
100
AcDbEntity
  8
CONTOUR_MAJOR
100
AcDbPolyline
 90
2
 70
0
 38
65.0
 10
3138528.2871
 20
321818.3832
 10
3138528.6474
 20
321818.2406
  0
LWPOLYLINE
  5
133
330
17
100
AcDbEntity
  8
CONTOUR_MAJOR
100
AcDbPolyline
 90
77
 70
0
 38
65.0
 10
3138048.6474
 20
318009.9053
 10
3138012.1702
 20
317978.3832
 10
3137988.6474
 20
317956.2835
 10
3137964.8219
 20
317918.3832
 10
3137928.6474
 20
317892.4489
 10
3137868.6474
 20
317866.9489
 10
3137808.6474
 20
317859.8577
 10
3137748.6474
 20
317866.6712
 10
3137688.6474
 20
317892.7244
 10
3137663.6194
 20
317918.3832
 10
3137688.6474
 20
317952.1972
 10
3137706.1158
 20
317978.3832
 10
3137748.6474
 20
318013.7702
 10
3137770.4377
 20
318038.3832
 10
3137808.6474
 20
318083.0967
 10
3137820.9154
 20
318098.3832
 10
3137868.6474
 20
318147.9602
 10
3137882.6316
 20
318158.3832
 10
3137928.6474
 20
318203.7349
 10
3137942.6878
 20
318218.3832
 10
3137986.4071
 20
318278.3832
 10
3137988.6474
 20
318281.3883
 10
3138018.103
 20
318338.3832
 10
3138048.6474
 20
318390.3892
 10
3138052.2387
 20
318398.3832
 10
3138078.1026
 20
318458.3832
 10
3138108.6474
 20
318510.2579
 10
3138113.4237
 20
318518.3832
 10
3138145.7968
 20
318578.3832
 10
3138167.4268
 20
318638.3832
 10
3138168.6474
 20
318641.4792
 10
3138180.3062
 20
318698.3832
 10
3138184.3984
 20
318758.3832
 10
3138182.8072
 20
318818.3832
 10
3138177.1758
 20
318878.3832
 10
3138192.2457
 20
318938.3832
 10
3138228.6474
 20
318972.1473
 10
3138283.3499
 20
318998.3832
 10
3138288.6474
 20
319001.463
 10
3138348.6474
 20
319020.2123
 10
3138408.6474
 20
319033.2681
 10
3138468.6474
 20
319043.0745
 10
3138528.6474
 20
319047.6284
 10
3138588.6474
 20
319042.3271
 10
3138648.6474
 20
319024.9815
 10
3138703.0248
 20
318998.3832
 10
3138708.6474
 20
318994.9953
 10
3138768.6474
 20
318943.0939
 10
3138773.5612
 20
318938.3832
 10
3138802.5547
 20
318878.3832
 10
3138803.2795
 20
318818.3832
 10
3138788.4931
 20
318758.3832
 10
3138768.6474
 20
318702.5692
 10
3138767.9053
 20
318698.3832
 10
3138747.7685
 20
318638.3832
 10
3138708.6474
 20
318581.986
 10
3138705.3994
 20
318578.3832
 10
3138648.6474
 20
318525.4869
 10
3138638.0299
 20
318518.3832
 10
3138594.2092
 20
318458.3832
 10
3138588.6474
 20
318429.4358
 10
3138583.4821
 20
318398.3832
 10
3138570.0047
 20
318338.3832
 10
3138564.8208
 20
318278.3832
 10
3138533.1338
 20
318218.3832
 10
3138528.6474
 20
318213.8203
 10
3138468.6474
 20
318168.0294
 10
3138454.8839
 20
318158.3832
 10
3138408.6474
 20
318106.5493
 10
3138392.3151
 20
318098.3832
 10
3138348.6474
 20
318072.4427
 10
3138288.6474
 20
318055.3619
 10
3138228.6474
 20
318047.2602
 10
3138168.6474
 20
318055.2438
 10
3138108.6474
 20
318055.3361
 10
3138083.8701
 20
318038.3832
 10
3138048.6474
 20
318009.9053
  0
LWPOLYLINE
  5
134
330
17
100
AcDbEntity
  8
CONTOUR_INDEX
100
AcDbPolyline
 90
81
 70
0
 38
70.0
 10
3138550.4191
 20
321758.3832
 10
3138588.6474
 20
321702.5888
 10
3138589.9588
 20
321698.3832
 10
3138588.6474
 20
321671.6505
 10
3138585.7952
 20
321638.3832
 10
3138553.031
 20
321578.3832
 10
3138528.6474
 20
321526.1327
 10
3138524.2179
 20
321518.3832
 10
3138506.8634
 20
321458.3832
 10
3138497.613
 20
321398.3832
 10
3138528.6474
 20
321371.8638
 10
3138558.697
 20
321338.3832
 10
3138588.6474
 20
321315.3297
 10
3138613.0303
 20
321278.3832
 10
3138645.7139
 20
321218.3832
 10
3138648.6474
 20
321213.9336
 10
3138677.4922
 20
321158.3832
 10
3138708.6474
 20
321110.3052
 10
3138716.0694
 20
321098.3832
 10
3138741.5592
 20
321038.3832
 10
3138745.3462
 20
320978.3832
 10
3138735.7595
 20
320918.3832
 10
3138708.6474
 20
320866.9403
 10
3138702.8113
 20
320858.3832
 10
3138648.6474
 20
320820.6872
 10
3138588.6474
 20
320801.8697
 10
3138577.9741
 20
320798.3832
 10
3138528.6474
 20
320780.6455
 10
3138468.6474
 20
320764.4972
 10
3138408.6474
 20
320756.9653
 10
3138348.6474
 20
320758.2558
 10
3138288.6474
 20
320757.2474
 10
3138228.6474
 20
320757.0051
 10
3138168.6474
 20
320758.7976
 10
3138108.6474
 20
320767.55
 10
3138048.6474
 20
320779.1
 10
3138010.0584
 20
320798.3832
 10
3137988.6474
 20
320804.1807
 10
3137928.6474
 20
320834.5252
 10
3137893.8288
 20
320858.3832
 10
3137868.6474
 20
320870.8022
 10
3137808.6474
 20
320889.3796
 10
3137748.6474
 20
320898.1928
 10
3137688.6474
 20
320901.1888
 10
3137628.6474
 20
320896.6117
 10
3137568.6474
 20
320897.4567
 10
3137508.6474
 20
320917.2355
 10
3137506.5362
 20
320918.3832
 10
3137448.6474
 20
320949.6149
 10
3137407.4591
 20
320978.3832
 10
3137388.6474
 20
321004.2614
 10
3137345.9024
 20
321038.3832
 10
3137328.6474
 20
321064.7832
 10
3137292.583
 20
321098.3832
 10
3137276.8684
 20
321158.3832
 10
3137280.6386
 20
321218.3832
 10
3137301.8111
 20
321278.3832
 10
3137324.6689
 20
321338.3832
 10
3137328.6474
 20
321349.2226
 10
3137341.201
 20
321398.3832
 10
3137355.7245
 20
321458.3832
 10
3137375.7972
 20
321518.3832
 10
3137388.6474
 20
321541.8999
 10
3137406.6853
 20
321578.3832
 10
3137448.6474
 20
321634.4143
 10
3137452.4893
 20
321638.3832
 10
3137508.6474
 20
321687.215
 10
3137527.4181
 20
321698.3832
 10
3137568.6474
 20
321725.7689
 10
3137626.2578
 20
321758.3832
 10
3137628.6474
 20
321760.1041
 10
3137688.6474
 20
321799.4128
 10
3137727.8836
 20
321818.3832
 10
3137748.6474
 20
321831.1518
 10
3137808.6474
 20
321860.6149
 10
3137855.1643
 20
321878.3832
 10
3137868.6474
 20
321885.6559
 10
3137928.6474
 20
321912.1527
 10
3137988.6474
 20
321926.1875
 10
3138035.0776
 20
321938.3832
 10
3138048.6474
 20
321942.1915
  0
LWPOLYLINE
  5
135
330
17
100
AcDbEntity
  8
CONTOUR_INDEX
100
AcDbPolyline
 90
3
 70
0
 38
70.0
 10
3138337.5705
 20
321878.3832
 10
3138348.6474
 20
321859.8689
 10
3138408.6474
 20
321823.1773
  0
LWPOLYLINE
  5
136
330
17
100
AcDbEntity
  8
CONTOUR_INDEX
100
AcDbPolyline
 90
3
 70
0
 38
70.0
 10
3138418.4494
 20
321818.3832
 10
3138468.6474
 20
321806.9899
 10
3138528.6474
 20
321782.6112
  0
LWPOLYLINE
  5
137
330
17
100
AcDbEntity
  8
CONTOUR_INDEX
100
AcDbPolyline
 90
77
 70
0
 38
70.0
 10
3137988.6474
 20
318012.0613
 10
3137971.9681
 20
317978.3832
 10
3137931.2649
 20
317918.3832
 10
3137928.6474
 20
317916.5067
 10
3137868.6474
 20
317886.9622
 10
3137808.6474
 20
317877.4118
 10
3137748.6474
 20
317884.3808
 10
3137688.6474
 20
317914.3227
 10
3137684.6868
 20
317918.3832
 10
3137688.6474
 20
317923.7342
 10
3137725.1031
 20
317978.3832
 10
3137748.6474
 20
317997.9724
 10
3137784.4237
 20
318038.3832
 10
3137808.6474
 20
318066.7301
 10
3137834.0503
 20
318098.3832
 10
3137868.6474
 20
318134.3177
 10
3137900.9354
 20
318158.3832
 10
3137928.6474
 20
318185.6952
 10
3137959.9789
 20
318218.3832
 10
3137988.6474
 20
318258.4315
 10
3137996.9573
 20
318278.3832
 10
3138027.0289
 20
318338.3832
 10
3138048.6474
 20
318375.1917
 10
3138059.0662
 20
318398.3832
 10
3138086.6157
 20
318458.3832
 10
3138108.6474
 20
318495.8
 10
3138121.9222
 20
318518.3832
 10
3138155.604
 20
318578.3832
 10
3138168.6474
 20
318614.4265
 10
3138174.4077
 20
318638.3832
 10
3138185.7747
 20
318698.3832
 10
3138189.3391
 20
318758.3832
 10
3138187.8535
 20
318818.3832
 10
3138183.4559
 20
318878.3832
 10
3138202.3911
 20
318938.3832
 10
3138228.6474
 20
318962.737
 10
3138288.6474
 20
318992.7169
 10
3138311.6758
 20
318998.3832
 10
3138348.6474
 20
319010.1621
 10
3138408.6474
 20
319024.1882
 10
3138468.6474
 20
319035.3585
 10
3138528.6474
 20
319040.1806
 10
3138588.6474
 20
319032.5487
 10
3138648.6474
 20
319006.8874
 10
3138666.0334
 20
318998.3832
 10
3138708.6474
 20
318972.7071
 10
3138746.1474
 20
318938.3832
 10
3138768.6474
 20
318879.9021
 10
3138769.4422
 20
318878.3832
 10
3138781.6345
 20
318818.3832
 10
3138771.9551
 20
318758.3832
 10
3138768.6474
 20
318749.0808
 10
3138759.659
 20
318698.3832
 10
3138737.9292
 20
318638.3832
 10
3138708.6474
 20
318596.1704
 10
3138692.6116
 20
318578.3832
 10
3138648.6474
 20
318537.4058
 10
3138620.2151
 20
318518.3832
 10
3138588.6474
 20
318474.8451
 10
3138577.0222
 20
318458.3832
 10
3138568.8906
 20
318398.3832
 10
3138555.4628
 20
318338.3832
 10
3138551.686
 20
318278.3832
 10
3138528.6474
 20
318236.9501
 10
3138515.3028
 20
318218.3832
 10
3138468.6474
 20
318181.4642
 10
3138435.7145
 20
318158.3832
 10
3138408.6474
 20
318128.0393
 10
3138349.3351
 20
318098.3832
 10
3138348.6474
 20
318097.9746
 10
3138288.6474
 20
318076.6385
 10
3138228.6474
 20
318070.022
 10
3138168.6474
 20
318088.1746
 10
3138108.6474
 20
318096.8873
 10
3138048.6474
 20
318064.0974
 10
3138019.9459
 20
318038.3832
 10
3137988.6474
 20
318012.0613
  0
LWPOLYLINE
  5
138
330
17
100
AcDbEntity
  8
CONTOUR_MAJOR
100
AcDbPolyline
 90
88
 70
0
 38
75.0
 10
3138286.9666
 20
321878.3832
 10
3138288.6474
 20
321872.7734
 10
3138316.4645
 20
321818.3832
 10
3138348.6474
 20
321792.41
 10
3138408.6474
 20
321782.414
 10
3138468.6474
 20
321773.282
 10
3138503.4506
 20
321758.3832
 10
3138528.6474
 20
321747.2204
 10
3138565.0111
 20
321698.3832
 10
3138560.3283
 20
321638.3832
 10
3138528.6474
 20
321583.2576
 10
3138525.456
 20
321578.3832
 10
3138490.6609
 20
321518.3832
 10
3138468.6474
 20
321471.6373
 10
3138461.9808
 20
321458.3832
 10
3138442.3617
 20
321398.3832
 10
3138468.6474
 20
321364.3091
 10
3138499.6057
 20
321338.3832
 10
3138528.6474
 20
321326.8289
 10
3138587.5073
 20
321278.3832
 10
3138588.6474
 20
321277.1217
 10
3138622.7957
 20
321218.3832
 10
3138648.6474
 20
321179.1711
 10
3138659.4417
 20
321158.3832
 10
3138697.3207
 20
321098.3832
 10
3138708.6474
 20
321079.4218
 10
3138726.8533
 20
321038.3832
 10
3138732.2114
 20
320978.3832
 10
3138722.5727
 20
320918.3832
 10
3138708.6474
 20
320891.9611
 10
3138685.7464
 20
320858.3832
 10
3138648.6474
 20
320832.5637
 10
3138588.6474
 20
320811.7187
 10
3138547.8233
 20
320798.3832
 10
3138528.6474
 20
320791.4876
 10
3138468.6474
 20
320772.9266
 10
3138408.6474
 20
320763.7819
 10
3138348.6474
 20
320764.6252
 10
3138288.6474
 20
320763.4202
 10
3138228.6474
 20
320763.0669
 10
3138168.6474
 20
320765.0139
 10
3138108.6474
 20
320774.7947
 10
3138048.6474
 20
320787.9131
 10
3138027.6951
 20
320798.3832
 10
3137988.6474
 20
320808.9562
 10
3137928.6474
 20
320843.4009
 10
3137906.7822
 20
320858.3832
 10
3137868.6474
 20
320877.1907
 10
3137808.6474
 20
320898.2764
 10
3137748.6474
 20
320908.39
 10
3137688.6474
 20
320911.7895
 10
3137628.6474
 20
320906.4898
 10
3137568.6474
 20
320907.5272
 10
3137536.1776
 20
320918.3832
 10
3137508.6474
 20
320928.0997
 10
3137448.6474
 20
320962.86
 10
3137426.4224
 20
320978.3832
 10
3137388.6474
 20
321030.3484
 10
3137378.5821
 20
321038.3832
 10
3137336.4756
 20
321098.3832
 10
3137328.6474
 20
321120.4955
 10
3137310.0176
 20
321158.3832
 10
3137302.8443
 20
321218.3832
 10
3137319.9929
 20
321278.3832
 10
3137328.6474
 20
321300.7306
 10
3137339.7657
 20
321338.3832
 10
3137355.1805
 20
321398.3832
 10
3137370.2665
 20
321458.3832
 10
3137388.6474
 20
321510.1158
 10
3137391.1392
 20
321518.3832
 10
3137421.2555
 20
321578.3832
 10
3137448.6474
 20
321614.959
 10
3137471.3216
 20
321638.3832
 10
3137508.6474
 20
321670.8395
 10
3137554.941
 20
321698.3832
 10
3137568.6474
 20
321707.4874
 10
3137628.6474
 20
321743.9295
 10
3137652.0905
 20
321758.3832
 10
3137688.6474
 20
321782.6249
 10
3137748.6474
 20
321813.0774
 10
3137760.5527
 20
321818.3832
 10
3137808.6474
 20
321844.5205
 10
3137868.6474
 20
321867.9377
 10
3137893.7706
 20
321878.3832
 10
3137928.6474
 20
321894.7815
 10
3137988.6474
 20
321908.7151
 10
3138048.6474
 20
321922.5581
 10
3138094.5705
 20
321938.3832
  0
LWPOLYLINE
  5
139
330
17
100
AcDbEntity
  8
CONTOUR_MAJOR
100
AcDbPolyline
 90
75
 70
0
 38
75.0
 10
3137988.6474
 20
318083.8022
 10
3137973.4512
 20
318038.3832
 10
3137943.5051
 20
317978.3832
 10
3137928.6474
 20
317956.6934
 10
3137891.5697
 20
317918.3832
 10
3137868.6474
 20
317906.9756
 10
3137808.6474
 20
317894.966
 10
3137748.6474
 20
317902.0904
 10
3137716.7768
 20
317918.3832
 10
3137744.0905
 20
317978.3832
 10
3137748.6474
 20
317982.1746
 10
3137798.4097
 20
318038.3832
 10
3137808.6474
 20
318050.3635
 10
3137847.1851
 20
318098.3832
 10
3137868.6474
 20
318120.6751
 10
3137919.2393
 20
318158.3832
 10
3137928.6474
 20
318167.6556
 10
3137977.2699
 20
318218.3832
 10
3137988.6474
 20
318234.2769
 10
3138007.0177
 20
318278.3832
 10
3138035.9548
 20
318338.3832
 10
3138048.6474
 20
318359.9941
 10
3138065.8937
 20
318398.3832
 10
3138095.1287
 20
318458.3832
 10
3138108.6474
 20
318481.3422
 10
3138130.4208
 20
318518.3832
 10
3138165.4111
 20
318578.3832
 10
3138168.6474
 20
318587.3262
 10
3138180.9237
 20
318638.3832
 10
3138191.2431
 20
318698.3832
 10
3138194.2799
 20
318758.3832
 10
3138192.8998
 20
318818.3832
 10
3138189.736
 20
318878.3832
 10
3138212.5365
 20
318938.3832
 10
3138228.6474
 20
318953.3267
 10
3138288.6474
 20
318984.955
 10
3138343.2216
 20
318998.3832
 10
3138348.6474
 20
319000.1118
 10
3138408.6474
 20
319015.1083
 10
3138468.6474
 20
319027.6424
 10
3138528.6474
 20
319032.7327
 10
3138588.6474
 20
319022.7704
 10
3138638.1316
 20
318998.3832
 10
3138648.6474
 20
318993.1304
 10
3138708.6474
 20
318950.4188
 10
3138721.7968
 20
318938.3832
 10
3138756.7402
 20
318878.3832
 10
3138764.9449
 20
318818.3832
 10
3138761.9473
 20
318758.3832
 10
3138751.4127
 20
318698.3832
 10
3138728.0899
 20
318638.3832
 10
3138708.6474
 20
318610.3548
 10
3138679.8239
 20
318578.3832
 10
3138648.6474
 20
318549.3248
 10
3138602.4004
 20
318518.3832
 10
3138588.6474
 20
318499.4151
 10
3138559.6712
 20
318458.3832
 10
3138554.2992
 20
318398.3832
 10
3138540.9208
 20
318338.3832
 10
3138538.5511
 20
318278.3832
 10
3138528.6474
 20
318260.5721
 10
3138498.3249
 20
318218.3832
 10
3138468.6474
 20
318194.8991
 10
3138416.5452
 20
318158.3832
 10
3138408.6474
 20
318149.5293
 10
3138348.6474
 20
318112.2099
 10
3138289.9596
 20
318098.3832
 10
3138288.6474
 20
318097.9151
 10
3138228.6474
 20
318092.7838
 10
3138212.8782
 20
318098.3832
 10
3138168.6474
 20
318109.9216
 10
3138108.6474
 20
318127.2743
 10
3138048.6474
 20
318124.6257
 10
3138005.6507
 20
318098.3832
 10
3137988.6474
 20
318083.8022
  0
LWPOLYLINE
  5
13A
330
17
100
AcDbEntity
  8
CONTOUR_INDEX
100
AcDbPolyline
 90
94
 70
0
 38
80.0
 10
3138250.4258
 20
321878.3832
 10
3138265.5641
 20
321818.3832
 10
3138288.6474
 20
321779.185
 10
3138317.1911
 20
321758.3832
 10
3138348.6474
 20
321741.9086
 10
3138408.6474
 20
321741.0293
 10
3138468.6474
 20
321739.4465
 10
3138528.6474
 20
321712.3366
 10
3138539.0371
 20
321698.3832
 10
3138534.8614
 20
321638.3832
 10
3138528.6474
 20
321627.5708
 10
3138496.4424
 20
321578.3832
 10
3138468.6474
 20
321534.2357
 10
3138455.65
 20
321518.3832
 10
3138426.1385
 20
321458.3832
 10
3138408.6474
 20
321420.8447
 10
3138399.5697
 20
321398.3832
 10
3138408.6474
 20
321368.5872
 10
3138428.9214
 20
321338.3832
 10
3138468.6474
 20
321323.7736
 10
3138528.6474
 20
321297.5034
 10
3138551.8779
 20
321278.3832
 10
3138588.6474
 20
321237.6998
 10
3138599.8774
 20
321218.3832
 10
3138642.3399
 20
321158.3832
 10
3138648.6474
 20
321145.4154
 10
3138677.5187
 20
321098.3832
 10
3138708.6474
 20
321046.2727
 10
3138712.1474
 20
321038.3832
 10
3138719.0765
 20
320978.3832
 10
3138709.3859
 20
320918.3832
 10
3138708.6474
 20
320916.982
 10
3138668.6816
 20
320858.3832
 10
3138648.6474
 20
320844.4402
 10
3138588.6474
 20
320821.5677
 10
3138528.6474
 20
320801.5005
 10
3138519.4864
 20
320798.3832
 10
3138468.6474
 20
320781.3559
 10
3138408.6474
 20
320770.5986
 10
3138348.6474
 20
320770.9946
 10
3138288.6474
 20
320769.593
 10
3138228.6474
 20
320769.1288
 10
3138168.6474
 20
320771.2302
 10
3138108.6474
 20
320782.0393
 10
3138048.6474
 20
320796.7263
 10
3138045.3318
 20
320798.3832
 10
3137988.6474
 20
320813.7318
 10
3137928.6474
 20
320852.2766
 10
3137919.7355
 20
320858.3832
 10
3137868.6474
 20
320883.5791
 10
3137808.6474
 20
320907.1732
 10
3137749.5849
 20
320918.3832
 10
3137748.6474
 20
320918.5083
 10
3137688.6474
 20
320920.961
 10
3137649.6784
 20
320918.3832
 10
3137628.6474
 20
320916.368
 10
3137568.6474
 20
320917.5977
 10
3137566.2981
 20
320918.3832
 10
3137508.6474
 20
320938.7304
 10
3137448.6474
 20
320976.105
 10
3137445.3858
 20
320978.3832
 10
3137401.655
 20
321038.3832
 10
3137388.6474
 20
321060.4918
 10
3137360.342
 20
321098.3832
 10
3137338.4388
 20
321158.3832
 10
3137328.6474
 20
321202.1832
 10
3137325.0501
 20
321218.3832
 10
3137328.6474
 20
321232.5523
 10
3137337.4591
 20
321278.3832
 10
3137353.629
 20
321338.3832
 10
3137369.16
 20
321398.3832
 10
3137384.8084
 20
321458.3832
 10
3137388.6474
 20
321469.1881
 10
3137403.4748
 20
321518.3832
 10
3137435.8257
 20
321578.3832
 10
3137448.6474
 20
321595.5038
 10
3137490.154
 20
321638.3832
 10
3137508.6474
 20
321654.4639
 10
3137568.6474
 20
321690.7307
 10
3137581.0937
 20
321698.3832
 10
3137628.6474
 20
321728.3207
 10
3137677.4069
 20
321758.3832
 10
3137688.6474
 20
321765.837
 10
3137748.6474
 20
321799.879
 10
3137790.1677
 20
321818.3832
 10
3137808.6474
 20
321828.4261
 10
3137868.6474
 20
321852.5767
 10
3137928.6474
 20
321877.3226
 10
3137932.8899
 20
321878.3832
 10
3137988.6474
 20
321891.2428
 10
3138048.6474
 20
321902.6774
 10
3138108.6474
 20
321922.986
 10
3138168.6474
 20
321929.3711
 10
3138228.6474
 20
321902.2232
  0
LWPOLYLINE
  5
13B
330
17
100
AcDbEntity
  8
CONTOUR_INDEX
100
AcDbPolyline
 90
55
 70
0
 38
80.0
 10
3138348.6474
 20
318126.2614
 10
3138288.6474
 20
318109.9708
 10
3138228.6474
 20
318107.6803
 10
3138168.6474
 20
318126.644
 10
3138108.6474
 20
318157.2443
 10
3138103.8169
 20
318158.3832
 10
3138048.6474
 20
318173.5403
 10
3138001.2674
 20
318218.3832
 10
3138017.078
 20
318278.3832
 10
3138044.8807
 20
318338.3832
 10
3138048.6474
 20
318344.7965
 10
3138072.7212
 20
318398.3832
 10
3138103.6418
 20
318458.3832
 10
3138108.6474
 20
318466.8844
 10
3138138.9194
 20
318518.3832
 10
3138168.6474
 20
318568.7382
 10
3138174.0594
 20
318578.3832
 10
3138187.4398
 20
318638.3832
 10
3138196.7116
 20
318698.3832
 10
3138199.2206
 20
318758.3832
 10
3138197.946
 20
318818.3832
 10
3138196.0161
 20
318878.3832
 10
3138222.6819
 20
318938.3832
 10
3138228.6474
 20
318943.9164
 10
3138288.6474
 20
318977.193
 10
3138348.6474
 20
318992.7492
 10
3138378.396
 20
318998.3832
 10
3138408.6474
 20
319006.0284
 10
3138468.6474
 20
319019.9264
 10
3138528.6474
 20
319025.2848
 10
3138588.6474
 20
319012.992
 10
3138618.2903
 20
318998.3832
 10
3138648.6474
 20
318983.2196
 10
3138703.1097
 20
318938.3832
 10
3138708.6474
 20
318930.2703
 10
3138744.5401
 20
318878.3832
 10
3138755.6885
 20
318818.3832
 10
3138753.5721
 20
318758.3832
 10
3138743.1664
 20
318698.3832
 10
3138718.2506
 20
318638.3832
 10
3138708.6474
 20
318624.5392
 10
3138667.0362
 20
318578.3832
 10
3138648.6474
 20
318561.2437
 10
3138588.6474
 20
318521.2988
 10
3138582.5294
 20
318518.3832
 10
3138542.3201
 20
318458.3832
 10
3138539.7078
 20
318398.3832
 10
3138528.6474
 20
318348.6239
 10
3138526.7542
 20
318338.3832
 10
3138525.8583
 20
318278.3832
 10
3138481.3469
 20
318218.3832
 10
3138468.6474
 20
318208.3339
 10
3138408.6474
 20
318165.3999
 10
3138396.3719
 20
318158.3832
 10
3138348.6474
 20
318126.2614
  0
LWPOLYLINE
  5
13C
330
17
100
AcDbEntity
  8
CONTOUR_INDEX
100
AcDbPolyline
 90
15
 70
0
 38
80.0
 10
3137834.8778
 20
317918.3832
 10
3137808.6474
 20
317912.5201
 10
3137760.2417
 20
317918.3832
 10
3137773.1372
 20
317978.3832
 10
3137808.6474
 20
318026.6459
 10
3137816.5686
 20
318038.3832
 10
3137860.32
 20
318098.3832
 10
3137868.6474
 20
318107.0325
 10
3137928.6474
 20
318142.0744
 10
3137965.358
 20
318098.3832
 10
3137945.4138
 20
318038.3832
 10
3137928.6474
 20
318005.0374
 10
3137910.2864
 20
317978.3832
 10
3137868.6474
 20
317935.4241
 10
3137834.8778
 20
317918.3832
  0
LWPOLYLINE
  5
13D
330
17
100
AcDbEntity
  8
CONTOUR_MAJOR
100
AcDbPolyline
 90
89
 70
0
 38
85.0
 10
3138168.6474
 20
320777.4466
 10
3138108.6474
 20
320789.2839
 10
3138072.2064
 20
320798.3832
 10
3138048.6474
 20
320801.4029
 10
3137988.6474
 20
320818.5073
 10
3137930.8086
 20
320858.3832
 10
3137928.6474
 20
320859.7152
 10
3137868.6474
 20
320889.9675
 10
3137808.6474
 20
320916.07
 10
3137796.4599
 20
320918.3832
 10
3137748.6474
 20
320924.7648
 10
3137688.6474
 20
320927.7807
 10
3137628.6474
 20
320924.7597
 10
3137568.6474
 20
320927.0676
 10
3137508.6474
 20
320949.3612
 10
3137462.6103
 20
320978.3832
 10
3137448.6474
 20
320999.7234
 10
3137420.452
 20
321038.3832
 10
3137388.6474
 20
321092.4407
 10
3137384.2083
 20
321098.3832
 10
3137360.7935
 20
321158.3832
 10
3137346.1666
 20
321218.3832
 10
3137354.2753
 20
321278.3832
 10
3137367.4922
 20
321338.3832
 10
3137383.1395
 20
321398.3832
 10
3137388.6474
 20
321419.3035
 10
3137397.2927
 20
321458.3832
 10
3137415.8103
 20
321518.3832
 10
3137448.6474
 20
321575.7951
 10
3137450.6987
 20
321578.3832
 10
3137508.6474
 20
321638.0663
 10
3137509.0879
 20
321638.3832
 10
3137568.6474
 20
321675.4868
 10
3137605.8871
 20
321698.3832
 10
3137628.6474
 20
321712.712
 10
3137688.6474
 20
321750.9599
 10
3137701.003
 20
321758.3832
 10
3137748.6474
 20
321786.6806
 10
3137808.6474
 20
321813.2721
 10
3137822.7298
 20
321818.3832
 10
3137868.6474
 20
321837.2157
 10
3137928.6474
 20
321858.3832
 10
3137988.6474
 20
321871.7277
 10
3138021.24
 20
321878.3832
 10
3138048.6474
 20
321882.7967
 10
3138108.6474
 20
321902.6194
 10
3138168.6474
 20
321905.2747
 10
3138212.7001
 20
321878.3832
 10
3138223.9817
 20
321818.3832
 10
3138228.6474
 20
321798.6144
 10
3138243.4875
 20
321758.3832
 10
3138288.6474
 20
321718.7202
 10
3138331.5724
 20
321698.3832
 10
3138348.6474
 20
321690.5286
 10
3138408.6474
 20
321692.4302
 10
3138424.5915
 20
321698.3832
 10
3138468.6474
 20
321705.5099
 10
3138484.203
 20
321698.3832
 10
3138497.0597
 20
321638.3832
 10
3138468.6474
 20
321581.8735
 10
3138466.2337
 20
321578.3832
 10
3138417.8666
 20
321518.3832
 10
3138408.6474
 20
321499.0181
 10
3138396.3594
 20
321458.3832
 10
3138368.4816
 20
321398.3832
 10
3138369.8952
 20
321338.3832
 10
3138408.6474
 20
321319.7752
 10
3138468.6474
 20
321298.5847
 10
3138510.4909
 20
321278.3832
 10
3138528.6474
 20
321269.0367
 10
3138575.8762
 20
321218.3832
 10
3138588.6474
 20
321207.9466
 10
3138626.6495
 20
321158.3832
 10
3138648.6474
 20
321113.1574
 10
3138657.7168
 20
321098.3832
 10
3138692.9036
 20
321038.3832
 10
3138705.3811
 20
320978.3832
 10
3138695.1938
 20
320918.3832
 10
3138651.6167
 20
320858.3832
 10
3138648.6474
 20
320856.3166
 10
3138588.6474
 20
320831.4166
 10
3138528.6474
 20
320810.0646
 10
3138494.3186
 20
320798.3832
 10
3138468.6474
 20
320789.7852
 10
3138408.6474
 20
320777.4152
 10
3138348.6474
 20
320777.364
 10
3138288.6474
 20
320775.7659
 10
3138228.6474
 20
320775.1906
 10
3138168.6474
 20
320777.4466
  0
LWPOLYLINE
  5
13E
330
17
100
AcDbEntity
  8
CONTOUR_MAJOR
100
AcDbPolyline
 90
55
 70
0
 38
85.0
 10
3138288.6474
 20
318121.8192
 10
3138228.6474
 20
318120.0108
 10
3138168.6474
 20
318143.3664
 10
3138139.6797
 20
318158.3832
 10
3138108.6474
 20
318181.4527
 10
3138048.6474
 20
318208.4646
 10
3138038.1677
 20
318218.3832
 10
3138027.1384
 20
318278.3832
 10
3138048.6474
 20
318325.6144
 10
3138052.8716
 20
318338.3832
 10
3138079.5487
 20
318398.3832
 10
3138108.6474
 20
318453.0943
 10
3138111.6136
 20
318458.3832
 10
3138147.418
 20
318518.3832
 10
3138168.6474
 20
318554.3429
 10
3138182.1369
 20
318578.3832
 10
3138193.9559
 20
318638.3832
 10
3138202.1801
 20
318698.3832
 10
3138204.1613
 20
318758.3832
 10
3138202.9923
 20
318818.3832
 10
3138202.2962
 20
318878.3832
 10
3138228.6474
 20
318933.0186
 10
3138234.2504
 20
318938.3832
 10
3138288.6474
 20
318969.431
 10
3138348.6474
 20
318985.945
 10
3138408.6474
 20
318997.4006
 10
3138413.509
 20
318998.3832
 10
3138468.6474
 20
319012.2103
 10
3138528.6474
 20
319017.837
 10
3138588.6474
 20
319003.2137
 10
3138598.449
 20
318998.3832
 10
3138648.6474
 20
318973.3088
 10
3138691.0712
 20
318938.3832
 10
3138708.6474
 20
318912.6336
 10
3138732.34
 20
318878.3832
 10
3138746.4321
 20
318818.3832
 10
3138745.1969
 20
318758.3832
 10
3138734.9201
 20
318698.3832
 10
3138708.6474
 20
318638.8318
 10
3138708.4154
 20
318638.3832
 10
3138654.2485
 20
318578.3832
 10
3138648.6474
 20
318573.1627
 10
3138588.6474
 20
318534.0865
 10
3138555.6957
 20
318518.3832
 10
3138528.6474
 20
318468.8094
 10
3138522.1042
 20
318458.3832
 10
3138523.2255
 20
318398.3832
 10
3138514.6183
 20
318338.3832
 10
3138514.5205
 20
318278.3832
 10
3138468.6474
 20
318221.9011
 10
3138464.5521
 20
318218.3832
 10
3138408.6474
 20
318177.333
 10
3138375.495
 20
318158.3832
 10
3138348.6474
 20
318140.3129
 10
3138288.6474
 20
318121.8192
  0
LWPOLYLINE
  5
13F
330
17
100
AcDbEntity
  8
CONTOUR_MAJOR
100
AcDbPolyline
 90
13
 70
0
 38
85.0
 10
3137808.6474
 20
317970.4144
 10
3137805.3607
 20
317978.3832
 10
3137808.6474
 20
317982.8503
 10
3137846.1253
 20
318038.3832
 10
3137868.6474
 20
318078.9151
 10
3137901.5217
 20
318098.3832
 10
3137928.6474
 20
318108.5174
 10
3137937.1625
 20
318098.3832
 10
3137928.6474
 20
318072.6445
 10
3137907.9258
 20
318038.3832
 10
3137871.8741
 20
317978.3832
 10
3137868.6474
 20
317975.0542
 10
3137808.6474
 20
317970.4144
  0
LWPOLYLINE
  5
140
330
17
100
AcDbEntity
  8
CONTOUR_INDEX
100
AcDbPolyline
 90
87
 70
0
 38
90.0
 10
3138101.22
 20
320798.3832
 10
3138048.6474
 20
320805.1217
 10
3137988.6474
 20
320823.2829
 10
3137937.7354
 20
320858.3832
 10
3137928.6474
 20
320863.9844
 10
3137868.6474
 20
320896.3559
 10
3137819.2492
 20
320918.3832
 10
3137808.6474
 20
320922.6888
 10
3137748.6474
 20
320931.0213
 10
3137688.6474
 20
320934.6005
 10
3137628.6474
 20
320932.7703
 10
3137568.6474
 20
320936.4868
 10
3137508.6474
 20
320959.9919
 10
3137479.4738
 20
320978.3832
 10
3137448.6474
 20
321025.4966
 10
3137439.249
 20
321038.3832
 10
3137404.0447
 20
321098.3832
 10
3137388.6474
 20
321144.4586
 10
3137383.1482
 20
321158.3832
 10
3137367.0725
 20
321218.3832
 10
3137371.0914
 20
321278.3832
 10
3137381.3554
 20
321338.3832
 10
3137388.6474
 20
321366.263
 10
3137396.0078
 20
321398.3832
 10
3137409.039
 20
321458.3832
 10
3137428.1458
 20
321518.3832
 10
3137448.6474
 20
321554.2279
 10
3137467.7927
 20
321578.3832
 10
3137508.6474
 20
321620.4606
 10
3137533.5577
 20
321638.3832
 10
3137568.6474
 20
321660.2429
 10
3137628.6474
 20
321697.1432
 10
3137630.2766
 20
321698.3832
 10
3137688.6474
 20
321737.6088
 10
3137723.2252
 20
321758.3832
 10
3137748.6474
 20
321773.4821
 10
3137808.6474
 20
321799.679
 10
3137860.183
 20
321818.3832
 10
3137868.6474
 20
321821.8547
 10
3137928.6474
 20
321839.4438
 10
3137988.6474
 20
321846.5176
 10
3138048.6474
 20
321849.3533
 10
3138096.8706
 20
321878.3832
 10
3138108.6474
 20
321882.2528
 10
3138168.6474
 20
321881.1783
 10
3138173.2264
 20
321878.3832
 10
3138183.054
 20
321818.3832
 10
3138187.651
 20
321758.3832
 10
3138228.6474
 20
321699.4573
 10
3138229.9358
 20
321698.3832
 10
3138288.6474
 20
321675.759
 10
3138346.2431
 20
321638.3832
 10
3138348.6474
 20
321635.4301
 10
3138408.6474
 20
321578.7678
 10
3138408.7624
 20
321578.3832
 10
3138408.6474
 20
321578.2248
 10
3138384.6728
 20
321518.3832
 10
3138372.3594
 20
321458.3832
 10
3138348.6474
 20
321414.472
 10
3138340.7262
 20
321398.3832
 10
3138326.184
 20
321338.3832
 10
3138348.6474
 20
321319.7394
 10
3138408.6474
 20
321293.3435
 10
3138453.0977
 20
321278.3832
 10
3138468.6474
 20
321274.1433
 10
3138528.6474
 20
321242.179
 10
3138550.8344
 20
321218.3832
 10
3138588.6474
 20
321187.4827
 10
3138610.9592
 20
321158.3832
 10
3138639.9383
 20
321098.3832
 10
3138648.6474
 20
321079.072
 10
3138672.2425
 20
321038.3832
 10
3138689.5248
 20
320978.3832
 10
3138680.942
 20
320918.3832
 10
3138648.6474
 20
320874.4116
 10
3138629.3183
 20
320858.3832
 10
3138588.6474
 20
320841.2656
 10
3138528.6474
 20
320818.6287
 10
3138469.1508
 20
320798.3832
 10
3138468.6474
 20
320798.2146
 10
3138408.6474
 20
320784.2318
 10
3138348.6474
 20
320783.7335
 10
3138288.6474
 20
320781.9387
 10
3138228.6474
 20
320781.2524
 10
3138168.6474
 20
320783.6629
 10
3138108.6474
 20
320796.5285
 10
3138101.22
 20
320798.3832
  0
LWPOLYLINE
  5
141
330
17
100
AcDbEntity
  8
CONTOUR_INDEX
100
AcDbPolyline
 90
55
 70
0
 38
90.0
 10
3138288.6474
 20
318133.6675
 10
3138228.6474
 20
318132.3412
 10
3138171.4117
 20
318158.3832
 10
3138168.6474
 20
318160.5565
 10
3138108.6474
 20
318205.4335
 10
3138082.8513
 20
318218.3832
 10
3138048.6474
 20
318241.5547
 10
3138037.1988
 20
318278.3832
 10
3138048.6474
 20
318303.5231
 10
3138060.1797
 20
318338.3832
 10
3138086.3762
 20
318398.3832
 10
3138108.6474
 20
318440.2574
 10
3138118.813
 20
318458.3832
 10
3138155.9166
 20
318518.3832
 10
3138168.6474
 20
318539.9475
 10
3138190.2145
 20
318578.3832
 10
3138200.4719
 20
318638.3832
 10
3138207.6485
 20
318698.3832
 10
3138209.102
 20
318758.3832
 10
3138208.0385
 20
318818.3832
 10
3138208.5763
 20
318878.3832
 10
3138228.6474
 20
318919.9977
 10
3138247.8496
 20
318938.3832
 10
3138288.6474
 20
318961.6691
 10
3138348.6474
 20
318979.1407
 10
3138408.6474
 20
318991.1817
 10
3138444.2782
 20
318998.3832
 10
3138468.6474
 20
319004.4943
 10
3138528.6474
 20
319010.3891
 10
3138574.3132
 20
318998.3832
 10
3138588.6474
 20
318994.9007
 10
3138648.6474
 20
318963.398
 10
3138679.0327
 20
318938.3832
 10
3138708.6474
 20
318894.9969
 10
3138720.1399
 20
318878.3832
 10
3138737.1757
 20
318818.3832
 10
3138736.8217
 20
318758.3832
 10
3138726.6738
 20
318698.3832
 10
3138708.6474
 20
318657.5233
 10
3138698.7474
 20
318638.3832
 10
3138648.6474
 20
318584.2536
 10
3138637.504
 20
318578.3832
 10
3138588.6474
 20
318546.8742
 10
3138528.8621
 20
318518.3832
 10
3138528.6474
 20
318517.9897
 10
3138491.24
 20
318458.3832
 10
3138500.8207
 20
318398.3832
 10
3138502.4824
 20
318338.3832
 10
3138503.1826
 20
318278.3832
 10
3138468.6474
 20
318235.8611
 10
3138448.3008
 20
318218.3832
 10
3138408.6474
 20
318189.2662
 10
3138354.6182
 20
318158.3832
 10
3138348.6474
 20
318154.3644
 10
3138288.6474
 20
318133.6675
  0
LWPOLYLINE
  5
142
330
17
100
AcDbEntity
  8
CONTOUR_MAJOR
100
AcDbPolyline
 90
83
 70
0
 38
95.0
 10
3138168.6474
 20
320789.8792
 10
3138129.7838
 20
320798.3832
 10
3138108.6474
 20
320801.2196
 10
3138048.6474
 20
320808.8406
 10
3137988.6474
 20
320828.0584
 10
3137944.6622
 20
320858.3832
 10
3137928.6474
 20
320868.2537
 10
3137868.6474
 20
320902.7443
 10
3137833.5758
 20
320918.3832
 10
3137808.6474
 20
320928.5073
 10
3137748.6474
 20
320937.2778
 10
3137688.6474
 20
320941.4202
 10
3137628.6474
 20
320940.781
 10
3137568.6474
 20
320945.9059
 10
3137508.6474
 20
320970.6227
 10
3137496.3372
 20
320978.3832
 10
3137457.8953
 20
321038.3832
 10
3137448.6474
 20
321054.5296
 10
3137422.9602
 20
321098.3832
 10
3137402.9187
 20
321158.3832
 10
3137388.6474
 20
321215.9404
 10
3137387.9785
 20
321218.3832
 10
3137387.9075
 20
321278.3832
 10
3137388.6474
 20
321283.4797
 10
3137395.7362
 20
321338.3832
 10
3137408.1535
 20
321398.3832
 10
3137420.7853
 20
321458.3832
 10
3137440.4813
 20
321518.3832
 10
3137448.6474
 20
321532.6607
 10
3137484.8868
 20
321578.3832
 10
3137508.6474
 20
321602.855
 10
3137558.0275
 20
321638.3832
 10
3137568.6474
 20
321644.999
 10
3137628.6474
 20
321682.0223
 10
3137650.1441
 20
321698.3832
 10
3137688.6474
 20
321724.2577
 10
3137745.4474
 20
321758.3832
 10
3137748.6474
 20
321760.2837
 10
3137808.6474
 20
321786.0859
 10
3137868.6474
 20
321803.2856
 10
3137921.0628
 20
321818.3832
 10
3137928.6474
 20
321820.5044
 10
3137988.6474
 20
321821.3075
 10
3138012.9831
 20
321818.3832
 10
3138048.6474
 20
321809.8117
 10
3138108.6474
 20
321805.0498
 10
3138127.4534
 20
321758.3832
 10
3138163.8811
 20
321698.3832
 10
3138168.6474
 20
321694.6239
 10
3138228.6474
 20
321668.921
 10
3138288.6474
 20
321640.2981
 10
3138291.5983
 20
321638.3832
 10
3138343.5105
 20
321578.3832
 10
3138348.6474
 20
321546.9146
 10
3138352.9603
 20
321518.3832
 10
3138348.6474
 20
321463.248
 10
3138348.3798
 20
321458.3832
 10
3138318.8444
 20
321398.3832
 10
3138289.5987
 20
321338.3832
 10
3138348.6474
 20
321289.3751
 10
3138375.9339
 20
321278.3832
 10
3138408.6474
 20
321269.2655
 10
3138468.6474
 20
321252.7301
 10
3138524.6661
 20
321218.3832
 10
3138528.6474
 20
321216.2403
 10
3138588.6474
 20
321167.0189
 10
3138595.2688
 20
321158.3832
 10
3138623.8697
 20
321098.3832
 10
3138648.6474
 20
321043.4425
 10
3138651.5813
 20
321038.3832
 10
3138673.6686
 20
320978.3832
 10
3138666.6902
 20
320918.3832
 10
3138648.6474
 20
320893.8165
 10
3138605.9173
 20
320858.3832
 10
3138588.6474
 20
320851.1146
 10
3138528.6474
 20
320827.1928
 10
3138468.6474
 20
320805.7794
 10
3138440.0482
 20
320798.3832
 10
3138408.6474
 20
320791.0485
 10
3138348.6474
 20
320790.1029
 10
3138288.6474
 20
320788.1116
 10
3138228.6474
 20
320787.3143
 10
3138168.6474
 20
320789.8792
  0
LWPOLYLINE
  5
143
330
17
100
AcDbEntity
  8
CONTOUR_MAJOR
100
AcDbPolyline
 90
57
 70
0
 38
95.0
 10
3138288.6474
 20
318145.5159
 10
3138228.6474
 20
318144.6717
 10
3138198.5119
 20
318158.3832
 10
3138168.6474
 20
318181.8633
 10
3138121.3429
 20
318218.3832
 10
3138108.6474
 20
318223.9702
 10
3138048.6474
 20
318273.9171
 10
3138047.2591
 20
318278.3832
 10
3138048.6474
 20
318281.4318
 10
3138067.4879
 20
318338.3832
 10
3138093.2037
 20
318398.3832
 10
3138108.6474
 20
318427.4204
 10
3138126.0125
 20
318458.3832
 10
3138164.4152
 20
318518.3832
 10
3138168.6474
 20
318525.5521
 10
3138198.292
 20
318578.3832
 10
3138206.988
 20
318638.3832
 10
3138213.117
 20
318698.3832
 10
3138214.0427
 20
318758.3832
 10
3138213.0848
 20
318818.3832
 10
3138214.8564
 20
318878.3832
 10
3138228.6474
 20
318906.9769
 10
3138261.4489
 20
318938.3832
 10
3138288.6474
 20
318953.9071
 10
3138348.6474
 20
318972.3364
 10
3138408.6474
 20
318984.9628
 10
3138468.6474
 20
318997.1329
 10
3138483.867
 20
318998.3832
 10
3138528.6474
 20
319002.9413
 10
3138545.9846
 20
318998.3832
 10
3138588.6474
 20
318988.0184
 10
3138648.6474
 20
318953.4872
 10
3138666.9942
 20
318938.3832
 10
3138708.1854
 20
318878.3832
 10
3138708.6474
 20
318876.757
 10
3138727.9193
 20
318818.3832
 10
3138728.4464
 20
318758.3832
 10
3138718.4275
 20
318698.3832
 10
3138708.6474
 20
318676.2149
 10
3138689.0793
 20
318638.3832
 10
3138648.6474
 20
318594.6993
 10
3138617.6759
 20
318578.3832
 10
3138588.6474
 20
318559.6619
 10
3138528.6474
 20
318533.3379
 10
3138487.9917
 20
318518.3832
 10
3138468.6474
 20
318480.1129
 10
3138458.9956
 20
318458.3832
 10
3138468.6474
 20
318435.5422
 10
3138478.4159
 20
318398.3832
 10
3138490.3465
 20
318338.3832
 10
3138491.8447
 20
318278.3832
 10
3138468.6474
 20
318249.821
 10
3138432.0494
 20
318218.3832
 10
3138408.6474
 20
318201.1994
 10
3138348.6474
 20
318166.7081
 10
3138324.8474
 20
318158.3832
 10
3138288.6474
 20
318145.5159
  0
LWPOLYLINE
  5
144
330
17
100
AcDbEntity
  8
CONTOUR_INDEX
100
AcDbPolyline
 90
79
 70
0
 38
100.0
 10
3138348.6474
 20
320796.4723
 10
3138288.6474
 20
320794.2844
 10
3138228.6474
 20
320793.3761
 10
3138168.6474
 20
320796.0955
 10
3138158.1929
 20
320798.3832
 10
3138108.6474
 20
320805.032
 10
3138048.6474
 20
320812.5594
 10
3137988.6474
 20
320832.834
 10
3137951.589
 20
320858.3832
 10
3137928.6474
 20
320872.5229
 10
3137868.6474
 20
320909.1327
 10
3137847.9025
 20
320918.3832
 10
3137808.6474
 20
320934.3257
 10
3137748.6474
 20
320943.5344
 10
3137688.6474
 20
320948.2399
 10
3137628.6474
 20
320948.7917
 10
3137568.6474
 20
320955.3251
 10
3137514.6077
 20
320978.3832
 10
3137508.6474
 20
320986.4269
 10
3137476.391
 20
321038.3832
 10
3137448.6474
 20
321086.8223
 10
3137441.8757
 20
321098.3832
 10
3137421.8462
 20
321158.3832
 10
3137409.3018
 20
321218.3832
 10
3137409.2805
 20
321278.3832
 10
3137410.6913
 20
321338.3832
 10
3137420.2993
 20
321398.3832
 10
3137432.5316
 20
321458.3832
 10
3137448.6474
 20
321506.5235
 10
3137454.3666
 20
321518.3832
 10
3137501.9808
 20
321578.3832
 10
3137508.6474
 20
321585.2494
 10
3137568.6474
 20
321627.83
 10
3137582.4974
 20
321638.3832
 10
3137628.6474
 20
321666.9013
 10
3137670.0117
 20
321698.3832
 10
3137688.6474
 20
321710.9065
 10
3137748.6474
 20
321746.9698
 10
3137775.7647
 20
321758.3832
 10
3137808.6474
 20
321772.4928
 10
3137868.6474
 20
321783.7798
 10
3137928.6474
 20
321789.7995
 10
3137988.6474
 20
321780.6054
 10
3138048.6474
 20
321759.3916
 10
3138050.3003
 20
321758.3832
 10
3138108.6474
 20
321710.6805
 10
3138117.1521
 20
321698.3832
 10
3138168.6474
 20
321657.7689
 10
3138228.6474
 20
321639.0405
 10
3138230.0111
 20
321638.3832
 10
3138288.6474
 20
321601.7165
 10
3138309.2639
 20
321578.3832
 10
3138322.571
 20
321518.3832
 10
3138326.075
 20
321458.3832
 10
3138296.9625
 20
321398.3832
 10
3138288.6474
 20
321381.5442
 10
3138260.9245
 20
321338.3832
 10
3138288.6474
 20
321298.95
 10
3138315.2443
 20
321278.3832
 10
3138348.6474
 20
321264.5836
 10
3138408.6474
 20
321248.2571
 10
3138468.6474
 20
321231.3168
 10
3138489.7417
 20
321218.3832
 10
3138528.6474
 20
321197.4433
 10
3138575.5902
 20
321158.3832
 10
3138588.6474
 20
321138.7899
 10
3138607.8012
 20
321098.3832
 10
3138632.1369
 20
321038.3832
 10
3138648.6474
 20
321002.5336
 10
3138657.8124
 20
320978.3832
 10
3138652.4384
 20
320918.3832
 10
3138648.6474
 20
320913.2215
 10
3138588.6474
 20
320863.0094
 10
3138583.2342
 20
320858.3832
 10
3138528.6474
 20
320835.7568
 10
3138468.6474
 20
320813.3266
 10
3138410.8653
 20
320798.3832
 10
3138408.6474
 20
320797.8651
 10
3138348.6474
 20
320796.4723
  0
LWPOLYLINE
  5
145
330
17
100
AcDbEntity
  8
CONTOUR_INDEX
100
AcDbPolyline
 90
53
 70
0
 38
100.0
 10
3138468.6474
 20
318263.781
 10
3138415.798
 20
318218.3832
 10
3138408.6474
 20
318213.1326
 10
3138348.6474
 20
318178.3676
 10
3138291.5141
 20
318158.3832
 10
3138288.6474
 20
318157.3642
 10
3138228.6474
 20
318157.0021
 10
3138225.6122
 20
318158.3832
 10
3138168.6474
 20
318203.1701
 10
3138148.9418
 20
318218.3832
 10
3138108.6474
 20
318236.116
 10
3138060.559
 20
318278.3832
 10
3138074.796
 20
318338.3832
 10
3138100.0312
 20
318398.3832
 10
3138108.6474
 20
318414.5834
 10
3138133.2119
 20
318458.3832
 10
3138168.6474
 20
318512.8301
 10
3138173.3893
 20
318518.3832
 10
3138206.3696
 20
318578.3832
 10
3138213.5041
 20
318638.3832
 10
3138218.5855
 20
318698.3832
 10
3138218.9834
 20
318758.3832
 10
3138218.131
 20
318818.3832
 10
3138221.1365
 20
318878.3832
 10
3138228.6474
 20
318893.9561
 10
3138275.0482
 20
318938.3832
 10
3138288.6474
 20
318946.1451
 10
3138348.6474
 20
318965.5322
 10
3138408.6474
 20
318978.7439
 10
3138468.6474
 20
318991.1221
 10
3138528.6474
 20
318995.9424
 10
3138588.6474
 20
318981.1361
 10
3138648.6474
 20
318943.5764
 10
3138654.9556
 20
318938.3832
 10
3138700.2194
 20
318878.3832
 10
3138708.6474
 20
318848.7196
 10
3138718.6629
 20
318818.3832
 10
3138720.0712
 20
318758.3832
 10
3138710.1813
 20
318698.3832
 10
3138708.6474
 20
318694.9065
 10
3138679.4112
 20
318638.3832
 10
3138648.6474
 20
318605.145
 10
3138597.8477
 20
318578.3832
 10
3138588.6474
 20
318572.4497
 10
3138528.6474
 20
318548.4133
 10
3138468.6474
 20
318526.3912
 10
3138449.9462
 20
318518.3832
 10
3138422.9812
 20
318458.3832
 10
3138459.0935
 20
318398.3832
 10
3138468.6474
 20
318373.3536
 10
3138478.2106
 20
318338.3832
 10
3138480.5069
 20
318278.3832
 10
3138468.6474
 20
318263.781
  0
LWPOLYLINE
  5
146
330
17
100
AcDbEntity
  8
CONTOUR_MAJOR
100
AcDbPolyline
 90
75
 70
0
 38
105.0
 10
3138288.6474
 20
320800.166
 10
3138228.6474
 20
320799.2289
 10
3138168.6474
 20
320801.1354
 10
3138108.6474
 20
320808.8445
 10
3138048.6474
 20
320816.2783
 10
3137988.6474
 20
320837.6095
 10
3137958.5158
 20
320858.3832
 10
3137928.6474
 20
320876.7922
 10
3137868.6474
 20
320915.5211
 10
3137862.2291
 20
320918.3832
 10
3137808.6474
 20
320940.1442
 10
3137748.6474
 20
320949.7909
 10
3137688.6474
 20
320955.0597
 10
3137628.6474
 20
320956.8024
 10
3137568.6474
 20
320964.7442
 10
3137536.6828
 20
320978.3832
 10
3137508.6474
 20
321016.2183
 10
3137494.8867
 20
321038.3832
 10
3137464.4473
 20
321098.3832
 10
3137448.6474
 20
321134.7915
 10
3137440.7736
 20
321158.3832
 10
3137430.6389
 20
321218.3832
 10
3137430.8633
 20
321278.3832
 10
3137425.6465
 20
321338.3832
 10
3137432.445
 20
321398.3832
 10
3137444.2778
 20
321458.3832
 10
3137448.6474
 20
321471.4358
 10
3137471.287
 20
321518.3832
 10
3137508.6474
 20
321565.3952
 10
3137524.8278
 20
321578.3832
 10
3137568.6474
 20
321609.1849
 10
3137606.9672
 20
321638.3832
 10
3137628.6474
 20
321651.7803
 10
3137688.6474
 20
321697.3756
 10
3137690.0222
 20
321698.3832
 10
3137748.6474
 20
321733.6365
 10
3137807.4436
 20
321758.3832
 10
3137808.6474
 20
321758.8997
 10
3137868.6474
 20
321764.2739
 10
3137924.2303
 20
321758.3832
 10
3137928.6474
 20
321757.7071
 10
3137988.6474
 20
321743.4763
 10
3138048.6474
 20
321718.867
 10
3138071.6339
 20
321698.3832
 10
3138108.6474
 20
321658.8025
 10
3138136.9064
 20
321638.3832
 10
3138168.6474
 20
321626.6891
 10
3138228.6474
 20
321614.075
 10
3138275.6267
 20
321578.3832
 10
3138288.6474
 20
321532.636
 10
3138292.3899
 20
321518.3832
 10
3138303.7701
 20
321458.3832
 10
3138288.6474
 20
321427.0426
 10
3138272.8042
 20
321398.3832
 10
3138232.4615
 20
321338.3832
 10
3138269.7486
 20
321278.3832
 10
3138288.6474
 20
321268.3832
 10
3138348.6474
 20
321242.9542
 10
3138408.6474
 20
321227.2487
 10
3138439.601
 20
321218.3832
 10
3138468.6474
 20
321209.6862
 10
3138528.6474
 20
321178.6463
 10
3138552.9999
 20
321158.3832
 10
3138588.6474
 20
321104.8916
 10
3138591.7326
 20
321098.3832
 10
3138612.8938
 20
321038.3832
 10
3138641.1341
 20
320978.3832
 10
3138633.3025
 20
320918.3832
 10
3138588.6474
 20
320880.6669
 10
3138562.5731
 20
320858.3832
 10
3138528.6474
 20
320844.3209
 10
3138468.6474
 20
320820.8737
 10
3138408.6474
 20
320804.3702
 10
3138348.6474
 20
320802.2456
 10
3138288.6474
 20
320800.166
  0
LWPOLYLINE
  5
147
330
17
100
AcDbEntity
  8
CONTOUR_MAJOR
100
AcDbPolyline
 90
53
 70
0
 38
105.0
 10
3138288.6474
 20
318938.3832
 10
3138288.6474
 20
318938.3832
 10
3138348.6474
 20
318958.7279
 10
3138228.6474
 20
318880.9352
 10
3138227.4166
 20
318878.3832
 10
3138223.1773
 20
318818.3832
 10
3138223.9241
 20
318758.3832
 10
3138224.0539
 20
318698.3832
 10
3138220.0202
 20
318638.3832
 10
3138214.4471
 20
318578.3832
 10
3138182.8351
 20
318518.3832
 10
3138168.6474
 20
318501.7681
 10
3138140.4113
 20
318458.3832
 10
3138108.6474
 20
318401.7464
 10
3138106.8586
 20
318398.3832
 10
3138082.1042
 20
318338.3832
 10
3138074.3775
 20
318278.3832
 10
3138108.6474
 20
318248.2617
 10
3138168.6474
 20
318222.1087
 10
3138173.4976
 20
318218.3832
 10
3138228.6474
 20
318171.2527
 10
3138288.6474
 20
318170.0662
 10
3138348.6474
 20
318190.0272
 10
3138397.4175
 20
318218.3832
 10
3138408.6474
 20
318226.4253
 10
3138468.6474
 20
318277.741
 10
3138469.169
 20
318278.3832
 10
3138468.6474
 20
318289.0808
 10
3138466.189
 20
318338.3832
 10
3138442.1539
 20
318398.3832
 10
3138408.6474
 20
318444.3832
 10
3138399.7377
 20
318458.3832
 10
3138408.6474
 20
318505.4144
 10
3138414.527
 20
318518.3832
 10
3138468.6474
 20
318541.5581
 10
3138528.6474
 20
318563.4887
 10
3138567.5451
 20
318578.3832
 10
3138588.6474
 20
318583.2412
 10
3138648.6474
 20
318615.5907
 10
3138669.7432
 20
318638.3832
 10
3138701.9479
 20
318698.3832
 10
3138708.6474
 20
318739.8433
 10
3138711.696
 20
318758.3832
 10
3138709.4065
 20
318818.3832
 10
3138708.6474
 20
318820.6822
 10
3138692.2534
 20
318878.3832
 10
3138648.6474
 20
318933.5832
 10
3138643.6264
 20
318938.3832
 10
3138588.6474
 20
318974.2538
 10
3138528.6474
 20
318989.6518
 10
3138468.6474
 20
318985.1113
 10
3138408.6474
 20
318972.5249
 10
3138348.6474
 20
318958.7279
  0
LWPOLYLINE
  5
148
330
17
100
AcDbEntity
  8
CONTOUR_INDEX
100
AcDbPolyline
 90
73
 70
0
 38
110.0
 10
3138348.6474
 20
320807.7633
 10
3138288.6474
 20
320805.4719
 10
3138228.6474
 20
320804.0896
 10
3138168.6474
 20
320805.4901
 10
3138108.6474
 20
320812.6569
 10
3138048.6474
 20
320819.9971
 10
3137988.6474
 20
320842.3851
 10
3137965.4426
 20
320858.3832
 10
3137928.6474
 20
320881.0614
 10
3137872.211
 20
320918.3832
 10
3137868.6474
 20
320921.3996
 10
3137808.6474
 20
320945.9627
 10
3137748.6474
 20
320956.0474
 10
3137688.6474
 20
320961.8794
 10
3137628.6474
 20
320964.8131
 10
3137568.6474
 20
320974.1634
 10
3137558.7578
 20
320978.3832
 10
3137514.1449
 20
321038.3832
 10
3137508.6474
 20
321052.9839
 10
3137489.0576
 20
321098.3832
 10
3137463.8032
 20
321158.3832
 10
3137452.1902
 20
321218.3832
 10
3137453.2709
 20
321278.3832
 10
3137448.6474
 20
321293.1731
 10
3137440.6016
 20
321338.3832
 10
3137444.5908
 20
321398.3832
 10
3137448.6474
 20
321419.2148
 10
3137458.394
 20
321458.3832
 10
3137488.2075
 20
321518.3832
 10
3137508.6474
 20
321544.1035
 10
3137551.353
 20
321578.3832
 10
3137568.6474
 20
321590.5398
 10
3137628.6474
 20
321636.2006
 10
3137631.1402
 20
321638.3832
 10
3137688.6474
 20
321681.1242
 10
3137712.1951
 20
321698.3832
 10
3137748.6474
 20
321720.3032
 10
3137808.6474
 20
321741.0498
 10
3137868.6474
 20
321740.5163
 10
3137928.6474
 20
321729.5381
 10
3137988.6474
 20
321712.4204
 10
3138017.3763
 20
321698.3832
 10
3138048.6474
 20
321675.6755
 10
3138083.6258
 20
321638.3832
 10
3138108.6474
 20
321613.2891
 10
3138168.6474
 20
321602.018
 10
3138228.6474
 20
321589.2199
 10
3138242.9114
 20
321578.3832
 10
3138263.6902
 20
321518.3832
 10
3138278.1246
 20
321458.3832
 10
3138247.2505
 20
321398.3832
 10
3138228.6474
 20
321370.9804
 10
3138205.513
 20
321338.3832
 10
3138228.6474
 20
321282.8703
 10
3138231.3363
 20
321278.3832
 10
3138288.6474
 20
321248.058
 10
3138348.6474
 20
321221.3248
 10
3138360.076
 20
321218.3832
 10
3138408.6474
 20
321206.5389
 10
3138468.6474
 20
321187.7243
 10
3138528.6474
 20
321159.8493
 10
3138530.4095
 20
321158.3832
 10
3138573.7672
 20
321098.3832
 10
3138588.6474
 20
321052.9899
 10
3138593.6507
 20
321038.3832
 10
3138623.3299
 20
320978.3832
 10
3138612.3966
 20
320918.3832
 10
3138588.6474
 20
320898.3243
 10
3138541.9119
 20
320858.3832
 10
3138528.6474
 20
320852.885
 10
3138468.6474
 20
320828.4209
 10
3138408.6474
 20
320810.8497
 10
3138348.6474
 20
320807.7633
  0
LWPOLYLINE
  5
149
330
17
100
AcDbEntity
  8
CONTOUR_INDEX
100
AcDbPolyline
 90
51
 70
0
 38
110.0
 10
3138377.364
 20
318218.3832
 10
3138348.6474
 20
318201.6867
 10
3138288.6474
 20
318182.8484
 10
3138228.6474
 20
318185.7455
 10
3138190.4564
 20
318218.3832
 10
3138168.6474
 20
318235.1352
 10
3138108.6474
 20
318260.4074
 10
3138088.196
 20
318278.3832
 10
3138089.4124
 20
318338.3832
 10
3138108.6474
 20
318385.2437
 10
3138114.5404
 20
318398.3832
 10
3138147.6107
 20
318458.3832
 10
3138168.6474
 20
318490.7062
 10
3138192.281
 20
318518.3832
 10
3138222.5247
 20
318578.3832
 10
3138226.5362
 20
318638.3832
 10
3138228.6474
 20
318678.5484
 10
3138229.722
 20
318698.3832
 10
3138228.8875
 20
318758.3832
 10
3138228.6474
 20
318779.0082
 10
3138228.2236
 20
318818.3832
 10
3138228.6474
 20
318824.0588
 10
3138235.5765
 20
318878.3832
 10
3138288.6474
 20
318930.0009
 10
3138308.7143
 20
318938.3832
 10
3138348.6474
 20
318951.9236
 10
3138408.6474
 20
318966.306
 10
3138468.6474
 20
318979.1004
 10
3138528.6474
 20
318983.3611
 10
3138588.6474
 20
318967.3715
 10
3138633.0778
 20
318938.3832
 10
3138648.6474
 20
318923.4991
 10
3138684.2874
 20
318878.3832
 10
3138701.6629
 20
318818.3832
 10
3138703.6839
 20
318758.3832
 10
3138693.7174
 20
318698.3832
 10
3138660.0751
 20
318638.3832
 10
3138648.6474
 20
318626.0364
 10
3138588.6474
 20
318592.3046
 10
3138528.6474
 20
318578.4819
 10
3138528.1474
 20
318578.3832
 10
3138468.6474
 20
318556.7249
 10
3138408.6474
 20
318531.2271
 10
3138393.4099
 20
318518.3832
 10
3138384.9375
 20
318458.3832
 10
3138408.6474
 20
318421.1273
 10
3138425.2144
 20
318398.3832
 10
3138454.5926
 20
318338.3832
 10
3138452.6228
 20
318278.3832
 10
3138408.6474
 20
318240.7862
 10
3138377.364
 20
318218.3832
  0
LWPOLYLINE
  5
14A
330
17
100
AcDbEntity
  8
CONTOUR_MAJOR
100
AcDbPolyline
 90
71
 70
0
 38
115.0
 10
3138408.6474
 20
320817.3292
 10
3138348.6474
 20
320813.2811
 10
3138288.6474
 20
320810.7779
 10
3138228.6474
 20
320808.9502
 10
3138168.6474
 20
320809.8449
 10
3138108.6474
 20
320816.4693
 10
3138048.6474
 20
320823.716
 10
3137988.6474
 20
320847.1606
 10
3137972.3695
 20
320858.3832
 10
3137928.6474
 20
320885.3306
 10
3137878.6668
 20
320918.3832
 10
3137868.6474
 20
320926.864
 10
3137808.6474
 20
320951.7811
 10
3137748.6474
 20
320962.3039
 10
3137688.6474
 20
320968.6991
 10
3137628.6474
 20
320972.8237
 10
3137595.2285
 20
320978.3832
 10
3137568.6474
 20
320994.23
 10
3137535.6195
 20
321038.3832
 10
3137513.6721
 20
321098.3832
 10
3137508.6474
 20
321111.5162
 10
3137489.7547
 20
321158.3832
 10
3137474.9003
 20
321218.3832
 10
3137479.5406
 20
321278.3832
 10
3137459.0921
 20
321338.3832
 10
3137459.3091
 20
321398.3832
 10
3137473.9139
 20
321458.3832
 10
3137505.128
 20
321518.3832
 10
3137508.6474
 20
321522.8118
 10
3137568.6474
 20
321570.5158
 10
3137577.465
 20
321578.3832
 10
3137628.6474
 20
321617.0558
 10
3137653.006
 20
321638.3832
 10
3137688.6474
 20
321664.8729
 10
3137734.3681
 20
321698.3832
 10
3137748.6474
 20
321706.9698
 10
3137808.6474
 20
321723.0318
 10
3137868.6474
 20
321714.919
 10
3137928.6474
 20
321701.3691
 10
3137938.3722
 20
321698.3832
 10
3137988.6474
 20
321678.7181
 10
3138039.8936
 20
321638.3832
 10
3138048.6474
 20
321624.862
 10
3138094.9091
 20
321578.3832
 10
3138108.6474
 20
321565.6559
 10
3138168.6474
 20
321576.321
 10
3138228.6474
 20
321535.7635
 10
3138235.2002
 20
321518.3832
 10
3138245.4448
 20
321458.3832
 10
3138228.6474
 20
321419.1465
 10
3138214.9332
 20
321398.3832
 10
3138178.7988
 20
321338.3832
 10
3138200.149
 20
321278.3832
 10
3138228.6474
 20
321260.2073
 10
3138288.6474
 20
321227.7328
 10
3138309.4934
 20
321218.3832
 10
3138348.6474
 20
321203.2164
 10
3138408.6474
 20
321186.0471
 10
3138468.6474
 20
321165.7624
 10
3138484.6729
 20
321158.3832
 10
3138528.6474
 20
321135.0611
 10
3138555.3509
 20
321098.3832
 10
3138575.8888
 20
321038.3832
 10
3138588.6474
 20
321012.0798
 10
3138605.5258
 20
320978.3832
 10
3138591.4907
 20
320918.3832
 10
3138588.6474
 20
320915.9817
 10
3138528.6474
 20
320864.1574
 10
3138522.1931
 20
320858.3832
 10
3138468.6474
 20
320835.9681
 10
3138408.6474
 20
320817.3292
  0
LWPOLYLINE
  5
14B
330
17
100
AcDbEntity
  8
CONTOUR_MAJOR
100
AcDbPolyline
 90
49
 70
0
 38
115.0
 10
3138408.6474
 20
318255.1472
 10
3138357.3106
 20
318218.3832
 10
3138348.6474
 20
318213.3462
 10
3138288.6474
 20
318195.6307
 10
3138228.6474
 20
318200.2382
 10
3138207.4151
 20
318218.3832
 10
3138168.6474
 20
318248.1617
 10
3138108.6474
 20
318272.5532
 10
3138102.0146
 20
318278.3832
 10
3138096.7205
 20
318338.3832
 10
3138108.6474
 20
318367.4395
 10
3138122.5255
 20
318398.3832
 10
3138154.8102
 20
318458.3832
 10
3138168.6474
 20
318479.6442
 10
3138201.7268
 20
318518.3832
 10
3138228.6474
 20
318573.6872
 10
3138231.6649
 20
318578.3832
 10
3138235.3185
 20
318638.3832
 10
3138236.4379
 20
318698.3832
 10
3138234.3441
 20
318758.3832
 10
3138234.2001
 20
318818.3832
 10
3138244.1947
 20
318878.3832
 10
3138288.6474
 20
318921.6187
 10
3138328.7812
 20
318938.3832
 10
3138348.6474
 20
318945.1194
 10
3138408.6474
 20
318960.0871
 10
3138468.6474
 20
318973.0896
 10
3138528.6474
 20
318977.0705
 10
3138588.6474
 20
318960.4891
 10
3138622.5293
 20
318938.3832
 10
3138648.6474
 20
318913.4151
 10
3138676.3214
 20
318878.3832
 10
3138694.0545
 20
318818.3832
 10
3138695.8795
 20
318758.3832
 10
3138685.487
 20
318698.3832
 10
3138650.407
 20
318638.3832
 10
3138648.6474
 20
318636.482
 10
3138588.6474
 20
318601.3681
 10
3138528.6474
 20
318586.7078
 10
3138486.4808
 20
318578.3832
 10
3138468.6474
 20
318571.8918
 10
3138408.6474
 20
318546.6275
 10
3138375.1395
 20
318518.3832
 10
3138370.1373
 20
318458.3832
 10
3138408.3883
 20
318398.3832
 10
3138408.6474
 20
318397.9408
 10
3138442.9961
 20
318338.3832
 10
3138435.8255
 20
318278.3832
 10
3138408.6474
 20
318255.1472
  0
LWPOLYLINE
  5
14C
330
17
100
AcDbEntity
  8
CONTOUR_INDEX
100
AcDbPolyline
 90
67
 70
0
 38
120.0
 10
3138228.6474
 20
320813.8109
 10
3138168.6474
 20
320814.1997
 10
3138108.6474
 20
320820.2817
 10
3138048.6474
 20
320827.4349
 10
3137988.6474
 20
320851.9362
 10
3137979.2963
 20
320858.3832
 10
3137928.6474
 20
320889.5999
 10
3137885.1226
 20
320918.3832
 10
3137868.6474
 20
320932.3285
 10
3137808.6474
 20
320957.5996
 10
3137748.6474
 20
320968.5604
 10
3137688.6474
 20
320975.5189
 10
3137653.9367
 20
320978.3832
 10
3137628.6474
 20
320983.7391
 10
3137568.6474
 20
321022.9382
 10
3137557.0941
 20
321038.3832
 10
3137538.3026
 20
321098.3832
 10
3137517.0512
 20
321158.3832
 10
3137508.6474
 20
321179.9135
 10
3137497.6104
 20
321218.3832
 10
3137505.8103
 20
321278.3832
 10
3137481.6994
 20
321338.3832
 10
3137475.3177
 20
321398.3832
 10
3137489.4338
 20
321458.3832
 10
3137508.6474
 20
321494.9743
 10
3137531.2976
 20
321518.3832
 10
3137568.6474
 20
321547.9084
 10
3137602.8029
 20
321578.3832
 10
3137628.6474
 20
321597.9109
 10
3137674.8719
 20
321638.3832
 10
3137688.6474
 20
321648.6215
 10
3137748.6474
 20
321690.4544
 10
3137778.1502
 20
321698.3832
 10
3137808.6474
 20
321705.0138
 10
3137839.2292
 20
321698.3832
 10
3137868.6474
 20
321688.1223
 10
3137928.6474
 20
321671.67
 10
3137988.6474
 20
321642.8329
 10
3137994.3009
 20
321638.3832
 10
3138033.9923
 20
321578.3832
 10
3138048.6474
 20
321522.3392
 10
3138053.5123
 20
321518.3832
 10
3138097.1911
 20
321458.3832
 10
3138108.6474
 20
321451.054
 10
3138163.3571
 20
321398.3832
 10
3138145.1329
 20
321338.3832
 10
3138168.6474
 20
321280.9758
 10
3138169.5055
 20
321278.3832
 10
3138228.6474
 20
321240.6633
 10
3138269.3617
 20
321218.3832
 10
3138288.6474
 20
321210.4807
 10
3138348.6474
 20
321185.6623
 10
3138408.6474
 20
321165.5553
 10
3138429.3575
 20
321158.3832
 10
3138468.6474
 20
321142.498
 10
3138528.6474
 20
321109.766
 10
3138536.9347
 20
321098.3832
 10
3138558.6474
 20
321038.3832
 10
3138587.7666
 20
320978.3832
 10
3138572.578
 20
320918.3832
 10
3138528.6474
 20
320880.2864
 10
3138504.1643
 20
320858.3832
 10
3138468.6474
 20
320843.5152
 10
3138408.6474
 20
320823.8086
 10
3138348.6474
 20
320818.7988
 10
3138288.6474
 20
320816.0839
 10
3138228.6474
 20
320813.8109
  0
LWPOLYLINE
  5
14D
330
17
100
AcDbEntity
  8
CONTOUR_INDEX
100
AcDbPolyline
 90
5
 70
0
 38
120.0
 10
3138168.6474
 20
321483.9883
 10
3138144.7536
 20
321518.3832
 10
3138168.6474
 20
321527.2211
 10
3138180.0159
 20
321518.3832
 10
3138168.6474
 20
321483.9883
  0
LWPOLYLINE
  5
14E
330
17
100
AcDbEntity
  8
CONTOUR_INDEX
100
AcDbPolyline
 90
49
 70
0
 38
120.0
 10
3138348.6474
 20
318228.599
 10
3138323.3655
 20
318218.3832
 10
3138288.6474
 20
318208.413
 10
3138228.6474
 20
318214.731
 10
3138224.3738
 20
318218.3832
 10
3138168.6474
 20
318261.1882
 10
3138125.604
 20
318278.3832
 10
3138108.6474
 20
318305.4665
 10
3138104.0287
 20
318338.3832
 10
3138108.6474
 20
318349.6354
 10
3138130.5106
 20
318398.3832
 10
3138162.0096
 20
318458.3832
 10
3138168.6474
 20
318468.5823
 10
3138211.1726
 20
318518.3832
 10
3138228.6474
 20
318554.2823
 10
3138244.1337
 20
318578.3832
 10
3138245.1869
 20
318638.3832
 10
3138243.1538
 20
318698.3832
 10
3138239.8006
 20
318758.3832
 10
3138240.2619
 20
318818.3832
 10
3138252.8129
 20
318878.3832
 10
3138288.6474
 20
318913.2365
 10
3138348.6474
 20
318938.3101
 10
3138348.8874
 20
318938.3832
 10
3138408.6474
 20
318953.8682
 10
3138468.6474
 20
318967.0788
 10
3138528.6474
 20
318970.7799
 10
3138588.6474
 20
318953.6068
 10
3138611.9808
 20
318938.3832
 10
3138648.6474
 20
318903.3311
 10
3138668.3554
 20
318878.3832
 10
3138686.4461
 20
318818.3832
 10
3138688.0751
 20
318758.3832
 10
3138677.2565
 20
318698.3832
 10
3138648.6474
 20
318649.8131
 10
3138636.0693
 20
318638.3832
 10
3138588.6474
 20
318610.4315
 10
3138528.6474
 20
318594.9337
 10
3138468.6474
 20
318583.3142
 10
3138447.6438
 20
318578.3832
 10
3138408.6474
 20
318562.0279
 10
3138356.8691
 20
318518.3832
 10
3138355.3371
 20
318458.3832
 10
3138396.6098
 20
318398.3832
 10
3138408.6474
 20
318377.8336
 10
3138431.3997
 20
318338.3832
 10
3138419.0282
 20
318278.3832
 10
3138408.6474
 20
318269.5081
 10
3138348.6474
 20
318228.599
  0
LWPOLYLINE
  5
14F
330
17
100
AcDbEntity
  8
CONTOUR_MAJOR
100
AcDbPolyline
 90
65
 70
0
 38
125.0
 10
3138288.6474
 20
320821.3899
 10
3138228.6474
 20
320818.6716
 10
3138168.6474
 20
320818.5544
 10
3138108.6474
 20
320824.0942
 10
3138048.6474
 20
320831.1537
 10
3137988.6474
 20
320856.7117
 10
3137986.2231
 20
320858.3832
 10
3137928.6474
 20
320893.8691
 10
3137891.5784
 20
320918.3832
 10
3137868.6474
 20
320937.793
 10
3137808.6474
 20
320963.4181
 10
3137748.6474
 20
320974.8169
 10
3137718.9083
 20
320978.3832
 10
3137688.6474
 20
320985.4021
 10
3137628.6474
 20
321001.242
 10
3137579.375
 20
321038.3832
 10
3137568.6474
 20
321078.3255
 10
3137562.9332
 20
321098.3832
 10
3137547.9471
 20
321158.3832
 10
3137522.5144
 20
321218.3832
 10
3137533.4942
 20
321278.3832
 10
3137508.6474
 20
321327.7559
 10
3137504.3068
 20
321338.3832
 10
3137491.3262
 20
321398.3832
 10
3137504.9537
 20
321458.3832
 10
3137508.6474
 20
321465.4176
 10
3137559.8963
 20
321518.3832
 10
3137568.6474
 20
321525.301
 10
3137628.1407
 20
321578.3832
 10
3137628.6474
 20
321578.7661
 10
3137688.6474
 20
321629.5456
 10
3137701.6451
 20
321638.3832
 10
3137748.6474
 20
321668.1827
 10
3137808.6474
 20
321676.6898
 10
3137868.6474
 20
321659.1368
 10
3137928.6474
 20
321641.7895
 10
3137935.5565
 20
321638.3832
 10
3137988.6474
 20
321581.7452
 10
3137990.8888
 20
321578.3832
 10
3138003.04
 20
321518.3832
 10
3138022.6509
 20
321458.3832
 10
3138048.6474
 20
321433.2995
 10
3138097.8927
 20
321398.3832
 10
3138106.7786
 20
321338.3832
 10
3138108.6474
 20
321336.0614
 10
3138138.209
 20
321278.3832
 10
3138168.6474
 20
321260.9638
 10
3138228.6474
 20
321221.1193
 10
3138233.6474
 20
321218.3832
 10
3138288.6474
 20
321195.8466
 10
3138348.6474
 20
321168.1081
 10
3138376.2554
 20
321158.3832
 10
3138408.6474
 20
321144.1288
 10
3138468.6474
 20
321118.5745
 10
3138504.9746
 20
321098.3832
 10
3138528.6474
 20
321072.8018
 10
3138541.4061
 20
321038.3832
 10
3138570.827
 20
320978.3832
 10
3138553.9791
 20
320918.3832
 10
3138528.6474
 20
320896.4154
 10
3138486.1354
 20
320858.3832
 10
3138468.6474
 20
320851.0624
 10
3138408.6474
 20
320830.2881
 10
3138348.6474
 20
320824.3166
 10
3138288.6474
 20
320821.3899
  0
LWPOLYLINE
  5
150
330
17
100
AcDbEntity
  8
CONTOUR_MAJOR
100
AcDbPolyline
 90
47
 70
0
 38
125.0
 10
3138419.8032
 20
318338.3832
 10
3138408.6474
 20
318295.4367
 10
3138397.987
 20
318278.3832
 10
3138348.6474
 20
318246.5846
 10
3138288.6474
 20
318222.7025
 10
3138228.6474
 20
318232.523
 10
3138168.6474
 20
318274.2147
 10
3138158.2127
 20
318278.3832
 10
3138113.4163
 20
318338.3832
 10
3138138.4957
 20
318398.3832
 10
3138168.6474
 20
318457.1688
 10
3138169.4919
 20
318458.3832
 10
3138220.6185
 20
318518.3832
 10
3138228.6474
 20
318534.8773
 10
3138256.6026
 20
318578.3832
 10
3138255.0553
 20
318638.3832
 10
3138249.8697
 20
318698.3832
 10
3138245.2571
 20
318758.3832
 10
3138246.3237
 20
318818.3832
 10
3138261.4311
 20
318878.3832
 10
3138288.6474
 20
318904.8542
 10
3138348.6474
 20
318931.0037
 10
3138372.8874
 20
318938.3832
 10
3138408.6474
 20
318947.6493
 10
3138468.6474
 20
318961.068
 10
3138528.6474
 20
318964.4893
 10
3138588.6474
 20
318946.7245
 10
3138601.4323
 20
318938.3832
 10
3138648.6474
 20
318893.247
 10
3138660.3894
 20
318878.3832
 10
3138678.8377
 20
318818.3832
 10
3138680.2708
 20
318758.3832
 10
3138669.026
 20
318698.3832
 10
3138648.6474
 20
318663.786
 10
3138620.6926
 20
318638.3832
 10
3138588.6474
 20
318619.4949
 10
3138528.6474
 20
318603.1597
 10
3138468.6474
 20
318591.9349
 10
3138410.9241
 20
318578.3832
 10
3138408.6474
 20
318577.4283
 10
3138348.6474
 20
318529.5318
 10
3138337.1812
 20
318518.3832
 10
3138342.5495
 20
318458.3832
 10
3138348.6474
 20
318449.3003
 10
3138384.8312
 20
318398.3832
 10
3138408.6474
 20
318357.7263
 10
3138419.8032
 20
318338.3832
  0
LWPOLYLINE
  5
151
330
17
100
AcDbEntity
  8
CONTOUR_INDEX
100
AcDbPolyline
 90
65
 70
0
 38
130.0
 10
3138288.6474
 20
320826.6959
 10
3138228.6474
 20
320823.5322
 10
3138168.6474
 20
320822.9092
 10
3138108.6474
 20
320827.9066
 10
3138048.6474
 20
320834.8726
 10
3137994.2413
 20
320858.3832
 10
3137988.6474
 20
320861.1757
 10
3137928.6474
 20
320898.1384
 10
3137898.0341
 20
320918.3832
 10
3137868.6474
 20
320943.2575
 10
3137808.6474
 20
320969.2365
 10
3137761.5346
 20
320978.3832
 10
3137748.6474
 20
320982.8842
 10
3137688.6474
 20
320997.5038
 10
3137628.6474
 20
321018.7449
 10
3137602.5948
 20
321038.3832
 10
3137581.7384
 20
321098.3832
 10
3137575.5034
 20
321158.3832
 10
3137568.6474
 20
321177.4216
 10
3137549.4928
 20
321218.3832
 10
3137561.3494
 20
321278.3832
 10
3137538.2084
 20
321338.3832
 10
3137508.6474
 20
321392.8551
 10
3137507.3347
 20
321398.3832
 10
3137508.6474
 20
321404.2125
 10
3137529.8534
 20
321458.3832
 10
3137568.6474
 20
321498.4406
 10
3137589.8491
 20
321518.3832
 10
3137628.6474
 20
321552.2498
 10
3137656.3572
 20
321578.3832
 10
3137688.6474
 20
321605.6602
 10
3137736.7739
 20
321638.3832
 10
3137748.6474
 20
321645.911
 10
3137808.6474
 20
321642.3649
 10
3137826.0474
 20
321638.3832
 10
3137868.6474
 20
321620.7434
 10
3137928.6474
 20
321588.3267
 10
3137938.0425
 20
321578.3832
 10
3137950.8332
 20
321518.3832
 10
3137958.473
 20
321458.3832
 10
3137988.6474
 20
321436.4844
 10
3138028.515
 20
321398.3832
 10
3138048.6474
 20
321360.8523
 10
3138057.5983
 20
321338.3832
 10
3138106.3366
 20
321278.3832
 10
3138108.6474
 20
321277.4275
 10
3138168.6474
 20
321243.0427
 10
3138205.5705
 20
321218.3832
 10
3138228.6474
 20
321207.1413
 10
3138288.6474
 20
321181.2124
 10
3138335.3075
 20
321158.3832
 10
3138348.6474
 20
321150.6758
 10
3138408.6474
 20
321122.1989
 10
3138461.1112
 20
321098.3832
 10
3138468.6474
 20
321093.2962
 10
3138520.6228
 20
321038.3832
 10
3138528.6474
 20
321029.4689
 10
3138553.8874
 20
320978.3832
 10
3138535.3802
 20
320918.3832
 10
3138528.6474
 20
320912.5444
 10
3138468.6474
 20
320858.9073
 10
3138468.1127
 20
320858.3832
 10
3138408.6474
 20
320836.7676
 10
3138348.6474
 20
320829.8343
 10
3138288.6474
 20
320826.6959
  0
LWPOLYLINE
  5
152
330
17
100
AcDbEntity
  8
CONTOUR_INDEX
100
AcDbPolyline
 90
45
 70
0
 38
130.0
 10
3138407.9394
 20
318338.3832
 10
3138370.08
 20
318278.3832
 10
3138348.6474
 20
318264.5702
 10
3138288.6474
 20
318242.336
 10
3138228.6474
 20
318251.4266
 10
3138188.0207
 20
318278.3832
 10
3138168.6474
 20
318288.7332
 10
3138126.3753
 20
318338.3832
 10
3138146.4808
 20
318398.3832
 10
3138168.6474
 20
318441.6006
 10
3138180.3183
 20
318458.3832
 10
3138228.6474
 20
318516.4326
 10
3138234.7368
 20
318518.3832
 10
3138269.0714
 20
318578.3832
 10
3138264.9238
 20
318638.3832
 10
3138256.5857
 20
318698.3832
 10
3138250.7137
 20
318758.3832
 10
3138252.3856
 20
318818.3832
 10
3138270.0493
 20
318878.3832
 10
3138288.6474
 20
318896.472
 10
3138348.6474
 20
318923.6973
 10
3138396.8874
 20
318938.3832
 10
3138408.6474
 20
318941.4304
 10
3138468.6474
 20
318955.0572
 10
3138528.6474
 20
318958.1986
 10
3138588.6474
 20
318939.8422
 10
3138590.8837
 20
318938.3832
 10
3138648.6474
 20
318883.163
 10
3138652.4233
 20
318878.3832
 10
3138671.2292
 20
318818.3832
 10
3138672.4664
 20
318758.3832
 10
3138660.7956
 20
318698.3832
 10
3138648.6474
 20
318677.759
 10
3138605.3158
 20
318638.3832
 10
3138588.6474
 20
318628.5584
 10
3138528.6474
 20
318611.3856
 10
3138468.6474
 20
318600.5556
 10
3138408.6474
 20
318589.0828
 10
3138384.6781
 20
318578.3832
 10
3138348.6474
 20
318549.8021
 10
3138316.3333
 20
318518.3832
 10
3138331.4219
 20
318458.3832
 10
3138348.6474
 20
318432.7257
 10
3138373.0526
 20
318398.3832
 10
3138407.9394
 20
318338.3832
  0
LWPOLYLINE
  5
153
330
17
100
AcDbEntity
  8
CONTOUR_MAJOR
100
AcDbPolyline
 90
61
 70
0
 38
135.0
 10
3138408.6474
 20
320843.2471
 10
3138348.6474
 20
320835.3521
 10
3138288.6474
 20
320832.0018
 10
3138228.6474
 20
320828.3929
 10
3138168.6474
 20
320827.264
 10
3138108.6474
 20
320831.719
 10
3138048.6474
 20
320838.5914
 10
3138002.8471
 20
320858.3832
 10
3137988.6474
 20
320865.4718
 10
3137928.6474
 20
320902.4076
 10
3137904.4899
 20
320918.3832
 10
3137868.6474
 20
320948.722
 10
3137808.6474
 20
320975.055
 10
3137791.5046
 20
320978.3832
 10
3137748.6474
 20
320993.3518
 10
3137688.6474
 20
321009.6054
 10
3137628.6474
 20
321036.2478
 10
3137625.8146
 20
321038.3832
 10
3137598.7838
 20
321098.3832
 10
3137596.279
 20
321158.3832
 10
3137578.104
 20
321218.3832
 10
3137594.3617
 20
321278.3832
 10
3137577.6314
 20
321338.3832
 10
3137568.6474
 20
321346.3705
 10
3137536.0232
 20
321398.3832
 10
3137557.6827
 20
321458.3832
 10
3137568.6474
 20
321469.705
 10
3137620.399
 20
321518.3832
 10
3137628.6474
 20
321525.5832
 10
3137684.6324
 20
321578.3832
 10
3137688.6474
 20
321581.7749
 10
3137748.6474
 20
321606.0905
 10
3137794.4539
 20
321578.3832
 10
3137808.6474
 20
321550.8832
 10
3137844.5095
 20
321518.3832
 10
3137834.2324
 20
321458.3832
 10
3137868.6474
 20
321424.3533
 10
3137905.0872
 20
321398.3832
 10
3137928.6474
 20
321388.0621
 10
3137988.6474
 20
321345.5513
 10
3137992.363
 20
321338.3832
 10
3138048.6474
 20
321298.0213
 10
3138065.0711
 20
321278.3832
 10
3138108.6474
 20
321260.3627
 10
3138168.6474
 20
321225.1215
 10
3138178.7369
 20
321218.3832
 10
3138228.6474
 20
321194.0694
 10
3138288.6474
 20
321166.5783
 10
3138305.3972
 20
321158.3832
 10
3138348.6474
 20
321133.3947
 10
3138408.6474
 20
321100.2691
 10
3138412.802
 20
321098.3832
 10
3138468.6474
 20
321060.6875
 10
3138489.7586
 20
321038.3832
 10
3138528.6474
 20
320995.1832
 10
3138536.9478
 20
320978.3832
 10
3138528.6474
 20
320952.3193
 10
3138516.0636
 20
320918.3832
 10
3138468.6474
 20
320876.3797
 10
3138450.2874
 20
320858.3832
 10
3138408.6474
 20
320843.2471
  0
LWPOLYLINE
  5
154
330
17
100
AcDbEntity
  8
CONTOUR_MAJOR
100
AcDbPolyline
 90
45
 70
0
 38
135.0
 10
3138348.6474
 20
318284.1495
 10
3138335.6137
 20
318278.3832
 10
3138288.6474
 20
318261.9695
 10
3138228.6474
 20
318270.3302
 10
3138216.5107
 20
318278.3832
 10
3138168.6474
 20
318303.9539
 10
3138139.3343
 20
318338.3832
 10
3138154.4659
 20
318398.3832
 10
3138168.6474
 20
318426.0324
 10
3138191.1447
 20
318458.3832
 10
3138228.6474
 20
318503.4287
 10
3138275.3322
 20
318518.3832
 10
3138281.5402
 20
318578.3832
 10
3138274.7922
 20
318638.3832
 10
3138263.3016
 20
318698.3832
 10
3138256.1702
 20
318758.3832
 10
3138258.4474
 20
318818.3832
 10
3138278.6676
 20
318878.3832
 10
3138288.6474
 20
318888.0898
 10
3138348.6474
 20
318916.391
 10
3138408.6474
 20
318934.5762
 10
3138422.045
 20
318938.3832
 10
3138468.6474
 20
318949.0464
 10
3138528.6474
 20
318951.908
 10
3138572.5549
 20
318938.3832
 10
3138588.6474
 20
318930.5476
 10
3138643.1797
 20
318878.3832
 10
3138648.6474
 20
318865.7288
 10
3138663.6208
 20
318818.3832
 10
3138664.662
 20
318758.3832
 10
3138652.5651
 20
318698.3832
 10
3138648.6474
 20
318691.732
 10
3138589.9391
 20
318638.3832
 10
3138588.6474
 20
318637.6218
 10
3138528.6474
 20
318619.6116
 10
3138468.6474
 20
318609.1763
 10
3138408.6474
 20
318600.4896
 10
3138359.1245
 20
318578.3832
 10
3138348.6474
 20
318570.0723
 10
3138295.4855
 20
318518.3832
 10
3138320.2943
 20
318458.3832
 10
3138348.6474
 20
318416.1511
 10
3138361.2741
 20
318398.3832
 10
3138389.3058
 20
318338.3832
 10
3138348.6474
 20
318284.1495
  0
LWPOLYLINE
  5
155
330
17
100
AcDbEntity
  8
CONTOUR_INDEX
100
AcDbPolyline
 90
59
 70
0
 38
140.0
 10
3138288.6474
 20
320837.3078
 10
3138228.6474
 20
320833.2535
 10
3138168.6474
 20
320831.6188
 10
3138108.6474
 20
320835.5315
 10
3138048.6474
 20
320842.3103
 10
3138011.453
 20
320858.3832
 10
3137988.6474
 20
320869.7679
 10
3137928.6474
 20
320906.6769
 10
3137910.9457
 20
320918.3832
 10
3137868.6474
 20
320954.1864
 10
3137813.9358
 20
320978.3832
 10
3137808.6474
 20
320983.2266
 10
3137748.6474
 20
321003.8193
 10
3137688.6474
 20
321021.7071
 10
3137651.9985
 20
321038.3832
 10
3137628.6474
 20
321070.7022
 10
3137615.8293
 20
321098.3832
 10
3137617.0547
 20
321158.3832
 10
3137610.7127
 20
321218.3832
 10
3137628.6474
 20
321276.687
 10
3137629.6864
 20
321278.3832
 10
3137633.0008
 20
321338.3832
 10
3137628.6474
 20
321341.1823
 10
3137568.6474
 20
321393.9141
 10
3137565.8443
 20
321398.3832
 10
3137568.6474
 20
321406.4403
 10
3137599.0997
 20
321458.3832
 10
3137628.6474
 20
321485.151
 10
3137664.608
 20
321518.3832
 10
3137688.6474
 20
321540.1365
 10
3137748.6474
 20
321531.7645
 10
3137756.7697
 20
321518.3832
 10
3137761.4523
 20
321458.3832
 10
3137793.1043
 20
321398.3832
 10
3137808.6474
 20
321383.7758
 10
3137868.6474
 20
321354.9115
 10
3137899.3843
 20
321338.3832
 10
3137928.6474
 20
321321.7032
 10
3137988.6474
 20
321285.534
 10
3137999.168
 20
321278.3832
 10
3138048.6474
 20
321266.8062
 10
3138108.6474
 20
321243.2978
 10
3138150.682
 20
321218.3832
 10
3138168.6474
 20
321210.2617
 10
3138228.6474
 20
321180.9975
 10
3138276.4816
 20
321158.3832
 10
3138288.6474
 20
321152.0186
 10
3138348.6474
 20
321116.1136
 10
3138380.3794
 20
321098.3832
 10
3138408.6474
 20
321073.3421
 10
3138456.7379
 20
321038.3832
 10
3138468.6474
 20
321029.5727
 10
3138515.604
 20
320978.3832
 10
3138496.3398
 20
320918.3832
 10
3138468.6474
 20
320893.852
 10
3138432.4621
 20
320858.3832
 10
3138408.6474
 20
320849.7266
 10
3138348.6474
 20
320840.8698
 10
3138288.6474
 20
320837.3078
  0
LWPOLYLINE
  5
156
330
17
100
AcDbEntity
  8
CONTOUR_INDEX
100
AcDbPolyline
 90
27
 70
0
 38
140.0
 10
3138468.6474
 20
318617.797
 10
3138408.6474
 20
318611.8965
 10
3138348.6474
 20
318593.1701
 10
3138288.6474
 20
318609.3184
 10
3138284.6606
 20
318638.3832
 10
3138270.0175
 20
318698.3832
 10
3138261.6267
 20
318758.3832
 10
3138264.5092
 20
318818.3832
 10
3138287.2858
 20
318878.3832
 10
3138288.6474
 20
318879.7076
 10
3138348.6474
 20
318909.0846
 10
3138408.6474
 20
318927.1117
 10
3138448.3147
 20
318938.3832
 10
3138468.6474
 20
318943.0355
 10
3138528.6474
 20
318945.6174
 10
3138552.1328
 20
318938.3832
 10
3138588.6474
 20
318920.6039
 10
3138632.7847
 20
318878.3832
 10
3138648.6474
 20
318841.671
 10
3138656.0124
 20
318818.3832
 10
3138656.8576
 20
318758.3832
 10
3138648.6474
 20
318718.3324
 10
3138642.181
 20
318698.3832
 10
3138588.6474
 20
318648.8438
 10
3138563.6429
 20
318638.3832
 10
3138528.6474
 20
318627.8375
 10
3138468.6474
 20
318617.797
  0
LWPOLYLINE
  5
157
330
17
100
AcDbEntity
  8
CONTOUR_INDEX
100
AcDbPolyline
 90
15
 70
0
 38
140.0
 10
3138288.6474
 20
318282.2239
 10
3138228.6474
 20
318289.4287
 10
3138168.6474
 20
318319.1746
 10
3138152.2932
 20
318338.3832
 10
3138162.451
 20
318398.3832
 10
3138168.6474
 20
318410.4641
 10
3138201.9712
 20
318458.3832
 10
3138228.6474
 20
318490.4248
 10
3138288.6474
 20
318502.3577
 10
3138309.1667
 20
318458.3832
 10
3138348.6474
 20
318399.5765
 10
3138349.4955
 20
318398.3832
 10
3138370.6723
 20
318338.3832
 10
3138348.6474
 20
318309.0045
 10
3138288.6474
 20
318282.2239
  0
LWPOLYLINE
  5
158
330
17
100
AcDbEntity
  8
CONTOUR_MAJOR
100
AcDbPolyline
 90
5
 70
0
 38
145.0
 10
3137688.6474
 20
321397.2403
 10
3137681.5886
 20
321398.3832
 10
3137688.6474
 20
321401.2067
 10
3137689.6559
 20
321398.3832
 10
3137688.6474
 20
321397.2403
  0
LWPOLYLINE
  5
159
330
17
100
AcDbEntity
  8
CONTOUR_MAJOR
100
AcDbPolyline
 90
45
 70
0
 38
145.0
 10
3138408.6474
 20
320856.2061
 10
3138348.6474
 20
320846.3876
 10
3138288.6474
 20
320842.6138
 10
3138228.6474
 20
320838.1142
 10
3138168.6474
 20
320835.9735
 10
3138108.6474
 20
320839.3439
 10
3138048.6474
 20
320846.0291
 10
3138020.0588
 20
320858.3832
 10
3137988.6474
 20
320874.0641
 10
3137928.6474
 20
320910.9461
 10
3137917.4015
 20
320918.3832
 10
3137868.6474
 20
320959.6509
 10
3137826.2916
 20
320978.3832
 10
3137808.6474
 20
320994.5431
 10
3137748.6474
 20
321014.2869
 10
3137688.6474
 20
321033.8087
 10
3137678.5943
 20
321038.3832
 10
3137632.9332
 20
321098.3832
 10
3137637.5587
 20
321158.3832
 10
3137649.7083
 20
321218.3832
 10
3137688.6474
 20
321272.4091
 10
3137705.6845
 20
321278.3832
 10
3137748.6474
 20
321306.0022
 10
3137808.6474
 20
321301.3656
 10
3137868.6474
 20
321288.6408
 10
3137889.3078
 20
321278.3832
 10
3137928.6474
 20
321267.8661
 10
3137988.6474
 20
321256.9756
 10
3138048.6474
 20
321247.5755
 10
3138108.6474
 20
321226.233
 10
3138121.8912
 20
321218.3832
 10
3138168.6474
 20
321197.2465
 10
3138228.6474
 20
321167.9256
 10
3138248.8318
 20
321158.3832
 10
3138288.6474
 20
321137.5538
 10
3138348.6474
 20
321098.8325
 10
3138349.4516
 20
321098.3832
 10
3138408.6474
 20
321045.9448
 10
3138419.0495
 20
321038.3832
 10
3138468.6474
 20
321001.6917
 10
3138490.0285
 20
320978.3832
 10
3138476.6159
 20
320918.3832
 10
3138468.6474
 20
320911.3243
 10
3138414.6368
 20
320858.3832
 10
3138408.6474
 20
320856.2061
  0
LWPOLYLINE
  5
15A
330
17
100
AcDbEntity
  8
CONTOUR_MAJOR
100
AcDbPolyline
 90
27
 70
0
 38
145.0
 10
3138408.6474
 20
318623.3033
 10
3138348.6474
 20
318618.2328
 10
3138314.1903
 20
318638.3832
 10
3138288.6474
 20
318653.4718
 10
3138276.7334
 20
318698.3832
 10
3138267.0832
 20
318758.3832
 10
3138270.5711
 20
318818.3832
 10
3138288.6474
 20
318865.1719
 10
3138301.14
 20
318878.3832
 10
3138348.6474
 20
318901.7782
 10
3138408.6474
 20
318919.6472
 10
3138468.6474
 20
318936.3814
 10
3138504.7113
 20
318938.3832
 10
3138528.6474
 20
318939.3268
 10
3138531.7108
 20
318938.3832
 10
3138588.6474
 20
318910.6603
 10
3138622.3897
 20
318878.3832
 10
3138648.2707
 20
318818.3832
 10
3138648.6474
 20
318795.526
 10
3138649.0533
 20
318758.3832
 10
3138648.6474
 20
318756.4035
 10
3138629.8404
 20
318698.3832
 10
3138588.6474
 20
318660.2636
 10
3138536.3454
 20
318638.3832
 10
3138528.6474
 20
318636.0634
 10
3138468.6474
 20
318626.4176
 10
3138408.6474
 20
318623.3033
  0
LWPOLYLINE
  5
15B
330
17
100
AcDbEntity
  8
CONTOUR_MAJOR
100
AcDbPolyline
 90
15
 70
0
 38
145.0
 10
3138288.6474
 20
318305.6431
 10
3138228.6474
 20
318308.6718
 10
3138168.6474
 20
318334.3953
 10
3138165.2522
 20
318338.3832
 10
3138168.6474
 20
318370.7288
 10
3138172.5544
 20
318398.3832
 10
3138212.7976
 20
318458.3832
 10
3138228.6474
 20
318477.4209
 10
3138288.6474
 20
318478.5103
 10
3138298.0391
 20
318458.3832
 10
3138334.0102
 20
318398.3832
 10
3138348.6474
 20
318348.221
 10
3138352.0388
 20
318338.3832
 10
3138348.6474
 20
318333.8595
 10
3138288.6474
 20
318305.6431
  0
LWPOLYLINE
  5
15C
330
17
100
AcDbEntity
  8
CONTOUR_INDEX
100
AcDbPolyline
 90
41
 70
0
 38
150.0
 10
3138348.6474
 20
320851.9053
 10
3138288.6474
 20
320847.9198
 10
3138228.6474
 20
320842.9749
 10
3138168.6474
 20
320840.3283
 10
3138108.6474
 20
320843.1563
 10
3138048.6474
 20
320849.748
 10
3138028.6647
 20
320858.3832
 10
3137988.6474
 20
320878.3602
 10
3137928.6474
 20
320915.2154
 10
3137923.8573
 20
320918.3832
 10
3137868.6474
 20
320965.1154
 10
3137838.6474
 20
320978.3832
 10
3137808.6474
 20
321005.8596
 10
3137748.6474
 20
321024.7544
 10
3137708.0445
 20
321038.3832
 10
3137688.6474
 20
321051.4963
 10
3137650.2143
 20
321098.3832
 10
3137657.72
 20
321158.3832
 10
3137688.6474
 20
321212.4607
 10
3137707.6663
 20
321218.3832
 10
3137748.6474
 20
321237.6044
 10
3137808.6474
 20
321241.3597
 10
3137868.6474
 20
321231.4601
 10
3137928.6474
 20
321230.0351
 10
3137988.6474
 20
321232.4257
 10
3138048.6474
 20
321228.3447
 10
3138078.0236
 20
321218.3832
 10
3138108.6474
 20
321211.2841
 10
3138168.6474
 20
321184.2313
 10
3138221.4666
 20
321158.3832
 10
3138228.6474
 20
321154.9698
 10
3138288.6474
 20
321123.089
 10
3138326.8577
 20
321098.3832
 10
3138348.6474
 20
321074.5301
 10
3138388.902
 20
321038.3832
 10
3138408.6474
 20
321019.3639
 10
3138462.9398
 20
320978.3832
 10
3138454.309
 20
320918.3832
 10
3138408.6474
 20
320873.9335
 10
3138386.9717
 20
320858.3832
 10
3138348.6474
 20
320851.9053
  0
LWPOLYLINE
  5
15D
330
17
100
AcDbEntity
  8
CONTOUR_INDEX
100
AcDbPolyline
 90
23
 70
0
 38
150.0
 10
3138489.6963
 20
318638.3832
 10
3138468.6474
 20
318635.0383
 10
3138408.6474
 20
318634.7102
 10
3138371.3502
 20
318638.3832
 10
3138348.6474
 20
318640.8853
 10
3138288.6474
 20
318678.7882
 10
3138283.4493
 20
318698.3832
 10
3138272.5398
 20
318758.3832
 10
3138276.6329
 20
318818.3832
 10
3138288.6474
 20
318849.4815
 10
3138315.9768
 20
318878.3832
 10
3138348.6474
 20
318894.4718
 10
3138408.6474
 20
318912.1826
 10
3138468.6474
 20
318927.524
 10
3138528.6474
 20
318929.3916
 10
3138588.6474
 20
318900.7166
 10
3138611.9946
 20
318878.3832
 10
3138636.4967
 20
318818.3832
 10
3138637.2942
 20
318758.3832
 10
3138617.4998
 20
318698.3832
 10
3138588.6474
 20
318671.6835
 10
3138528.6474
 20
318645.8287
 10
3138489.6963
 20
318638.3832
  0
LWPOLYLINE
  5
15E
330
17
100
AcDbEntity
  8
CONTOUR_INDEX
100
AcDbPolyline
 90
11
 70
0
 38
150.0
 10
3138288.6474
 20
318329.0623
 10
3138228.6474
 20
318327.9149
 10
3138203.1872
 20
318338.3832
 10
3138189.9963
 20
318398.3832
 10
3138223.624
 20
318458.3832
 10
3138228.6474
 20
318464.417
 10
3138273.5507
 20
318458.3832
 10
3138288.6474
 20
318453.7769
 10
3138318.2374
 20
318398.3832
 10
3138308.2856
 20
318338.3832
 10
3138288.6474
 20
318329.0623
  0
LWPOLYLINE
  5
15F
330
17
100
AcDbEntity
  8
CONTOUR_MAJOR
100
AcDbPolyline
 90
39
 70
0
 38
155.0
 10
3138354.3275
 20
320858.3832
 10
3138348.6474
 20
320857.4231
 10
3138288.6474
 20
320853.2257
 10
3138228.6474
 20
320847.8355
 10
3138168.6474
 20
320844.6831
 10
3138108.6474
 20
320846.9687
 10
3138048.6474
 20
320853.4668
 10
3138037.2705
 20
320858.3832
 10
3137988.6474
 20
320882.6564
 10
3137930.4529
 20
320918.3832
 10
3137928.6474
 20
320920.1678
 10
3137868.6474
 20
320970.5799
 10
3137851.0033
 20
320978.3832
 10
3137808.6474
 20
321017.1761
 10
3137748.6474
 20
321035.222
 10
3137739.2296
 20
321038.3832
 10
3137688.6474
 20
321072.5785
 10
3137667.4954
 20
321098.3832
 10
3137677.8813
 20
321158.3832
 10
3137688.6474
 20
321177.2081
 10
3137748.6474
 20
321204.9704
 10
3137808.6474
 20
321206.4798
 10
3137868.6474
 20
321195.3852
 10
3137928.6474
 20
321203.544
 10
3137988.6474
 20
321212.5148
 10
3138048.6474
 20
321212.0743
 10
3138108.6474
 20
321198.1378
 10
3138168.6474
 20
321171.2161
 10
3138194.8709
 20
321158.3832
 10
3138228.6474
 20
321142.3275
 10
3138288.6474
 20
321108.6242
 10
3138304.4864
 20
321098.3832
 10
3138348.6474
 20
321050.0403
 10
3138361.6293
 20
321038.3832
 10
3138408.6474
 20
320993.0942
 10
3138428.137
 20
320978.3832
 10
3138430.2513
 20
320918.3832
 10
3138408.6474
 20
320897.3527
 10
3138354.3275
 20
320858.3832
  0
LWPOLYLINE
  5
160
330
17
100
AcDbEntity
  8
CONTOUR_MAJOR
100
AcDbPolyline
 90
21
 70
0
 38
155.0
 10
3138528.6474
 20
318656.1986
 10
3138468.6474
 20
318644.8072
 10
3138408.6474
 20
318645.6813
 10
3138348.6474
 20
318653.6512
 10
3138292.2828
 20
318698.3832
 10
3138288.6474
 20
318704.6091
 10
3138277.9963
 20
318758.3832
 10
3138282.6947
 20
318818.3832
 10
3138288.6474
 20
318833.7911
 10
3138330.8136
 20
318878.3832
 10
3138348.6474
 20
318887.1654
 10
3138408.6474
 20
318904.7181
 10
3138468.6474
 20
318918.6666
 10
3138528.6474
 20
318918.8133
 10
3138588.6474
 20
318890.7729
 10
3138601.5996
 20
318878.3832
 10
3138624.7228
 20
318818.3832
 10
3138625.3181
 20
318758.3832
 10
3138605.1592
 20
318698.3832
 10
3138588.6474
 20
318683.1034
 10
3138528.6474
 20
318656.1986
  0
LWPOLYLINE
  5
161
330
17
100
AcDbEntity
  8
CONTOUR_MAJOR
100
AcDbPolyline
 90
7
 70
0
 38
155.0
 10
3138288.6474
 20
318362.8216
 10
3138228.6474
 20
318354.7468
 10
3138207.4381
 20
318398.3832
 10
3138228.6474
 20
318440.027
 10
3138288.6474
 20
318424.2493
 10
3138302.4645
 20
318398.3832
 10
3138288.6474
 20
318362.8216
  0
LWPOLYLINE
  5
162
330
17
100
AcDbEntity
  8
CONTOUR_INDEX
100
AcDbPolyline
 90
37
 70
0
 38
160.0
 10
3138287.2451
 20
320858.3832
 10
3138228.6474
 20
320852.6962
 10
3138168.6474
 20
320849.0378
 10
3138108.6474
 20
320850.7812
 10
3138048.6474
 20
320857.1857
 10
3138045.8764
 20
320858.3832
 10
3137988.6474
 20
320886.9525
 10
3137937.4508
 20
320918.3832
 10
3137928.6474
 20
320927.085
 10
3137868.6474
 20
320976.0444
 10
3137863.3591
 20
320978.3832
 10
3137808.6474
 20
321028.4926
 10
3137775.2887
 20
321038.3832
 10
3137748.6474
 20
321053.1713
 10
3137688.6474
 20
321093.6607
 10
3137684.7765
 20
321098.3832
 10
3137688.6474
 20
321117.8614
 10
3137705.2705
 20
321158.3832
 10
3137748.6474
 20
321183.9473
 10
3137808.6474
 20
321184.5179
 10
3137868.6474
 20
321165.2041
 10
3137928.6474
 20
321182.1001
 10
3137988.6474
 20
321198.8036
 10
3138048.6474
 20
321198.9853
 10
3138108.6474
 20
321184.9914
 10
3138168.2353
 20
321158.3832
 10
3138168.6474
 20
321158.2221
 10
3138228.6474
 20
321129.6853
 10
3138282.318
 20
321098.3832
 10
3138288.6474
 20
321091.3527
 10
3138337.1056
 20
321038.3832
 10
3138348.6474
 20
321017.8341
 10
3138390.3902
 20
320978.3832
 10
3138403.0431
 20
320918.3832
 10
3138348.6474
 20
320885.6739
 10
3138288.6474
 20
320859.1305
 10
3138287.2451
 20
320858.3832
  0
LWPOLYLINE
  5
163
330
17
100
AcDbEntity
  8
CONTOUR_INDEX
100
AcDbPolyline
 90
21
 70
0
 38
160.0
 10
3138528.6474
 20
318666.5684
 10
3138468.6474
 20
318655.3041
 10
3138408.6474
 20
318656.4456
 10
3138348.6474
 20
318666.4172
 10
3138308.3686
 20
318698.3832
 10
3138288.6474
 20
318732.1573
 10
3138283.4528
 20
318758.3832
 10
3138288.6474
 20
318817.2698
 10
3138288.8713
 20
318818.3832
 10
3138345.6504
 20
318878.3832
 10
3138348.6474
 20
318879.859
 10
3138408.6474
 20
318897.2535
 10
3138468.6474
 20
318909.8092
 10
3138528.6474
 20
318908.2351
 10
3138588.6474
 20
318880.8293
 10
3138591.2046
 20
318878.3832
 10
3138612.9489
 20
318818.3832
 10
3138613.3421
 20
318758.3832
 10
3138592.8186
 20
318698.3832
 10
3138588.6474
 20
318694.5232
 10
3138528.6474
 20
318666.5684
  0
LWPOLYLINE
  5
164
330
17
100
AcDbEntity
  8
CONTOUR_INDEX
100
AcDbPolyline
 90
5
 70
0
 38
160.0
 10
3138228.6474
 20
318390.632
 10
3138224.88
 20
318398.3832
 10
3138228.6474
 20
318405.7804
 10
3138266.7651
 20
318398.3832
 10
3138228.6474
 20
318390.632
  0
LWPOLYLINE
  5
165
330
17
100
AcDbEntity
  8
CONTOUR_MAJOR
100
AcDbPolyline
 90
37
 70
0
 38
165.0
 10
3138348.1596
 20
320918.3832
 10
3138288.6474
 20
320885.8209
 10
3138237.1616
 20
320858.3832
 10
3138228.6474
 20
320857.5568
 10
3138168.6474
 20
320853.3926
 10
3138108.6474
 20
320854.5936
 10
3138072.9776
 20
320858.3832
 10
3138048.6474
 20
320862.5512
 10
3137988.6474
 20
320891.2487
 10
3137944.4487
 20
320918.3832
 10
3137928.6474
 20
320934.0022
 10
3137873.5587
 20
320978.3832
 10
3137868.6474
 20
320989.3973
 10
3137811.4789
 20
321038.3832
 10
3137808.6474
 20
321044.0082
 10
3137748.6474
 20
321074.3577
 10
3137713.0244
 20
321098.3832
 10
3137740.9423
 20
321158.3832
 10
3137748.6474
 20
321162.9242
 10
3137808.6474
 20
321162.5559
 10
3137820.4732
 20
321158.3832
 10
3137868.6474
 20
321138.0326
 10
3137921.4202
 20
321158.3832
 10
3137928.6474
 20
321160.6562
 10
3137988.6474
 20
321185.0925
 10
3138048.6474
 20
321185.8962
 10
3138108.6474
 20
321171.845
 10
3138138.7947
 20
321158.3832
 10
3138168.6474
 20
321146.7146
 10
3138228.6474
 20
321117.0431
 10
3138260.6417
 20
321098.3832
 10
3138288.6474
 20
321067.2756
 10
3138315.0792
 20
321038.3832
 10
3138348.6474
 20
320978.6185
 10
3138348.8964
 20
320978.3832
 10
3138348.6474
 20
320955.8832
 10
3138348.1596
 20
320918.3832
  0
LWPOLYLINE
  5
166
330
17
100
AcDbEntity
  8
CONTOUR_MAJOR
100
AcDbPolyline
 90
19
 70
0
 38
165.0
 10
3138528.6474
 20
318676.9383
 10
3138468.6474
 20
318665.8009
 10
3138408.6474
 20
318667.2099
 10
3138348.6474
 20
318679.1832
 10
3138324.4544
 20
318698.3832
 10
3138289.2347
 20
318758.3832
 10
3138301.3091
 20
318818.3832
 10
3138348.6474
 20
318867.9835
 10
3138369.2321
 20
318878.3832
 10
3138408.6474
 20
318889.789
 10
3138468.6474
 20
318900.9518
 10
3138528.6474
 20
318897.6568
 10
3138571.0853
 20
318878.3832
 10
3138588.6474
 20
318853.4987
 10
3138601.1749
 20
318818.3832
 10
3138601.366
 20
318758.3832
 10
3138588.6474
 20
318721.4226
 10
3138574.098
 20
318698.3832
 10
3138528.6474
 20
318676.9383
  0
LWPOLYLINE
  5
167
330
17
100
AcDbEntity
  8
CONTOUR_INDEX
100
AcDbPolyline
 90
33
 70
0
 38
170.0
 10
3138108.6474
 20
320858.4297
 10
3138048.6474
 20
320868.6987
 10
3137988.6474
 20
320895.5448
 10
3137951.4466
 20
320918.3832
 10
3137928.6474
 20
320940.9195
 10
3137882.1449
 20
320978.3832
 10
3137868.6474
 20
321008.6527
 10
3137833.9508
 20
321038.3832
 10
3137808.6474
 20
321088.651
 10
3137748.6474
 20
321095.5442
 10
3137744.438
 20
321098.3832
 10
3137748.6474
 20
321107.1413
 10
3137808.6474
 20
321111.1069
 10
3137868.6474
 20
321111.7399
 10
3137928.6474
 20
321143.987
 10
3137957.768
 20
321158.3832
 10
3137988.6474
 20
321171.3813
 10
3138048.6474
 20
321172.8072
 10
3138108.6474
 20
321158.6987
 10
3138109.354
 20
321158.3832
 10
3138168.6474
 20
321135.2071
 10
3138228.6474
 20
321104.4009
 10
3138238.9654
 20
321098.3832
 10
3138288.6474
 20
321043.1986
 10
3138293.0527
 20
321038.3832
 10
3138320.8043
 20
320978.3832
 10
3138299.3792
 20
320918.3832
 10
3138288.6474
 20
320912.5113
 10
3138228.6474
 20
320871.5857
 10
3138177.6229
 20
320858.3832
 10
3138168.6474
 20
320857.7474
 10
3138111.0159
 20
320858.3832
 10
3138108.6474
 20
320858.4297
  0
LWPOLYLINE
  5
168
330
17
100
AcDbEntity
  8
CONTOUR_INDEX
100
AcDbPolyline
 90
19
 70
0
 38
170.0
 10
3138528.6474
 20
318687.3081
 10
3138468.6474
 20
318676.2978
 10
3138408.6474
 20
318677.9741
 10
3138348.6474
 20
318691.9491
 10
3138340.5402
 20
318698.3832
 10
3138301.4696
 20
318758.3832
 10
3138313.747
 20
318818.3832
 10
3138348.6474
 20
318854.9514
 10
3138395.0275
 20
318878.3832
 10
3138408.6474
 20
318882.3244
 10
3138468.6474
 20
318892.0944
 10
3138528.6474
 20
318887.0785
 10
3138547.7934
 20
318878.3832
 10
3138588.6474
 20
318820.4954
 10
3138589.401
 20
318818.3832
 10
3138589.39
 20
318758.3832
 10
3138588.6474
 20
318756.2254
 10
3138552.12
 20
318698.3832
 10
3138528.6474
 20
318687.3081
  0
LWPOLYLINE
  5
169
330
17
100
AcDbEntity
  8
CONTOUR_MAJOR
100
AcDbPolyline
 90
27
 70
0
 38
175.0
 10
3138108.6474
 20
320866.1917
 10
3138048.6474
 20
320874.8463
 10
3137988.6474
 20
320899.841
 10
3137958.4445
 20
320918.3832
 10
3137928.6474
 20
320947.8367
 10
3137890.731
 20
320978.3832
 10
3137868.6474
 20
321027.9082
 10
3137856.4227
 20
321038.3832
 10
3137868.6474
 20
321069.8889
 10
3137881.3497
 20
321098.3832
 10
3137928.6474
 20
321127.884
 10
3137988.6474
 20
321157.6552
 10
3138008.9072
 20
321158.3832
 10
3138048.6474
 20
321159.7182
 10
3138054.3246
 20
321158.3832
 10
3138108.6474
 20
321146.7825
 10
3138168.6474
 20
321123.6996
 10
3138217.1056
 20
321098.3832
 10
3138228.6474
 20
321088.6914
 10
3138275.0111
 20
321038.3832
 10
3138288.6474
 20
320987.7502
 10
3138292.7931
 20
320978.3832
 10
3138288.6474
 20
320968.8142
 10
3138271.4542
 20
320918.3832
 10
3138228.6474
 20
320887.4924
 10
3138168.6474
 20
320867.4876
 10
3138108.6474
 20
320866.1917
  0
LWPOLYLINE
  5
16A
330
17
100
AcDbEntity
  8
CONTOUR_MAJOR
100
AcDbPolyline
 90
17
 70
0
 38
175.0
 10
3138408.6474
 20
318688.7384
 10
3138370.0268
 20
318698.3832
 10
3138348.6474
 20
318707.2614
 10
3138313.7045
 20
318758.3832
 10
3138326.1848
 20
318818.3832
 10
3138348.6474
 20
318841.9192
 10
3138408.6474
 20
318870.7208
 10
3138436.4122
 20
318878.3832
 10
3138468.6474
 20
318883.237
 10
3138513.9367
 20
318878.3832
 10
3138528.6474
 20
318872.768
 10
3138567.5347
 20
318818.3832
 10
3138568.4899
 20
318758.3832
 10
3138530.142
 20
318698.3832
 10
3138528.6474
 20
318697.678
 10
3138468.6474
 20
318686.7946
 10
3138408.6474
 20
318688.7384
  0
LWPOLYLINE
  5
16B
330
17
100
AcDbEntity
  8
CONTOUR_INDEX
100
AcDbPolyline
 90
21
 70
0
 38
180.0
 10
3138228.6474
 20
320903.3991
 10
3138168.6474
 20
320878.1486
 10
3138108.6474
 20
320873.9537
 10
3138048.6474
 20
320880.9938
 10
3137988.6474
 20
320904.1371
 10
3137965.4424
 20
320918.3832
 10
3137928.6474
 20
320954.7539
 10
3137899.3172
 20
320978.3832
 10
3137875.5218
 20
321038.3832
 10
3137907.1672
 20
321098.3832
 10
3137928.6474
 20
321111.7809
 10
3137988.6474
 20
321143.6561
 10
3138048.6474
 20
321146.6138
 10
3138108.6474
 20
321134.8966
 10
3138168.6474
 20
321112.1921
 10
3138195.0792
 20
321098.3832
 10
3138228.6474
 20
321070.1957
 10
3138257.9656
 20
321038.3832
 10
3138273.5411
 20
320978.3832
 10
3138249.4116
 20
320918.3832
 10
3138228.6474
 20
320903.3991
  0
LWPOLYLINE
  5
16C
330
17
100
AcDbEntity
  8
CONTOUR_INDEX
100
AcDbPolyline
 90
15
 70
0
 38
180.0
 10
3138474.6706
 20
318698.3832
 10
3138468.6474
 20
318697.2915
 10
3138438.6474
 20
318698.3832
 10
3138408.6474
 20
318700.5543
 10
3138348.6474
 20
318725.1612
 10
3138325.9395
 20
318758.3832
 10
3138338.6226
 20
318818.3832
 10
3138348.6474
 20
318828.8871
 10
3138408.6474
 20
318854.4871
 10
3138468.6474
 20
318868.0083
 10
3138528.6474
 20
318841.2223
 10
3138544.9783
 20
318818.3832
 10
3138546.9999
 20
318758.3832
 10
3138528.6474
 20
318729.6933
 10
3138474.6706
 20
318698.3832
  0
LWPOLYLINE
  5
16D
330
17
100
AcDbEntity
  8
CONTOUR_MAJOR
100
AcDbPolyline
 90
21
 70
0
 38
185.0
 10
3138168.6474
 20
320888.8096
 10
3138108.6474
 20
320881.7156
 10
3138048.6474
 20
320887.1414
 10
3137988.6474
 20
320908.4333
 10
3137972.4403
 20
320918.3832
 10
3137928.6474
 20
320961.6711
 10
3137907.9033
 20
320978.3832
 10
3137890.5972
 20
321038.3832
 10
3137928.6474
 20
321094.6387
 10
3137932.844
 20
321098.3832
 10
3137988.6474
 20
321129.6571
 10
3138048.6474
 20
321133.5077
 10
3138108.6474
 20
321123.0107
 10
3138168.6474
 20
321100.6847
 10
3138173.0527
 20
321098.3832
 10
3138228.6474
 20
321051.7001
 10
3138240.9202
 20
321038.3832
 10
3138255.8106
 20
320978.3832
 10
3138228.6474
 20
320920.5718
 10
3138227.4186
 20
320918.3832
 10
3138168.6474
 20
320888.8096
  0
LWPOLYLINE
  5
16E
330
17
100
AcDbEntity
  8
CONTOUR_MAJOR
100
AcDbPolyline
 90
11
 70
0
 38
185.0
 10
3138408.6474
 20
318721.4312
 10
3138348.6474
 20
318743.061
 10
3138338.1744
 20
318758.3832
 10
3138348.6474
 20
318807.2974
 10
3138356.8562
 20
318818.3832
 10
3138408.6474
 20
318838.2533
 10
3138468.6474
 20
318845.0549
 10
3138517.1315
 20
318818.3832
 10
3138522.9145
 20
318758.3832
 10
3138468.6474
 20
318721.9828
 10
3138408.6474
 20
318721.4312
  0
LWPOLYLINE
  5
16F
330
17
100
AcDbEntity
  8
CONTOUR_INDEX
100
AcDbPolyline
 90
21
 70
0
 38
190.0
 10
3138168.6474
 20
320899.4706
 10
3138108.6474
 20
320889.4776
 10
3138048.6474
 20
320893.2889
 10
3137988.6474
 20
320912.7294
 10
3137979.4382
 20
320918.3832
 10
3137928.6474
 20
320968.5884
 10
3137916.4895
 20
320978.3832
 10
3137905.6726
 20
321038.3832
 10
3137928.6474
 20
321072.3505
 10
3137957.8231
 20
321098.3832
 10
3137988.6474
 20
321115.658
 10
3138048.6474
 20
321120.4015
 10
3138108.6474
 20
321111.1248
 10
3138143.0064
 20
321098.3832
 10
3138168.6474
 20
321086.6357
 10
3138223.9363
 20
321038.3832
 10
3138228.6474
 20
321017.6935
 10
3138238.0801
 20
320978.3832
 10
3138228.6474
 20
320958.3077
 10
3138206.2322
 20
320918.3832
 10
3138168.6474
 20
320899.4706
  0
LWPOLYLINE
  5
170
330
17
100
AcDbEntity
  8
CONTOUR_INDEX
100
AcDbPolyline
 90
9
 70
0
 38
190.0
 10
3138468.6474
 20
318748.3217
 10
3138408.6474
 20
318742.308
 10
3138358.1004
 20
318758.3832
 10
3138399.1693
 20
318818.3832
 10
3138408.6474
 20
318822.0195
 10
3138468.6474
 20
318822.1016
 10
3138475.4068
 20
318818.3832
 10
3138483.6474
 20
318758.3832
 10
3138468.6474
 20
318748.3217
  0
LWPOLYLINE
  5
171
330
17
100
AcDbEntity
  8
CONTOUR_MAJOR
100
AcDbPolyline
 90
19
 70
0
 38
195.0
 10
3138108.6474
 20
320897.2396
 10
3138048.6474
 20
320899.4364
 10
3137988.6474
 20
320917.0256
 10
3137986.4361
 20
320918.3832
 10
3137928.6474
 20
320975.5056
 10
3137925.0756
 20
320978.3832
 10
3137920.748
 20
321038.3832
 10
3137928.6474
 20
321050.0622
 10
3137982.8023
 20
321098.3832
 10
3137988.6474
 20
321101.6589
 10
3138048.6474
 20
321107.2953
 10
3138108.6474
 20
321099.2389
 10
3138110.9551
 20
321098.3832
 10
3138168.6474
 20
321071.9514
 10
3138207.1107
 20
321038.3832
 10
3138219.2999
 20
320978.3832
 10
3138185.0458
 20
320918.3832
 10
3138168.6474
 20
320910.1316
 10
3138108.6474
 20
320897.2396
  0
LWPOLYLINE
  5
172
330
17
100
AcDbEntity
  8
CONTOUR_INDEX
100
AcDbPolyline
 90
15
 70
0
 38
200.0
 10
3138161.6936
 20
320918.3832
 10
3138108.6474
 20
320905.0015
 10
3138048.6474
 20
320905.584
 10
3138003.4848
 20
320918.3832
 10
3137988.6474
 20
320930.3342
 10
3137939.1573
 20
320978.3832
 10
3137939.6321
 20
321038.3832
 10
3137988.6474
 20
321082.48
 10
3138048.6474
 20
321092.9006
 10
3138108.6474
 20
321086.0918
 10
3138168.6474
 20
321057.2672
 10
3138190.2851
 20
321038.3832
 10
3138199.3265
 20
320978.3832
 10
3138168.6474
 20
320926.079
 10
3138161.6936
 20
320918.3832
  0
LWPOLYLINE
  5
173
330
17
100
AcDbEntity
  8
CONTOUR_MAJOR
100
AcDbPolyline
 90
15
 70
0
 38
205.0
 10
3138130.9244
 20
320918.3832
 10
3138108.6474
 20
320912.7635
 10
3138048.6474
 20
320911.7315
 10
3138025.1767
 20
320918.3832
 10
3137988.6474
 20
320947.8066
 10
3137957.1537
 20
320978.3832
 10
3137962.709
 20
321038.3832
 10
3137988.6474
 20
321061.7188
 10
3138048.6474
 20
321075.7675
 10
3138108.6474
 20
321072.8467
 10
3138168.6474
 20
321042.5829
 10
3138173.4596
 20
321038.3832
 10
3138179.3532
 20
320978.3832
 10
3138168.6474
 20
320960.1312
 10
3138130.9244
 20
320918.3832
  0
LWPOLYLINE
  5
174
330
17
100
AcDbEntity
  8
CONTOUR_INDEX
100
AcDbPolyline
 90
13
 70
0
 38
210.0
 10
3138062.3905
 20
320918.3832
 10
3138048.6474
 20
320917.8791
 10
3138046.8687
 20
320918.3832
 10
3137988.6474
 20
320965.2789
 10
3137975.1501
 20
320978.3832
 10
3137985.7859
 20
321038.3832
 10
3137988.6474
 20
321040.9576
 10
3138048.6474
 20
321058.6344
 10
3138108.6474
 20
321059.6017
 10
3138150.15
 20
321038.3832
 10
3138151.0495
 20
320978.3832
 10
3138108.6474
 20
320930.2626
 10
3138062.3905
 20
320918.3832
  0
LWPOLYLINE
  5
175
330
17
100
AcDbEntity
  8
CONTOUR_MAJOR
100
AcDbPolyline
 90
9
 70
0
 38
215.0
 10
3138108.6474
 20
320973.3042
 10
3138048.6474
 20
320964.4367
 10
3138017.0565
 20
320978.3832
 10
3138038.3261
 20
321038.3832
 10
3138048.6474
 20
321041.5014
 10
3138108.6474
 20
321046.3567
 10
3138124.2433
 20
321038.3832
 10
3138113.1228
 20
320978.3832
 10
3138108.6474
 20
320973.3042
  0
LWPOLYLINE
  5
176
330
17
100
AcDbEntity
  8
CL_MAJOR
100
AcDbPolyline
 90
12
 70
0
 10
3136445.2874
 20
319650.7699
 10
3136492.4631
 20
319640.0562
 10
3136548.7716
 20
319632.3279
 10
3136617.8153
 20
319628.6849
 10
3136799.7547
 20
319640.9792
 10
3136966.1693
 20
319645.4913
 10
3137085.9104
 20
319651.1482
 10
3137396.9564
 20
319665.3007
 10
3137597.167
 20
319679.2678
 10
3138089.9998
 20
319704.1338
 10
3138320.7761
 20
319714.9208
 10
3138545.8986
 20
319725.2131
  0
LWPOLYLINE
  5
177
330
17
100
AcDbEntity
  8
CL_MAJOR
100
AcDbPolyline
 90
54
 70
0
 10
3139058.8029
 20
324335.0101
 10
3138978.2843
 20
324036.4811
 10
3138950.4619
 20
323939.1826
 10
3138910.9344
 20
323805.3352
 10
3138863.2319
 20
323602.0903
 10
3138838.3897
 20
323476.3284
 10
3138818.6862
 20
323331.1374
 10
3138799.2162
 20
323114.5404
 10
3138795.5231
 20
322955.7391
 10
3138798.9351
 20
322844.7337
 10
3138826.8504
 20
322267.636
 10
3138856.9739
 20
321749.0367
 10
3138857.0944
 20
321667.1911
 10
3138845.1142
 20
321586.4005
 10
3138822.0705
 20
321527.1352
 10
3138790.8005
 20
321457.2823
 10
3138752.7306
 20
321395.301
 10
3138621.6995
 20
321234.0364
 10
3138571.4935
 20
321161.5023
 10
3138535.0946
 20
321094.4327
 10
3138509.9927
 20
321029.9656
 10
3138497.8577
 20
320973.0144
 10
3138490.9678
 20
320913.8635
 10
3138487.7293
 20
320848.5477
 10
3138489.806
 20
320773.5479
 10
3138521.1659
 20
320247.3072
 10
3138545.8986
 20
319725.2131
 10
3138560.6566
 20
319356.601
 10
3138561.0361
 20
319304.4683
 10
3138557.6423
 20
319267.8469
 10
3138548.7209
 20
319206.4138
 10
3138541.3018
 20
319159.1316
 10
3138530.1479
 20
319105.9683
 10
3138513.0765
 20
319045.4098
 10
3138485.254
 20
318980.2729
 10
3138460.3799
 20
318931.866
 10
3138414.7481
 20
318869.039
 10
3138182.6734
 20
318601.0831
 10
3138117.3319
 20
318517.3666
 10
3138084.5483
 20
318471.6946
 10
3138037.2458
 20
318350.2196
 10
3138019.9124
 20
318288.4227
 10
3138007.982
 20
318206.3179
 10
3137995.6772
 20
318097.0566
 10
3137986.7978
 20
317981.5958
 10
3137956.3115
 20
317647.4035
 10
3137927.6319
 20
317526.4586
 10
3137898.379
 20
317420.0113
 10
3137869.7557
 20
317344.0768
 10
3137812.5288
 20
317230.4653
 10
3137774.8983
 20
317163.4445
 10
3137717.4062
 20
317071.1912
 10
3137356.3032
 20
316617.4405
 10
3137283.722
 20
316452.3845
  0
LWPOLYLINE
  5
178
330
17
100
AcDbEntity
  8
CL_MAJOR
100
AcDbPolyline
 90
55
 70
0
 10
3133097.9078
 20
314717.5736
 10
3133242.6378
 20
314740.3154
 10
3133365.0532
 20
314760.012
 10
3133457.319
 20
314787.5031
 10
3133549.9023
 20
314820.139
 10
3133638.0715
 20
314864.5701
 10
3133720.2821
 20
314917.4884
 10
3133787.2356
 20
314972.918
 10
3133832.6348
 20
315006.8587
 10
3133924.4244
 20
315101.9279
 10
3133991.1296
 20
315195.0706
 10
3134657.5236
 20
316156.0135
 10
3134791.0995
 20
316352.6343
 10
3135281.7105
 20
317091.369
 10
3135935.8275
 20
318063.7159
 10
3136028.8841
 20
318223.1076
 10
3136102.2252
 20
318348.5795
 10
3136135.3258
 20
318429.1802
 10
3136188.9733
 20
318586.5875
 10
3136247.9226
 20
318806.6271
 10
3136355.8313
 20
319259.6821
 10
3136365.9726
 20
319294.7464
 10
3136418.448
 20
319521.6706
 10
3136445.2874
 20
319650.7699
 10
3136664.3238
 20
320690.9741
 10
3136732.0792
 20
320980.662
 10
3136773.2463
 20
321179.4324
 10
3136782.3781
 20
321218.0834
 10
3136798.0234
 20
321254.9244
 10
3136824.9775
 20
321300.7549
 10
3136854.1001
 20
321344.0109
 10
3137185.4116
 20
321818.9663
 10
3137222.5226
 20
321876.6813
 10
3137248.7547
 20
321938.2161
 10
3137267.9117
 20
322007.0415
 10
3137279.0205
 20
322072.7255
 10
3137336.9011
 20
322461.2128
 10
3137363.8171
 20
322587.5383
 10
3137400.713
 20
322690.2299
 10
3137419.4322
 20
322737.7768
 10
3137446.2736
 20
322784.1203
 10
3137478.3569
 20
322835.6744
 10
3137531.6767
 20
322889.852
 10
3137604.4555
 20
322952.6559
 10
3137884.2278
 20
323152.9039
 10
3137964.5555
 20
323206.1151
 10
3138066.4147
 20
323267.3511
 10
3138161.8897
 20
323321.9999
 10
3138237.744
 20
323375.3612
 10
3138305.7427
 20
323432.0409
 10
3138403.2362
 20
323521.2801
 10
3138612.179
 20
323758.8859
 10
3138840.9571
 20
324007.674
 10
3138892.5855
 20
324086.4022
 10
3139058.8029
 20
324335.0101
  0
LWPOLYLINE
  5
179
330
17
100
AcDbEntity
  8
CL_MAJOR
100
AcDbPolyline
 90
16
 70
0
 10
3138489.806
 20
320773.5479
 10
3138437.6169
 20
320774.0054
 10
3138289.1738
 20
320776.8406
 10
3138058.0469
 20
320798.9848
 10
3137936.3707
 20
320813.7807
 10
3137868.6857
 20
320822.3709
 10
3137810.4961
 20
320834.1633
 10
3137754.8764
 20
320845.2761
 10
3137605.2561
 20
320858.0208
 10
3137557.357
 20
320858.1147
 10
3137519.9517
 20
320861.9127
 10
3137426.776
 20
320849.4837
 10
3137318.7864
 20
320853.3213
 10
3137215.8188
 20
320870.6222
 10
3136989.4851
 20
320920.9213
 10
3136732.0792
 20
320980.662
  0
LWPOLYLINE
  5
17A
330
17
100
AcDbEntity
  8
CL_MAJOR
100
AcDbPolyline
 90
15
 70
0
 10
3136565.4805
 20
316427.0596
 10
3136517.1493
 20
317102.5797
 10
3136471.8105
 20
317244.5497
 10
3136455.451
 20
317341.4704
 10
3136421.8182
 20
317513.7819
 10
3136426.3863
 20
317720.0687
 10
3136352.4759
 20
317822.8309
 10
3136327.2322
 20
317883.6906
 10
3136304.129
 20
317938.7269
 10
3136226.9767
 20
318128.985
 10
3136203.6871
 20
318218.8491
 10
3136186.0845
 20
318254.5254
 10
3136169.1181
 20
318282.968
 10
3136145.3016
 20
318311.07
 10
3136102.2252
 20
318348.5795
  0
LWPOLYLINE
  5
17B
330
17
100
AcDbEntity
  8
CL_LOCAL
100
AcDbPolyline
 90
15
 70
0
 10
3137940.5614
 20
318762.5924
 10
3137918.4818
 20
318775.1984
 10
3137897.9364
 20
318797.7933
 10
3137708.7177
 20
319057.9889
 10
3137679.7581
 20
319136.0
 10
3137658.8168
 20
319180.2463
 10
3137641.0765
 20
319231.2909
 10
3137626.9933
 20
319284.4935
 10
3137607.2676
 20
319389.6928
 10
3137602.7965
 20
319425.9088
 10
3137603.384
 20
319472.0462
 10
3137613.8667
 20
319528.2082
 10
3137611.1873
 20
319567.7304
 10
3137605.5334
 20
319600.4889
 10
3137597.167
 20
319679.2678
  0
LWPOLYLINE
  5
17C
330
17
100
AcDbEntity
  8
CL_LOCAL
100
AcDbPolyline
 90
9
 70
0
 10
3137597.167
 20
319679.2678
 10
3137553.512
 20
319815.0869
 10
3137539.5614
 20
319862.7397
 10
3137525.7879
 20
319892.0288
 10
3137496.7191
 20
319952.2633
 10
3137485.6002
 20
319977.6594
 10
3137476.4897
 20
320015.5592
 10
3137462.9021
 20
320096.611
 10
3137448.797
 20
320200.9213
  0
LWPOLYLINE
  5
17D
330
17
100
AcDbEntity
  8
CL_LOCAL
100
AcDbPolyline
 90
24
 70
0
 10
3137396.9564
 20
319665.3007
 10
3137400.6391
 20
319575.6845
 10
3137407.7305
 20
319554.7774
 10
3137420.4468
 20
319538.8219
 10
3137436.531
 20
319528.0934
 10
3137458.1775
 20
319522.9011
 10
3137483.4051
 20
319524.0657
 10
3137575.6783
 20
319528.1069
 10
3137613.8667
 20
319528.2082
 10
3137651.9396
 20
319528.0186
 10
3137681.1189
 20
319518.6352
 10
3137739.4876
 20
319503.5553
 10
3137764.8447
 20
319493.7676
 10
3137778.0103
 20
319482.5906
 10
3137786.3557
 20
319465.4692
 10
3137791.0129
 20
319442.649
 10
3137774.0705
 20
319330.2893
 10
3137771.5724
 20
319305.7798
 10
3137765.4711
 20
319290.3554
 10
3137754.1821
 20
319281.146
 10
3137738.3336
 20
319277.6351
 10
3137708.1128
 20
319279.1425
 10
3137626.9933
 20
319284.4935
 10
3137564.6791
 20
319287.8539
  0
LWPOLYLINE
  5
17E
330
17
100
AcDbEntity
  8
CL_LOCAL
100
AcDbPolyline
 90
22
 70
0
 10
3137462.9021
 20
320096.611
 10
3137574.0547
 20
320110.0864
 10
3137608.0583
 20
320112.3784
 10
3137635.9863
 20
320109.8324
 10
3137673.5152
 20
320099.3532
 10
3137754.9315
 20
320074.2869
 10
3137787.1181
 20
320057.5396
 10
3137797.8806
 20
320042.9523
 10
3137807.6512
 20
320031.1846
 10
3137816.2512
 20
320009.6439
 10
3137817.6563
 20
319989.5902
 10
3137815.6922
 20
319966.6822
 10
3137806.8366
 20
319943.7985
 10
3137791.1677
 20
319911.8484
 10
3137769.5301
 20
319876.9575
 10
3137751.5605
 20
319858.3156
 10
3137732.7943
 20
319839.0237
 10
3137709.2131
 20
319824.6294
 10
3137675.682
 20
319814.4844
 10
3137629.7688
 20
319812.0782
 10
3137586.456
 20
319812.46
 10
3137553.512
 20
319815.0869
  0
LWPOLYLINE
  5
17F
330
17
100
AcDbEntity
  8
CL_LOCAL
100
AcDbPolyline
 90
20
 70
0
 10
3137553.512
 20
319815.0869
 10
3137526.5711
 20
319819.4496
 10
3137495.0864
 20
319815.8944
 10
3137464.7041
 20
319806.6712
 10
3137436.8939
 20
319794.4684
 10
3137407.9738
 20
319779.3915
 10
3137380.9074
 20
319774.6658
 10
3137355.9478
 20
319773.0975
 10
3137330.4106
 20
319777.7767
 10
3137308.3494
 20
319787.1344
 10
3137292.5393
 20
319803.2634
 10
3137284.5599
 20
319838.7074
 10
3137269.6117
 20
319898.6715
 10
3137259.2117
 20
319992.5816
 10
3137260.9307
 20
320020.8945
 10
3137267.3272
 20
320044.1282
 10
3137280.1774
 20
320056.1709
 10
3137300.1869
 20
320070.3771
 10
3137326.4365
 20
320079.892
 10
3137462.9021
 20
320096.611
  0
LWPOLYLINE
  5
180
330
17
100
AcDbEntity
  8
CL_LOCAL
100
AcDbPolyline
 90
10
 70
0
 10
3137791.1677
 20
319911.8484
 10
3137706.4475
 20
319949.2823
 10
3137665.3541
 20
319963.0053
 10
3137637.3255
 20
319966.9759
 10
3137611.6709
 20
319965.9974
 10
3137562.014
 20
319961.7992
 10
3137496.7191
 20
319952.2633
 10
3137440.571
 20
319942.2453
 10
3137380.0045
 20
319928.2875
 10
3137269.6117
 20
319898.6715
  0
LWPOLYLINE
  5
181
330
17
100
AcDbEntity
  8
CL_LOCAL
100
AcDbPolyline
 90
19
 70
0
 10
3137487.3156
 20
319327.0493
 10
3137481.4963
 20
319320.5662
 10
3137474.04
 20
319305.2634
 10
3137472.6918
 20
319288.1909
 10
3137480.304
 20
319267.3887
 10
3137491.7468
 20
319255.6061
 10
3137508.4022
 20
319248.1216
 10
3137524.0091
 20
319247.2903
 10
3137539.3015
 20
319251.7916
 10
3137551.5816
 20
319260.627
 10
3137560.5524
 20
319273.4342
 10
3137564.6791
 20
319287.8539
 10
3137563.4299
 20
319305.0588
 10
3137557.0227
 20
319319.0238
 10
3137541.7593
 20
319333.1764
 10
3137526.4646
 20
319338.6411
 10
3137517.5671
 20
319339.2672
 10
3137501.8122
 20
319336.1207
 10
3137487.3156
 20
319327.0493
  0
LWPOLYLINE
  5
182
330
17
100
AcDbEntity
  8
CL_LOCAL
100
AcDbPolyline
 90
11
 70
0
 10
3137085.9104
 20
319651.1482
 10
3137077.1491
 20
319480.7466
 10
3137080.9418
 20
319224.9943
 10
3137069.7876
 20
319128.9384
 10
3137072.913
 20
318705.8522
 10
3137065.9553
 20
318672.9131
 10
3137031.0105
 20
318628.4671
 10
3136983.6368
 20
318604.428
 10
3136928.0785
 20
318585.0247
 10
3136858.6999
 20
318581.9889
 10
3136188.9733
 20
318586.5875
  0
LWPOLYLINE
  5
183
330
17
100
AcDbEntity
  8
CL_LOCAL
100
AcDbPolyline
 90
11
 70
0
 10
3138120.375
 20
318892.0653
 10
3138035.6585
 20
318989.731
 10
3138030.7809
 20
319020.9492
 10
3138034.7
 20
319245.7135
 10
3138044.8347
 20
319532.3724
 10
3138050.3075
 20
319561.1634
 10
3138055.0216
 20
319580.7617
 10
3138078.4437
 20
319631.0425
 10
3138088.676
 20
319658.9155
 10
3138089.9287
 20
319683.1805
 10
3138089.9998
 20
319704.1338
  0
LWPOLYLINE
  5
184
330
17
100
AcDbEntity
  8
CL_LOCAL
100
AcDbPolyline
 90
21
 70
0
 10
3136617.8153
 20
319628.6849
 10
3136713.5275
 20
320050.9304
 10
3136730.9035
 20
320089.1432
 10
3136747.487
 20
320106.8106
 10
3136775.3223
 20
320129.489
 10
3136800.9898
 20
320139.5924
 10
3136837.8171
 20
320144.3401
 10
3137037.8744
 20
320149.2483
 10
3137076.1468
 20
320141.134
 10
3137100.6249
 20
320126.6439
 10
3137116.2493
 20
320110.0053
 10
3137123.6241
 20
320090.5558
 10
3137129.2944
 20
319939.7393
 10
3137119.5512
 20
319916.2432
 10
3137108.6318
 20
319900.2775
 10
3137090.2855
 20
319887.663
 10
3137001.0932
 20
319866.4399
 10
3136985.8041
 20
319854.6016
 10
3136964.7287
 20
319829.8187
 10
3136957.8422
 20
319797.2441
 10
3136966.1693
 20
319645.4913
  0
LWPOLYLINE
  5
185
330
17
100
AcDbEntity
  8
CL_LOCAL
100
AcDbPolyline
 90
8
 70
0
 10
3136799.7547
 20
319640.9792
 10
3136793.7934
 20
319559.881
 10
3136793.7394
 20
319530.8599
 10
3136798.1903
 20
319507.8587
 10
3136807.7655
 20
319494.4859
 10
3136821.0318
 20
319487.1037
 10
3136835.5064
 20
319480.9156
 10
3137077.1491
 20
319480.7466
  0
LWPOLYLINE
  5
186
330
17
100
AcDbEntity
  8
CL_LOCAL
100
AcDbPolyline
 90
31
 70
0
 10
3138089.9998
 20
319704.1338
 10
3138079.6926
 20
320007.1441
 10
3138091.85
 20
320048.3976
 10
3138103.8692
 20
320076.5104
 10
3138114.9719
 20
320085.1741
 10
3138135.0181
 20
320103.6521
 10
3138156.0076
 20
320113.7622
 10
3138177.7414
 20
320118.5725
 10
3138217.107
 20
320121.6584
 10
3138270.626
 20
320120.6045
 10
3138290.4153
 20
320112.3997
 10
3138317.0964
 20
320099.0602
 10
3138334.9431
 20
320080.6146
 10
3138352.6765
 20
320056.9862
 10
3138361.8121
 20
320021.7151
 10
3138361.2922
 20
319988.208
 10
3138350.3207
 20
319948.1121
 10
3138334.2723
 20
319901.1247
 10
3138326.6747
 20
319872.1698
 10
3138317.2521
 20
319825.7814
 10
3138320.7761
 20
319714.9208
 10
3138331.1199
 20
319253.259
 10
3138333.9699
 20
319204.6457
 10
3138328.9075
 20
319165.9216
 10
3138311.9258
 20
319074.4427
 10
3138302.849
 20
319046.9244
 10
3138282.893
 20
319018.2604
 10
3138120.375
 20
318892.0653
 10
3137988.9083
 20
318774.1774
 10
3137968.719
 20
318760.191
 10
3137940.5614
 20
318762.5924
  0
LWPOLYLINE
  5
187
330
17
100
AcDbEntity
  8
CL_LOCAL
100
AcDbPolyline
 90
9
 70
0
 10
3138521.1659
 20
320247.3072
 10
3138064.8085
 20
320244.3758
 10
3137945.9908
 20
320235.2721
 10
3137906.2367
 20
320229.0874
 10
3137856.2419
 20
320222.3359
 10
3137803.243
 20
320218.2758
 10
3137678.1306
 20
320215.3989
 10
3137530.4893
 20
320209.8012
 10
3137448.797
 20
320200.9213
  0
LWPOLYLINE
  5
188
330
17
100
AcDbEntity
  8
CL_LOCAL
100
AcDbPolyline
 90
20
 70
0
 10
3137602.6612
 20
318951.8175
 10
3137606.431
 20
318966.7513
 10
3137606.0695
 20
318992.3812
 10
3137602.8382
 20
319010.3337
 10
3137585.8035
 20
319031.2188
 10
3137564.654
 20
319041.5903
 10
3137541.6569
 20
319047.4514
 10
3137516.4854
 20
319045.0451
 10
3137497.27
 20
319036.4534
 10
3137481.2839
 20
319022.5034
 10
3137470.5354
 20
319005.4409
 10
3137464.9096
 20
318985.0476
 10
3137465.471
 20
318964.1617
 10
3137474.0766
 20
318940.6859
 10
3137489.0802
 20
318922.666
 10
3137518.9989
 20
318907.3254
 10
3137546.7607
 20
318906.2044
 10
3137561.9824
 20
318910.3412
 10
3137586.0967
 20
318926.0814
 10
3137602.6612
 20
318951.8175
  0
LWPOLYLINE
  5
189
330
17
100
AcDbEntity
  8
CL_LOCAL
100
AcDbPolyline
 90
2
 70
0
 10
3137708.7177
 20
319057.9889
 10
3137602.8382
 20
319010.3337
  0
LWPOLYLINE
  5
18A
330
17
100
AcDbEntity
  8
CL_LOCAL
100
AcDbPolyline
 90
2
 70
0
 10
3138331.1199
 20
319253.259
 10
3138034.7
 20
319245.7135
  0
LWPOLYLINE
  5
18B
330
17
100
AcDbEntity
  8
CL_LOCAL
100
AcDbPolyline
 90
28
 70
0
 10
3137519.9517
 20
320861.9127
 10
3137505.7785
 20
320786.9101
 10
3137493.4244
 20
320738.8324
 10
3137479.3697
 20
320700.3339
 10
3137459.4904
 20
320657.2508
 10
3137432.6428
 20
320602.9126
 10
3137421.142
 20
320577.3145
 10
3137413.758
 20
320549.6723
 10
3137412.5651
 20
320524.6038
 10
3137414.75
 20
320490.5617
 10
3137426.4921
 20
320456.4717
 10
3137447.0525
 20
320430.7731
 10
3137472.1076
 20
320412.5549
 10
3137500.0521
 20
320399.13
 10
3137537.19
 20
320390.5156
 10
3137570.15
 20
320389.8233
 10
3137611.508
 20
320393.4377
 10
3137648.0235
 20
320403.9213
 10
3137673.1835
 20
320418.0826
 10
3137692.8164
 20
320438.3524
 10
3137707.9087
 20
320466.4379
 10
3137714.9971
 20
320499.0476
 10
3137718.2046
 20
320539.9781
 10
3137716.9861
 20
320573.5005
 10
3137713.7003
 20
320621.1322
 10
3137714.4891
 20
320661.938
 10
3137720.9868
 20
320704.4458
 10
3137754.8764
 20
320845.2761
  0
LWPOLYLINE
  5
18C
330
17
100
AcDbEntity
  8
CL_LOCAL
100
AcDbPolyline
 90
29
 70
0
 10
3136989.4851
 20
320920.9213
 10
3136959.955
 20
320767.9342
 10
3136947.4468
 20
320730.7002
 10
3136934.2568
 20
320693.0342
 10
3136912.0027
 20
320644.7525
 10
3136887.0929
 20
320602.7733
 10
3136877.0825
 20
320579.7177
 10
3136872.442
 20
320555.8115
 10
3136872.8701
 20
320530.181
 10
3136876.5557
 20
320499.8856
 10
3136886.0077
 20
320467.5678
 10
3136899.0664
 20
320441.9349
 10
3136924.1024
 20
320416.5246
 10
3136955.5147
 20
320396.716
 10
3136998.0988
 20
320380.5687
 10
3137027.9376
 20
320376.9825
 10
3137058.4362
 20
320379.0124
 10
3137089.1463
 20
320389.6191
 10
3137121.5435
 20
320407.0374
 10
3137141.5853
 20
320427.4856
 10
3137160.7202
 20
320452.6874
 10
3137173.1668
 20
320482.9861
 10
3137179.5549
 20
320518.0476
 10
3137181.3204
 20
320554.1721
 10
3137175.7814
 20
320612.5563
 10
3137173.7955
 20
320648.6044
 10
3137177.3052
 20
320682.6692
 10
3137187.6263
 20
320733.2471
 10
3137215.8188
 20
320870.6222
  0
LWPOLYLINE
  5
18D
330
17
100
AcDbEntity
  8
CL_LOCAL
100
AcDbPolyline
 90
22
 70
0
 10
3138058.0469
 20
320798.9848
 10
3138036.2332
 20
320522.8327
 10
3138035.5714
 20
320488.6697
 10
3138040.2296
 20
320460.8118
 10
3138051.0066
 20
320440.1647
 10
3138068.1788
 20
320419.6074
 10
3138091.7082
 20
320402.5352
 10
3138119.7775
 20
320387.8325
 10
3138148.5973
 20
320378.8181
 10
3138179.1562
 20
320374.8627
 10
3138215.5409
 20
320375.6384
 10
3138239.7512
 20
320379.4779
 10
3138270.1749
 20
320393.5939
 10
3138291.7974
 20
320411.5107
 10
3138307.7671
 20
320436.7051
 10
3138316.464
 20
320462.2189
 10
3138319.2572
 20
320489.5732
 10
3138313.6408
 20
320519.0091
 10
3138288.0072
 20
320615.5711
 10
3138280.6684
 20
320649.5488
 10
3138281.3832
 20
320689.8077
 10
3138289.1738
 20
320776.8406
  0
LWPOLYLINE
  5
18E
330
17
100
AcDbEntity
  8
CL_LOCAL
100
AcDbPolyline
 90
32
 70
0
 10
3136874.9311
 20
318189.9619
 10
3136891.4509
 20
318345.6197
 10
3136896.2353
 20
318372.9562
 10
3136910.9163
 20
318395.0578
 10
3136929.8172
 20
318413.946
 10
3136954.8682
 20
318430.6991
 10
3136986.7492
 20
318437.8638
 10
3137080.523
 20
318444.7728
 10
3137114.4912
 20
318455.4239
 10
3137141.2935
 20
318468.3651
 10
3137167.2216
 20
318487.228
 10
3137323.2315
 20
318624.8974
 10
3137349.6046
 20
318645.5819
 10
3137380.4633
 20
318659.8749
 10
3137429.0702
 20
318667.5499
 10
3137477.5145
 20
318669.6047
 10
3137534.1308
 20
318663.0453
 10
3137580.3642
 20
318655.2635
 10
3137612.3887
 20
318642.898
 10
3137643.5586
 20
318615.6094
 10
3137661.6075
 20
318599.4975
 10
3137746.7902
 20
318549.6476
 10
3137776.9869
 20
318529.8514
 10
3137810.2562
 20
318517.6578
 10
3137854.2804
 20
318505.2966
 10
3137901.1451
 20
318499.8465
 10
3137941.6124
 20
318509.5659
 10
3137974.5755
 20
318511.3568
 10
3138003.4423
 20
318504.7511
 10
3138027.1774
 20
318495.3431
 10
3138055.1436
 20
318483.9632
 10
3138084.5483
 20
318471.6946
  0
LWPOLYLINE
  5
18F
330
17
100
AcDbEntity
  8
CL_LOCAL
100
AcDbPolyline
 90
14
 70
0
 10
3136203.6871
 20
318218.8491
 10
3136336.0505
 20
318222.1614
 10
3136479.8849
 20
318214.3118
 10
3136610.3377
 20
318218.7749
 10
3136744.0553
 20
318211.7111
 10
3136874.9311
 20
318189.9619
 10
3136946.0872
 20
318176.6277
 10
3137038.3389
 20
318182.4549
 10
3137124.4114
 20
318192.2797
 10
3137242.2647
 20
318220.9164
 10
3137321.9198
 20
318269.2025
 10
3137487.0
 20
318328.3801
 10
3137571.9334
 20
318421.8508
 10
3137661.6075
 20
318599.4975
  0
LWPOLYLINE
  5
190
330
17
100
AcDbEntity
  8
CL_LOCAL
100
AcDbPolyline
 90
6
 70
0
 10
3136492.4631
 20
319640.0562
 10
3136473.5141
 20
319519.0274
 10
3136446.2316
 20
319406.1768
 10
3136409.1103
 20
319277.0594
 10
3136494.3248
 20
319259.5826
 10
3136554.9115
 20
319244.9169
  0
LWPOLYLINE
  5
191
330
17
100
AcDbEntity
  8
CL_LOCAL
100
AcDbPolyline
 90
5
 70
0
 10
3136494.3248
 20
319259.5826
 10
3136515.0967
 20
319336.5335
 10
3136511.7706
 20
319371.6446
 10
3136490.1332
 20
319390.564
 10
3136446.2316
 20
319406.1768
  0
LWPOLYLINE
  5
192
330
17
100
AcDbEntity
  8
CL_LOCAL
100
AcDbPolyline
 90
2
 70
0
 10
3136418.448
 20
319521.6706
 10
3136473.5141
 20
319519.0274
  0
LWPOLYLINE
  5
193
330
17
100
AcDbEntity
  8
CL_LOCAL
100
AcDbPolyline
 90
11
 70
0
 10
3136418.448
 20
319521.6706
 10
3135775.3927
 20
319684.7741
 10
3135533.7639
 20
319761.9882
 10
3135284.9443
 20
319866.1018
 10
3135246.3572
 20
319889.5188
 10
3135234.6456
 20
319908.8985
 10
3135230.6038
 20
319924.34
 10
3135230.5182
 20
319945.0392
 10
3135232.2604
 20
319960.4288
 10
3135242.3088
 20
320002.5387
 10
3135336.4021
 20
320232.7006
  0
LWPOLYLINE
  5
194
330
17
100
AcDbEntity
  8
CL_LOCAL
100
AcDbPolyline
 90
28
 70
0
 10
3137519.9517
 20
320861.9127
 10
3137569.2168
 20
321093.5413
 10
3137572.5812
 20
321118.9192
 10
3137573.2868
 20
321157.937
 10
3137567.7164
 20
321225.7031
 10
3137570.1383
 20
321254.3748
 10
3137577.8802
 20
321286.7961
 10
3137586.6234
 20
321309.7903
 10
3137606.2881
 20
321333.7832
 10
3137629.4904
 20
321354.1311
 10
3137661.1417
 20
321374.3679
 10
3137690.5634
 20
321385.1697
 10
3137714.645
 20
321387.3668
 10
3137743.3855
 20
321382.4044
 10
3137789.5023
 20
321369.9515
 10
3137812.4748
 20
321356.5344
 10
3137836.6123
 20
321336.8646
 10
3137853.6014
 20
321313.6073
 10
3137865.1035
 20
321290.7269
 10
3137875.7921
 20
321257.5591
 10
3137876.7349
 20
321233.7495
 10
3137873.9137
 20
321203.2925
 10
3137868.0097
 20
321179.3971
 10
3137856.9098
 20
321150.4367
 10
3137837.1337
 20
321121.4797
 10
3137817.155
 20
321090.0422
 10
3137802.2787
 20
321053.0474
 10
3137754.8764
 20
320845.2761
  0
LWPOLYLINE
  5
195
330
17
100
AcDbEntity
  8
CL_LOCAL
100
AcDbPolyline
 90
17
 70
0
 10
3137901.1451
 20
318499.8465
 10
3137880.0187
 20
318438.4846
 10
3137857.8038
 20
318358.7338
 10
3137834.7484
 20
318219.4505
 10
3137819.1886
 20
317987.013
 10
3137800.2704
 20
317794.1037
 10
3137796.2837
 20
317692.9464
 10
3137777.5666
 20
317576.8422
 10
3137752.0341
 20
317464.4121
 10
3137711.2168
 20
317394.7546
 10
3137682.5908
 20
317362.2252
 10
3137638.8966
 20
317335.4504
 10
3137611.075
 20
317322.4077
 10
3137586.9566
 20
317316.7065
 10
3137554.6135
 20
317313.7428
 10
3137507.8942
 20
317310.4313
 10
3137283.5335
 20
317300.7305
  0
LWPOLYLINE
  5
196
330
17
100
AcDbEntity
  8
CL_LOCAL
100
AcDbPolyline
 90
2
 70
0
 10
3136409.1103
 20
319277.0594
 10
3136365.9726
 20
319294.7464
  0
LWPOLYLINE
  5
197
330
17
100
AcDbEntity
  8
CL_LOCAL
100
AcDbPolyline
 90
23
 70
0
 10
3138058.0469
 20
320798.9848
 10
3138084.8815
 20
321080.9336
 10
3138090.8221
 20
321114.1741
 10
3138098.3444
 20
321137.1428
 10
3138109.7218
 20
321154.0177
 10
3138127.6828
 20
321171.8934
 10
3138153.2971
 20
321189.0813
 10
3138175.0496
 20
321196.1913
 10
3138206.8907
 20
321199.4892
 10
3138240.5287
 20
321199.0113
 10
3138278.0257
 20
321190.286
 10
3138309.5563
 20
321178.8022
 10
3138328.8698
 20
321162.8625
 10
3138348.3243
 20
321142.395
 10
3138358.7851
 20
321119.1955
 10
3138365.0115
 20
321097.4934
 10
3138365.8506
 20
321074.6703
 10
3138360.9416
 20
321048.2106
 10
3138348.4814
 20
321023.7885
 10
3138325.9712
 20
320979.2672
 10
3138312.2909
 20
320939.4141
 10
3138303.391
 20
320898.4604
 10
3138289.1738
 20
320776.8406
  0
LWPOLYLINE
  5
198
330
17
100
AcDbEntity
  8
CL_LOCAL
100
AcDbPolyline
 90
14
 70
0
 10
3136355.8313
 20
319259.6821
 10
3136209.6541
 20
319300.2989
 10
3136119.996
 20
319305.9161
 10
3136042.3996
 20
319321.1366
 10
3135904.799
 20
319373.1423
 10
3135883.1359
 20
319401.7732
 10
3135825.3484
 20
319433.7199
 10
3135795.3882
 20
319446.6546
 10
3135789.8904
 20
319410.4541
 10
3135789.3722
 20
319352.4154
 10
3135809.5338
 20
319307.4801
 10
3135843.2858
 20
319291.4815
 10
3135900.6768
 20
319316.3405
 10
3135904.799
 20
319373.1423
  0
LWPOLYLINE
  5
199
330
17
100
AcDbEntity
  8
CL_LOCAL
100
AcDbPolyline
 90
13
 70
0
 10
3137487.0
 20
318328.3801
 10
3137508.2278
 20
318296.0318
 10
3137525.8291
 20
318254.7717
 10
3137537.4595
 20
318220.6098
 10
3137558.8304
 20
318127.5886
 10
3137567.7712
 20
318098.4882
 10
3137582.4267
 20
318069.0818
 10
3137603.0017
 20
318044.6609
 10
3137627.7577
 20
318025.387
 10
3137657.2533
 20
318010.5614
 10
3137690.6752
 20
318000.1915
 10
3137733.1391
 20
317995.2543
 10
3137819.1886
 20
317987.013
  0
LWPOLYLINE
  5
19A
330
17
100
AcDbEntity
  8
CL_LOCAL
100
AcDbPolyline
 90
2
 70
0
 10
3135855.7651
 20
320877.0096
 10
3136664.3238
 20
320690.9741
  0
LWPOLYLINE
  5
19B
330
17
100
AcDbEntity
  8
CL_LOCAL
100
AcDbPolyline
 90
9
 70
0
 10
3137242.2647
 20
318220.9164
 10
3137271.0291
 20
318108.0802
 10
3137268.528
 20
318011.7286
 10
3137264.1691
 20
317861.1467
 10
3137256.031
 20
317771.3429
 10
3137259.9861
 20
317661.4273
 10
3137281.7774
 20
317534.2332
 10
3137283.5335
 20
317300.7305
 10
3137290.7371
 20
317136.3934
  0
LWPOLYLINE
  5
19C
330
17
100
AcDbEntity
  8
CL_LOCAL
100
AcDbPolyline
 90
8
 70
0
 10
3135826.0317
 20
318381.1957
 10
3135826.1105
 20
318671.0464
 10
3135841.8964
 20
318811.7426
 10
3135838.124
 20
318930.8927
 10
3135864.0683
 20
318986.9157
 10
3135979.0501
 20
319101.9035
 10
3136036.4915
 20
319221.092
 10
3136042.3996
 20
319321.1366
  0
LWPOLYLINE
  5
19D
330
17
100
AcDbEntity
  8
CL_LOCAL
100
AcDbPolyline
 90
17
 70
0
 10
3136336.0505
 20
318222.1614
 10
3136337.9463
 20
318277.7784
 10
3136336.0917
 20
318308.0943
 10
3136325.2549
 20
318362.5834
 10
3136323.5311
 20
318387.2762
 10
3136332.3253
 20
318408.006
 10
3136348.6663
 20
318426.1132
 10
3136367.608
 20
318436.8233
 10
3136392.4451
 20
318442.1513
 10
3136530.685
 20
318440.7037
 10
3136555.2021
 20
318438.0036
 10
3136575.8003
 20
318429.1325
 10
3136596.2013
 20
318413.3271
 10
3136608.3216
 20
318398.946
 10
3136611.5921
 20
318377.8899
 10
3136614.054
 20
318260.6499
 10
3136610.3377
 20
318218.7749
  0
LWPOLYLINE
  5
19E
330
17
100
AcDbEntity
  8
CL_LOCAL
100
AcDbPolyline
 90
5
 70
0
 10
3136773.2463
 20
321179.4324
 10
3136114.3045
 20
321327.5507
 10
3135960.7257
 20
321379.6985
 10
3135403.6479
 20
321603.2698
 10
3135356.1021
 20
321640.0547
  0
LWPOLYLINE
  5
19F
330
17
100
AcDbEntity
  8
CL_LOCAL
100
AcDbPolyline
 90
4
 70
0
 10
3135795.3882
 20
319446.6546
 10
3135791.2161
 20
319515.9058
 10
3135773.4831
 20
319625.2876
 10
3135775.3927
 20
319684.7741
  0
LWPOLYLINE
  5
1A0
330
17
100
AcDbEntity
  8
CL_LOCAL
100
AcDbPolyline
 90
14
 70
0
 10
3137264.1691
 20
317861.1467
 10
3137435.9482
 20
317859.4836
 10
3137460.2194
 20
317856.9695
 10
3137483.3848
 20
317844.3899
 10
3137500.2936
 20
317829.6021
 10
3137510.7222
 20
317807.753
 10
3137517.9603
 20
317777.7549
 10
3137527.1664
 20
317714.6658
 10
3137536.2655
 20
317688.1192
 10
3137553.1517
 20
317657.9265
 10
3137573.5661
 20
317635.7339
 10
3137605.1872
 20
317618.4072
 10
3137646.106
 20
317607.2774
 10
3137777.5666
 20
317576.8422
  0
LWPOLYLINE
  5
1A1
330
17
100
AcDbEntity
  8
CL_LOCAL
100
AcDbPolyline
 90
56
 70
0
 10
3136292.8997
 20
317695.118
 10
3136426.3863
 20
317720.0687
 10
3136456.0403
 20
317728.2013
 10
3136473.1573
 20
317731.8458
 10
3136484.1144
 20
317736.5671
 10
3136494.968
 20
317742.348
 10
3136505.9575
 20
317750.7196
 10
3136514.6318
 20
317760.4989
 10
3136573.5166
 20
317838.5717
 10
3136585.7908
 20
317854.1964
 10
3136597.9992
 20
317864.9666
 10
3136612.5121
 20
317873.1244
 10
3136635.6955
 20
317877.9198
 10
3136799.3732
 20
317880.1184
 10
3136819.8225
 20
317877.3088
 10
3136836.8871
 20
317872.5213
 10
3136852.5727
 20
317865.1178
 10
3136868.0796
 20
317850.3053
 10
3136883.8166
 20
317833.4099
 10
3136893.2246
 20
317813.7963
 10
3136899.0772
 20
317790.7827
 10
3136907.5211
 20
317634.2831
 10
3136910.6686
 20
317594.1725
 10
3136910.5798
 20
317571.3941
 10
3136906.7499
 20
317547.2251
 10
3136901.6378
 20
317531.3906
 10
3136879.6985
 20
317506.3599
 10
3136827.7429
 20
317457.8668
 10
3136802.0945
 20
317435.0959
 10
3136777.6974
 20
317418.3738
 10
3136750.8826
 20
317401.7097
 10
3136722.8042
 20
317380.1651
 10
3136636.0011
 20
317298.7256
 10
3136613.9287
 20
317284.2464
 10
3136592.0362
 20
317274.7669
 10
3136569.0594
 20
317267.8889
 10
3136471.8105
 20
317244.5497
 10
3136444.6488
 20
317237.2345
 10
3136372.9394
 20
317221.8097
 10
3136305.7993
 20
317204.3367
 10
3136284.1864
 20
317200.915
 10
3136270.7392
 20
317200.8521
 10
3136256.3331
 20
317204.7768
 10
3136239.323
 20
317213.2149
 10
3136209.2742
 20
317229.3986
 10
3136054.9752
 20
317326.8546
 10
3136035.2136
 20
317353.643
 10
3136023.219
 20
317369.4837
 10
3136017.3461
 20
317390.0885
 10
3136015.029
 20
317414.0931
 10
3136014.2789
 20
317454.1825
 10
3136017.4563
 20
317825.8502
 10
3136022.5785
 20
317855.4103
 10
3136036.0497
 20
317873.4333
 10
3136053.1944
 20
317877.6612
 10
3136261.7751
 20
317884.8935
  0
LWPOLYLINE
  5
1A2
330
17
100
AcDbEntity
  8
CL_LOCAL
100
AcDbPolyline
 90
14
 70
0
 10
3135382.6025
 20
319421.8713
 10
3135487.3839
 20
319475.1437
 10
3135502.1606
 20
319492.68
 10
3135514.1506
 20
319511.9205
 10
3135520.5391
 20
319544.061
 10
3135522.9667
 20
319588.101
 10
3135523.2759
 20
319635.2995
 10
3135521.8442
 20
319664.699
 10
3135522.3862
 20
319700.0312
 10
3135533.7639
 20
319761.9882
 10
3135676.839
 20
320141.0567
 10
3135739.6729
 20
320350.5827
 10
3135855.7651
 20
320877.0096
 10
3135960.7257
 20
321379.6985
  0
LWPOLYLINE
  5
1A3
330
17
100
AcDbEntity
  8
CL_LOCAL
100
AcDbPolyline
 90
13
 70
0
 10
3136102.2252
 20
318348.5795
 10
3136001.1307
 20
318374.8516
 10
3135953.0943
 20
318378.1273
 10
3135826.0317
 20
318381.1957
 10
3135266.5549
 20
318363.5295
 10
3135241.046
 20
318358.9394
 10
3135222.8029
 20
318350.6337
 10
3135209.3845
 20
318341.0801
 10
3135198.2038
 20
318326.5417
 10
3135188.4732
 20
318307.3907
 10
3135182.2106
 20
318286.8944
 10
3135182.0371
 20
318267.5482
 10
3135211.1346
 20
317807.723
  0
LWPOLYLINE
  5
1A4
330
17
100
AcDbEntity
  8
CL_LOCAL
100
AcDbPolyline
 90
7
 70
0
 10
3136305.7993
 20
317204.3367
 10
3136281.1897
 20
317293.3729
 10
3136292.8997
 20
317695.118
 10
3136277.865
 20
317826.4515
 10
3136261.7751
 20
317884.8935
 10
3136267.3987
 20
317912.4414
 10
3136304.129
 20
317938.7269
  0
LWPOLYLINE
  5
1A5
330
17
100
AcDbEntity
  8
CL_LOCAL
100
AcDbPolyline
 90
11
 70
0
 10
3136517.1493
 20
317102.5797
 10
3136875.4411
 20
317140.652
 10
3136937.2682
 20
317145.1785
 10
3136993.0085
 20
317146.2911
 10
3137077.6524
 20
317139.6281
 10
3137290.7371
 20
317136.3934
 10
3137353.8887
 20
317139.9242
 10
3137464.7433
 20
317145.5165
 10
3137583.9558
 20
317166.0396
 10
3137695.8382
 20
317175.4575
 10
3137774.8983
 20
317163.4445
  0
LWPOLYLINE
  5
1A6
330
17
100
AcDbEntity
  8
CL_TRAIL
100
AcDbPolyline
 90
5
 70
0
 10
3138561.0361
 20
319304.4683
 10
3138646.9897
 20
319306.6727
 10
3138702.7309
 20
319306.1849
 10
3138782.7177
 20
319303.0759
 10
3138813.906
 20
319301.0875
  0
TEXT
  5
1A7
330
17
100
AcDbEntity
  8
ROAD_LABELS
100
AcDbText
 10
3137085.9104
 20
319651.1482
 30
0.0
 40
15.0
  1
Kagalaska Drive
 50
2.6328
100
AcDbText
  0
TEXT
  5
1A8
330
17
100
AcDbEntity
  8
ROAD_LABELS
100
AcDbText
 10
3138560.6566
 20
319356.601
 30
0.0
 40
15.0
  1
Bayshore Highway
 50
-87.9395
100
AcDbText
  0
TEXT
  5
1A9
330
17
100
AcDbEntity
  8
ROAD_LABELS
100
AcDbText
 10
3137605.2561
 20
320858.0208
 30
0.0
 40
15.0
  1
Kuluk Drive
 50
356.281
100
AcDbText
  0
TEXT
  5
1AA
330
17
100
AcDbEntity
  8
ROAD_LABELS
100
AcDbText
 10
3137626.9933
 20
319284.4935
 30
0.0
 40
15.0
  1
Moose Road
 50
282.0483
100
AcDbText
  0
TEXT
  5
1AB
330
17
100
AcDbEntity
  8
ROAD_LABELS
100
AcDbText
 10
3137764.8447
 20
319493.7676
 30
0.0
 40
15.0
  1
Seal Drive
 50
-28.5558
100
AcDbText
  0
TEXT
  5
1AC
330
17
100
AcDbEntity
  8
ROAD_LABELS
100
AcDbText
 10
3137815.6922
 20
319966.6822
 30
0.0
 40
15.0
  1
Halibut Loop
 50
76.7059
100
AcDbText
  0
TEXT
  5
1AD
330
17
100
AcDbEntity
  8
ROAD_LABELS
100
AcDbText
 10
3137562.014
 20
319961.7992
 30
0.0
 40
15.0
  1
Dolly Varden Street
 50
6.8133
100
AcDbText
  0
TEXT
  5
1AE
330
17
100
AcDbEntity
  8
ROAD_LABELS
100
AcDbText
 10
3137551.5816
 20
319260.627
 30
0.0
 40
15.0
  1
Seal Court
 50
45.5233
100
AcDbText
  0
TEXT
  5
1AF
330
17
100
AcDbEntity
  8
ROAD_LABELS
100
AcDbText
 10
3138050.3075
 20
319561.1634
 30
0.0
 40
15.0
  1
Otter Drive
 50
78.1118
100
AcDbText
  0
TEXT
  5
1B0
330
17
100
AcDbEntity
  8
ROAD_LABELS
100
AcDbText
 10
3137116.2493
 20
320110.0053
 30
0.0
 40
15.0
  1
Expedition Harbor Road
 50
-57.4904
100
AcDbText
  0
TEXT
  5
1B1
330
17
100
AcDbEntity
  8
ROAD_LABELS
100
AcDbText
 10
3138361.2922
 20
319988.208
 30
0.0
 40
15.0
  1
Kodiak Circle
 50
81.1262
100
AcDbText
  0
TEXT
  5
1B2
330
17
100
AcDbEntity
  8
ROAD_LABELS
100
AcDbText
 10
3137856.2419
 20
320222.3359
 30
0.0
 40
15.0
  1
Angadak Road
 50
5.9926
100
AcDbText
  0
TEXT
  5
1B3
330
17
100
AcDbEntity
  8
ROAD_LABELS
100
AcDbText
 10
3137470.5354
 20
319005.4409
 30
0.0
 40
15.0
  1
Caribou Court
 50
66.3868
100
AcDbText
  0
TEXT
  5
1B4
330
17
100
AcDbEntity
  8
ROAD_LABELS
100
AcDbText
 10
3138034.7
 20
319245.7135
 30
0.0
 40
15.0
  1
Fox Street
 50
1.4582
100
AcDbText
  0
TEXT
  5
1B5
330
17
100
AcDbEntity
  8
ROAD_LABELS
100
AcDbText
 10
3137537.19
 20
320390.5156
 30
0.0
 40
15.0
  1
Amitchka Circle
 50
-7.5627
100
AcDbText
  0
TEXT
  5
1B6
330
17
100
AcDbEntity
  8
ROAD_LABELS
100
AcDbText
 10
3136998.0988
 20
320380.5687
 30
0.0
 40
15.0
  1
Shemya Court
 50
-15.2417
100
AcDbText
  0
TEXT
  5
1B7
330
17
100
AcDbEntity
  8
ROAD_LABELS
100
AcDbText
 10
3138239.7512
 20
320379.4779
 30
0.0
 40
15.0
  1
Uwak Circle
 50
18.1931
100
AcDbText
  0
TEXT
  5
1B8
330
17
100
AcDbEntity
  8
ROAD_LABELS
100
AcDbText
 10
3137534.1308
 20
318663.0453
 30
0.0
 40
15.0
  1
Beverly Cove Road
 50
-7.938
100
AcDbText
  0
TEXT
  5
1B9
330
17
100
AcDbEntity
  8
ROAD_LABELS
100
AcDbText
 10
3137038.3389
 20
318182.4549
 30
0.0
 40
15.0
  1
Finger Bay Road
 50
5.0162
100
AcDbText
  0
TEXT
  5
1BA
330
17
100
AcDbEntity
  8
ROAD_LABELS
100
AcDbText
 10
3137582.4267
 20
318069.0818
 30
0.0
 40
15.0
  1
Fishermans Cove Road
 50
-56.7948
100
AcDbText
  0
LWPOLYLINE
  5
1BB
330
17
100
AcDbEntity
  8
BUILDINGS
100
AcDbPolyline
 90
13
 70
1
 10
3137445.9857
 20
319595.727
 10
3137447.5906
 20
319549.7164
 10
3137483.7555
 20
319550.9669
 10
3137483.0359
 20
319571.8542
 10
3137504.4408
 20
319572.578
 10
3137505.0386
 20
319555.8168
 10
3137535.4848
 20
319556.8624
 10
3137534.7252
 20
319578.3341
 10
3137562.3684
 20
319579.2585
 10
3137563.0179
 20
319560.6716
 10
3137588.3785
 20
319561.5431
 10
3137587.0054
 20
319600.5793
 10
3137445.9857
 20
319595.727
  0
LWPOLYLINE
  5
1BC
330
17
100
AcDbEntity
  8
BUILDINGS
100
AcDbPolyline
 90
13
 70
1
 10
3137593.9857
 20
319769.5001
 10
3137600.9777
 20
319729.6113
 10
3137736.8744
 20
319753.2736
 10
3137730.2915
 20
319790.8954
 10
3137703.7233
 20
319786.2743
 10
3137706.5197
 20
319770.2604
 10
3137681.1509
 20
319765.8478
 10
3137678.0314
 20
319783.6533
 10
3137646.2356
 20
319778.1292
 10
3137648.8818
 20
319763.0293
 10
3137624.8708
 20
319758.8603
 10
3137622.1607
 20
319774.3989
 10
3137593.9857
 20
319769.5001
  0
LWPOLYLINE
  5
1BD
330
17
100
AcDbEntity
  8
BUILDINGS
100
AcDbPolyline
 90
13
 70
1
 10
3137633.0362
 20
319585.4983
 10
3137663.0678
 20
319577.9691
 10
3137667.001
 20
319593.5221
 10
3137690.6068
 20
319587.5828
 10
3137686.7665
 20
319572.321
 10
3137721.2849
 20
319563.6572
 10
3137725.6163
 20
319580.8129
 10
3137751.2736
 20
319574.3445
 10
3137745.8421
 20
319552.8543
 10
3137772.6944
 20
319546.0834
 10
3137783.979
 20
319590.7394
 10
3137643.2913
 20
319626.1112
 10
3137633.0362
 20
319585.4983
  0
LWPOLYLINE
  5
1BE
330
17
100
AcDbEntity
  8
BUILDINGS
100
AcDbPolyline
 90
13
 70
1
 10
3137379.332
 20
319744.6725
 10
3137389.9407
 20
319707.5626
 10
3137523.6141
 20
319745.5163
 10
3137513.2026
 20
319781.9673
 10
3137483.9132
 20
319773.6835
 10
3137487.9455
 20
319759.4839
 10
3137465.9499
 20
319753.2531
 10
3137461.0186
 20
319770.5636
 10
3137431.1397
 20
319762.0661
 10
3137436.2024
 20
319744.2799
 10
3137408.7248
 20
319736.4913
 10
3137404.363
 20
319751.7525
 10
3137379.332
 20
319744.6725
  0
LWPOLYLINE
  5
1BF
330
17
100
AcDbEntity
  8
BUILDINGS
100
AcDbPolyline
 90
13
 70
1
 10
3137444.5791
 20
319485.0193
 10
3137447.8289
 20
319443.5937
 10
3137585.9648
 20
319454.3853
 10
3137583.1409
 20
319490.3312
 10
3137557.8835
 20
319488.3637
 10
3137559.2254
 20
319471.4134
 10
3137533.8547
 20
319469.4104
 10
3137532.1484
 20
319491.146
 10
3137502.2782
 20
319488.8177
 10
3137503.8202
 20
319468.9453
 10
3137477.8618
 20
319466.911
 10
3137476.2356
 20
319487.4778
 10
3137444.5791
 20
319485.0193
  0
LWPOLYLINE
  5
1C0
330
17
100
AcDbEntity
  8
BUILDINGS
100
AcDbPolyline
 90
13
 70
1
 10
3137628.0048
 20
319440.2522
 10
3137771.0042
 20
319408.0358
 10
3137780.6673
 20
319450.7347
 10
3137752.6582
 20
319457.0413
 10
3137747.7447
 20
319435.364
 10
3137723.231
 20
319440.8732
 10
3137727.9565
 20
319461.7125
 10
3137697.7374
 20
319468.5132
 10
3137692.9648
 20
319447.4552
 10
3137664.8206
 20
319453.7996
 10
3137671.0985
 20
319481.5612
 10
3137638.9851
 20
319488.7802
 10
3137628.0048
 20
319440.2522
  0
LWPOLYLINE
  5
1C1
330
17
100
AcDbEntity
  8
BUILDINGS
100
AcDbPolyline
 90
21
 70
1
 10
3137561.7444
 20
319920.9888
 10
3137563.1782
 20
319878.5936
 10
3137587.7471
 20
319879.4356
 10
3137589.0
 20
319842.1528
 10
3137614.292
 20
319842.9884
 10
3137613.1085
 20
319877.8978
 10
3137653.2504
 20
319879.2597
 10
3137654.4893
 20
319842.9261
 10
3137688.1442
 20
319844.0532
 10
3137686.9993
 20
319878.2321
 10
3137706.6408
 20
319878.8987
 10
3137704.8995
 20
319930.0212
 10
3137684.3766
 20
319929.326
 10
3137685.0908
 20
319907.8181
 10
3137649.5375
 20
319906.6348
 10
3137648.9473
 20
319924.272
 10
3137614.8855
 20
319923.112
 10
3137615.4927
 20
319904.8541
 10
3137578.5153
 20
319903.6104
 10
3137577.9278
 20
319921.5396
 10
3137561.7444
 20
319920.9888
  0
LWPOLYLINE
  5
1C2
330
17
100
AcDbEntity
  8
BUILDINGS
100
AcDbPolyline
 90
21
 70
1
 10
3137317.6007
 20
319872.6208
 10
3137328.704
 20
319835.2509
 10
3137345.5139
 20
319840.2132
 10
3137357.0995
 20
319801.1598
 10
3137386.1204
 20
319809.7378
 10
3137376.882
 20
319840.8122
 10
3137409.6638
 20
319850.5252
 10
3137419.5379
 20
319817.2183
 10
3137459.8183
 20
319829.1285
 10
3137450.9529
 20
319858.9584
 10
3137466.8567
 20
319863.6732
 10
3137452.2412
 20
319912.7556
 10
3137429.4279
 20
319906.021
 10
3137435.3965
 20
319885.927
 10
3137399.4659
 20
319875.2927
 10
3137393.8046
 20
319894.3619
 10
3137364.8971
 20
319885.8194
 10
3137369.9002
 20
319868.9829
 10
3137333.3126
 20
319858.172
 10
3137328.0897
 20
319875.7041
 10
3137317.6007
 20
319872.6208
  0
LWPOLYLINE
  5
1C3
330
17
100
AcDbEntity
  8
BUILDINGS
100
AcDbPolyline
 90
13
 70
1
 10
3137446.4035
 20
319402.4285
 10
3137447.987
 20
319364.2301
 10
3137474.344
 20
319365.3117
 10
3137473.8967
 20
319376.0847
 10
3137504.3226
 20
319377.3494
 10
3137504.9188
 20
319362.9611
 10
3137533.3328
 20
319364.1341
 10
3137532.7001
 20
319379.5084
 10
3137559.5093
 20
319380.6226
 10
3137560.0302
 20
319367.9507
 10
3137588.6024
 20
319369.1224
 10
3137586.981
 20
319408.1973
 10
3137446.4035
 20
319402.4285
  0
LWPOLYLINE
  5
1C4
330
17
100
AcDbEntity
  8
BUILDINGS
100
AcDbPolyline
 90
13
 70
1
 10
3137809.1677
 20
319551.5666
 10
3137810.8383
 20
319520.5955
 10
3137832.7445
 20
319521.7898
 10
3137834.2613
 20
319493.8865
 10
3137815.5199
 20
319492.8469
 10
3137817.2115
 20
319461.6931
 10
3137834.2571
 20
319462.6016
 10
3137835.4655
 20
319440.7244
 10
3137815.4132
 20
319439.6598
 10
3137817.2434
 20
319406.2779
 10
3137861.2139
 20
319408.6288
 10
3137853.2963
 20
319553.9525
 10
3137809.1677
 20
319551.5666
  0
LWPOLYLINE
  5
1C5
330
17
100
AcDbEntity
  8
BUILDINGS
100
AcDbPolyline
 90
5
 70
1
 10
3137176.4045
 20
319571.6061
 10
3137177.8857
 20
319529.5755
 10
3137278.3565
 20
319533.068
 10
3137276.8754
 20
319575.135
 10
3137176.4045
 20
319571.6061
  0
LWPOLYLINE
  5
1C6
330
17
100
AcDbEntity
  8
BUILDINGS
100
AcDbPolyline
 90
9
 70
1
 10
3137651.0338
 20
319327.8323
 10
3137681.6655
 20
319324.2404
 10
3137683.6682
 20
319341.2341
 10
3137710.6205
 20
319338.0762
 10
3137707.8634
 20
319314.9562
 10
3137740.8198
 20
319311.0519
 10
3137746.2145
 20
319356.5628
 10
3137655.6968
 20
319367.2168
 10
3137651.0338
 20
319327.8323
  0
LWPOLYLINE
  5
1C7
330
17
100
AcDbEntity
  8
BUILDINGS
100
AcDbPolyline
 90
21
 70
1
 10
3137493.7874
 20
320034.8638
 10
3137502.1473
 20
319988.7205
 10
3137517.4462
 20
319991.4694
 10
3137514.1503
 20
320009.7511
 10
3137557.0821
 20
320017.4765
 10
3137560.8312
 20
319996.7815
 10
3137587.9662
 20
320001.6529
 10
3137585.3811
 20
320015.9858
 10
3137623.7416
 20
320022.9121
 10
3137626.3486
 20
320008.506
 10
3137648.7763
 20
320012.5429
 10
3137639.9212
 20
320061.5014
 10
3137619.983
 20
320057.9171
 10
3137614.0148
 20
320090.8974
 10
3137576.7636
 20
320084.1804
 10
3137582.8401
 20
320050.6881
 10
3137545.9058
 20
320044.0413
 10
3137539.8516
 20
320077.497
 10
3137508.756
 20
320071.894
 10
3137514.7895
 20
320038.6575
 10
3137493.7874
 20
320034.8638
  0
LWPOLYLINE
  5
1C8
330
17
100
AcDbEntity
  8
BUILDINGS
100
AcDbPolyline
 90
21
 70
1
 10
3137648.663
 20
319991.9915
 10
3137676.646
 20
319980.2823
 10
3137684.4006
 20
319998.722
 10
3137707.994
 20
319988.8768
 10
3137701.601
 20
319973.674
 10
3137737.8688
 20
319958.4968
 10
3137746.2236
 20
319978.3916
 10
3137776.3232
 20
319965.8242
 10
3137769.3529
 20
319949.2028
 10
3137785.8095
 20
319942.3044
 10
3137799.2881
 20
319974.4197
 10
3137780.8952
 20
319982.1018
 10
3137797.2817
 20
320021.1275
 10
3137765.3137
 20
320034.4779
 10
3137751.0043
 20
320000.3986
 10
3137718.8562
 20
320013.8236
 10
3137735.0818
 20
320052.5222
 10
3137701.8983
 20
320066.3944
 10
3137687.8658
 20
320032.9699
 10
3137669.158
 20
320040.8008
 10
3137648.663
 20
319991.9915
  0
LWPOLYLINE
  5
1C9
330
17
100
AcDbEntity
  8
BUILDINGS
100
AcDbPolyline
 90
9
 70
1
 10
3137408.6826
 20
319253.1268
 10
3137454.633
 20
319251.8816
 10
3137455.5269
 20
319284.0347
 10
3137436.9795
 20
319284.527
 10
3137437.7064
 20
319310.5488
 10
3137451.9162
 20
319310.1678
 10
3137452.7117
 20
319338.8538
 10
3137411.0994
 20
319340.0243
 10
3137408.6826
 20
319253.1268
  0
LWPOLYLINE
  5
1CA
330
17
100
AcDbEntity
  8
BUILDINGS
100
AcDbPolyline
 90
21
 70
1
 10
3137301.3155
 20
319990.9684
 10
3137314.001
 20
319940.8807
 10
3137334.4955
 20
319946.0294
 10
3137328.9501
 20
319967.9815
 10
3137365.5685
 20
319977.1859
 10
3137368.8434
 20
319964.2342
 10
3137398.804
 20
319971.7817
 10
3137394.9612
 20
319986.9653
 10
3137434.3879
 20
319996.9116
 10
3137437.2258
 20
319985.643
 10
3137453.6669
 20
319989.8055
 10
3137444.8461
 20
320024.6727
 10
3137423.8534
 20
320019.3823
 10
3137414.705
 20
320055.5301
 10
3137382.2535
 20
320047.3475
 10
3137390.1578
 20
320016.1753
 10
3137354.2187
 20
320007.1109
 10
3137346.2057
 20
320038.7586
 10
3137314.2298
 20
320030.7179
 10
3137322.9196
 20
319996.3993
 10
3137301.3155
 20
319990.9684
  0
LWPOLYLINE
  5
1CB
330
17
100
AcDbEntity
  8
BUILDINGS
100
AcDbPolyline
 90
9
 70
1
 10
3137917.4623
 20
319555.7242
 10
3137918.2402
 20
319477.1947
 10
3137959.0299
 20
319477.6025
 10
3137958.9177
 20
319490.5264
 10
3137986.2385
 20
319490.7607
 10
3137985.7484
 20
319540.3755
 10
3137958.5402
 20
319540.1037
 10
3137958.3874
 20
319556.1308
 10
3137917.4623
 20
319555.7242
  0
LWPOLYLINE
  5
1CC
330
17
100
AcDbEntity
  8
BUILDINGS
100
AcDbPolyline
 90
9
 70
1
 10
3137928.3559
 20
319586.8037
 10
3137964.4101
 20
319570.3513
 10
3137970.3996
 20
319583.3675
 10
3137997.6541
 20
319570.9351
 10
3138016.8207
 20
319612.638
 10
3137995.6655
 20
319622.3153
 10
3138001.471
 20
319634.9681
 10
3137959.3408
 20
319654.2482
 10
3137928.3559
 20
319586.8037
  0
LWPOLYLINE
  5
1CD
330
17
100
AcDbEntity
  8
BUILDINGS
100
AcDbPolyline
 90
13
 70
1
 10
3137800.0408
 20
319202.7671
 10
3137841.1358
 20
319199.2659
 10
3137853.4566
 20
319343.6814
 10
3137810.9395
 20
319347.3046
 10
3137808.2939
 20
319316.2985
 10
3137830.7605
 20
319314.385
 10
3137828.6947
 20
319290.2002
 10
3137807.8087
 20
319291.9904
 10
3137804.8853
 20
319257.6647
 10
3137823.8746
 20
319256.0373
 10
3137822.036
 20
319234.552
 10
3137802.8884
 20
319236.1808
 10
3137800.0408
 20
319202.7671
  0
LWPOLYLINE
  5
1CE
330
17
100
AcDbEntity
  8
BUILDINGS
100
AcDbPolyline
 90
9
 70
1
 10
3137914.9103
 20
319378.6601
 10
3137951.7786
 20
319377.6422
 10
3137952.2078
 20
319393.0436
 10
3137978.7523
 20
319392.3356
 10
3137980.2103
 20
319445.0727
 10
3137952.898
 20
319445.824
 10
3137953.1996
 20
319456.9919
 10
3137917.0768
 20
319457.9668
 10
3137914.9103
 20
319378.6601
  0
LWPOLYLINE
  5
1CF
330
17
100
AcDbEntity
  8
BUILDINGS
100
AcDbPolyline
 90
13
 70
1
 10
3137165.0315
 20
319987.245
 10
3137165.4249
 20
319967.8572
 10
3137182.3745
 20
319968.1819
 10
3137182.8628
 20
319944.1937
 10
3137165.1899
 20
319943.8389
 10
3137165.6873
 20
319918.3174
 10
3137184.4676
 20
319918.6989
 10
3137184.668
 20
319908.1471
 10
3137231.9464
 20
319909.0798
 10
3137229.9889
 20
320007.15
 10
3137177.0837
 20
320006.1211
 10
3137177.4613
 20
319987.5001
 10
3137165.0315
 20
319987.245
  0
LWPOLYLINE
  5
1D0
330
17
100
AcDbEntity
  8
BUILDINGS
100
AcDbPolyline
 90
13
 70
1
 10
3137474.593
 20
319232.2117
 10
3137478.4084
 20
319188.2988
 10
3137621.871
 20
319200.7228
 10
3137618.3426
 20
319241.3477
 10
3137588.289
 20
319238.7653
 10
3137589.9699
 20
319219.2567
 10
3137570.3863
 20
319217.5676
 10
3137568.6841
 20
319237.2224
 10
3137535.1254
 20
319234.3425
 10
3137536.6006
 20
319217.1355
 10
3137508.8761
 20
319214.7517
 10
3137507.1117
 20
319235.0277
 10
3137474.593
 20
319232.2117
  0
LWPOLYLINE
  5
1D1
330
17
100
AcDbEntity
  8
BUILDINGS
100
AcDbPolyline
 90
9
 70
1
 10
3137675.3863
 20
319242.4876
 10
3137679.4668
 20
319205.5084
 10
3137761.3228
 20
319214.4612
 10
3137757.1391
 20
319252.5729
 10
3137725.564
 20
319249.1275
 10
3137727.8865
 20
319228.0436
 10
3137707.1229
 20
319225.7807
 10
3137704.926
 20
319245.7318
 10
3137675.3863
 20
319242.4876
  0
LWPOLYLINE
  5
1D2
330
17
100
AcDbEntity
  8
BUILDINGS
100
AcDbPolyline
 90
5
 70
1
 10
3138000.3127
 20
319865.5813
 10
3138008.3939
 20
319749.0223
 10
3138038.6683
 20
319751.129
 10
3138030.6094
 20
319867.6878
 10
3138000.3127
 20
319865.5813
  0
LWPOLYLINE
  5
1D3
330
17
100
AcDbEntity
  8
BUILDINGS
100
AcDbPolyline
 90
9
 70
1
 10
3137914.9231
 20
319367.2704
 10
3137914.7982
 20
319294.0056
 10
3137959.132
 20
319293.9442
 10
3137959.1485
 20
319306.1003
 10
3137982.6257
 20
319306.0398
 10
3137982.7071
 20
319356.4162
 10
3137956.4957
 20
319356.4642
 10
3137956.4998
 20
319367.1967
 10
3137914.9231
 20
319367.2704
  0
LWPOLYLINE
  5
1D4
330
17
100
AcDbEntity
  8
BUILDINGS
100
AcDbPolyline
 90
13
 70
1
 10
3137485.8915
 20
320166.8631
 10
3137489.6648
 20
320123.3157
 10
3137518.5635
 20
320125.7986
 10
3137517.0049
 20
320143.7728
 10
3137536.6777
 20
320145.4611
 10
3137538.0717
 20
320129.3135
 10
3137578.028
 20
320132.7576
 10
3137576.4083
 20
320151.499
 10
3137597.9806
 20
320153.3531
 10
3137599.6626
 20
320133.9905
 10
3137622.5463
 20
320135.9425
 10
3137618.8528
 20
320178.3211
 10
3137485.8915
 20
320166.8631
  0
LWPOLYLINE
  5
1D5
330
17
100
AcDbEntity
  8
BUILDINGS
100
AcDbPolyline
 90
13
 70
1
 10
3137660.7352
 20
320126.0051
 10
3137697.1951
 20
320124.9901
 10
3137697.7839
 20
320145.6469
 10
3137723.2423
 20
320144.9115
 10
3137722.5955
 20
320122.7951
 10
3137753.1366
 20
320121.9054
 10
3137753.7856
 20
320144.2774
 10
3137776.8494
 20
320143.5997
 10
3137776.068
 20
320116.4467
 10
3137810.9693
 20
320115.4823
 10
3137812.3508
 20
320164.6061
 10
3137661.9492
 20
320168.8879
 10
3137660.7352
 20
320126.0051
  0
LWPOLYLINE
  5
1D6
330
17
100
AcDbEntity
  8
BUILDINGS
100
AcDbPolyline
 90
13
 70
1
 10
3137280.574
 20
320141.9545
 10
3137285.9495
 20
320100.8022
 10
3137322.5734
 20
320105.5528
 10
3137320.2036
 20
320123.7533
 10
3137343.3452
 20
320126.7613
 10
3137345.5672
 20
320109.7303
 10
3137374.2962
 20
320113.4556
 10
3137372.0112
 20
320131.0348
 10
3137398.6816
 20
320134.4863
 10
3137400.9883
 20
320116.7974
 10
3137425.9848
 20
320120.0447
 10
3137420.7577
 20
320160.137
 10
3137280.574
 20
320141.9545
  0
LWPOLYLINE
  5
1D7
330
17
100
AcDbEntity
  8
BUILDINGS
100
AcDbPolyline
 90
5
 70
1
 10
3137996.0901
 20
320004.6665
 10
3138004.1938
 20
319888.1074
 10
3138034.445
 20
319890.1777
 10
3138026.3863
 20
320006.7365
 10
3137996.0901
 20
320004.6665
  0
LWPOLYLINE
  5
1D8
330
17
100
AcDbEntity
  8
BUILDINGS
100
AcDbPolyline
 90
13
 70
1
 10
3136987.2925
 20
319818.5578
 10
3136988.4086
 20
319786.3869
 10
3137013.1133
 20
319787.2268
 10
3137013.7809
 20
319768.2017
 10
3136992.9411
 20
319767.4736
 10
3136993.7509
 20
319744.1031
 10
3137017.8908
 20
319744.948
 10
3137018.2335
 20
319735.1616
 10
3137056.6584
 20
319736.5007
 10
3137053.2904
 20
319833.3787
 10
3137004.8754
 20
319831.69
 10
3137005.3068
 20
319819.1649
 10
3136987.2925
 20
319818.5578
  0
LWPOLYLINE
  5
1D9
330
17
100
AcDbEntity
  8
BUILDINGS
100
AcDbPolyline
 90
9
 70
1
 10
3137564.5619
 20
319110.5858
 10
3137585.9387
 20
319061.9185
 10
3137609.0538
 20
319072.0091
 10
3137599.9717
 20
319092.7146
 10
3137627.7596
 20
319104.8449
 10
3137637.3954
 20
319082.8568
 10
3137665.4784
 20
319095.1306
 10
3137643.5479
 20
319145.0804
 10
3137564.5619
 20
319110.5858
  0
LWPOLYLINE
  5
1DA
330
17
100
AcDbEntity
  8
BUILDINGS
100
AcDbPolyline
 90
9
 70
1
 10
3137453.4753
 20
319110.4708
 10
3137468.415
 20
319062.1886
 10
3137495.4011
 20
319070.4927
 10
3137490.5241
 20
319086.3059
 10
3137513.885
 20
319093.5104
 10
3137521.6188
 20
319068.5456
 10
3137554.7
 20
319078.7308
 10
3137536.9484
 20
319136.164
 10
3137453.4753
 20
319110.4708
  0
LWPOLYLINE
  5
1DB
330
17
100
AcDbEntity
  8
BUILDINGS
100
AcDbPolyline
 90
5
 70
1
 10
3137922.0717
 20
319239.768
 10
3137958.3589
 20
319239.4488
 10
3137958.6289
 20
319270.1473
 10
3137922.3417
 20
319270.4665
 10
3137922.0717
 20
319239.768
  0
LWPOLYLINE
  5
1DC
330
17
100
AcDbEntity
  8
BUILDINGS
100
AcDbPolyline
 90
9
 70
1
 10
3137152.1851
 20
320128.9256
 10
3137152.6034
 20
320109.7932
 10
3137180.7172
 20
320110.3842
 10
3137181.2314
 20
320086.7608
 10
3137153.5241
 20
320086.1662
 10
3137154.0224
 20
320063.3096
 10
3137220.2396
 20
320064.7318
 10
3137218.809
 20
320130.3807
 10
3137152.1851
 20
320128.9256
  0
LWPOLYLINE
  5
1DD
330
17
100
AcDbEntity
  8
BUILDINGS
100
AcDbPolyline
 90
9
 70
1
 10
3138092.8004
 20
319526.5481
 10
3138092.3986
 20
319478.2553
 10
3138122.6981
 20
319478.0256
 10
3138122.5937
 20
319463.5705
 10
3138162.9927
 20
319463.2157
 10
3138163.6427
 20
319539.7978
 10
3138123.8766
 20
319540.1471
 10
3138123.7776
 20
319526.3125
 10
3138092.8004
 20
319526.5481
  0
LWPOLYLINE
  5
1DE
330
17
100
AcDbEntity
  8
BUILDINGS
100
AcDbPolyline
 90
9
 70
1
 10
3138110.3392
 20
319570.7478
 10
3138154.9471
 20
319550.5336
 10
3138168.61
 20
319580.5304
 10
3138147.5664
 20
319590.0605
 10
3138161.2058
 20
319619.948
 10
3138179.0083
 20
319611.87
 10
3138192.3946
 20
319641.2486
 10
3138151.0279
 20
319660.0105
 10
3138110.3392
 20
319570.7478
  0
LWPOLYLINE
  5
1DF
330
17
100
AcDbEntity
  8
BUILDINGS
100
AcDbPolyline
 90
15
 70
1
 10
3138081.1735
 20
319422.2821
 10
3138082.8166
 20
319303.2608
 10
3138172.8742
 20
319304.4775
 10
3138172.3554
 20
319343.1775
 10
3138139.3382
 20
319342.7374
 10
3138139.4718
 20
319332.2227
 10
3138131.1102
 20
319332.1137
 10
3138130.9793
 20
319340.365
 10
3138124.787
 20
319340.2734
 10
3138124.4872
 20
319362.7267
 10
3138100.8032
 20
319362.3872
 10
3138100.307
 20
319398.4951
 10
3138123.2224
 20
319398.8049
 10
3138122.8914
 20
319422.8647
 10
3138081.1735
 20
319422.2821
  0
LWPOLYLINE
  5
1E0
330
17
100
AcDbEntity
  8
BUILDINGS
100
AcDbPolyline
 90
5
 70
1
 10
3138126.4066
 20
319869.2917
 10
3138134.5113
 20
319752.7326
 10
3138164.7857
 20
319754.8395
 10
3138156.7033
 20
319871.3984
 10
3138126.4066
 20
319869.2917
  0
LWPOLYLINE
  5
1E1
330
17
100
AcDbEntity
  8
BUILDINGS
100
AcDbPolyline
 90
5
 70
1
 10
3137994.8049
 20
320043.5193
 10
3138022.2578
 20
320030.6107
 10
3138072.1965
 20
320136.3287
 10
3138044.7208
 20
320149.2009
 10
3137994.8049
 20
320043.5193
  0
LWPOLYLINE
  5
1E2
330
17
100
AcDbEntity
  8
BUILDINGS
100
AcDbPolyline
 90
9
 70
1
 10
3137913.5499
 20
319195.7812
 10
3137914.5167
 20
319123.31
 10
3137952.1221
 20
319123.8188
 10
3137952.0171
 20
319132.435
 10
3137984.7862
 20
319132.8769
 10
3137984.1156
 20
319182.5298
 10
3137952.5444
 20
319182.1138
 10
3137952.3527
 20
319196.2795
 10
3137913.5499
 20
319195.7812
  0
LWPOLYLINE
  5
1E3
330
17
100
AcDbEntity
  8
BUILDINGS
100
AcDbPolyline
 90
13
 70
1
 10
3136971.8059
 20
319980.8874
 10
3136981.002
 20
319940.0297
 10
3136991.575
 20
319942.3819
 10
3136995.1404
 20
319926.5436
 10
3137016.83
 20
319931.3893
 10
3137013.0466
 20
319948.1421
 10
3137034.7813
 20
319952.9874
 10
3137038.5859
 20
319936.0884
 10
3137061.7473
 20
319941.2861
 10
3137057.5295
 20
319960.0141
 10
3137064.4119
 20
319961.5229
 10
3137055.8246
 20
319999.7103
 10
3136971.8059
 20
319980.8874
  0
LWPOLYLINE
  5
1E4
330
17
100
AcDbEntity
  8
BUILDINGS
100
AcDbPolyline
 90
5
 70
1
 10
3138121.5463
 20
320005.3526
 10
3138129.6283
 20
319888.7937
 10
3138159.9024
 20
319890.9006
 10
3138151.8202
 20
320007.4595
 10
3138121.5463
 20
320005.3526
  0
LWPOLYLINE
  5
1E5
330
17
100
AcDbEntity
  8
BUILDINGS
100
AcDbPolyline
 90
9
 70
1
 10
3137384.2067
 20
318963.5284
 10
3137440.892
 20
318962.3343
 10
3137441.5387
 20
318992.0804
 10
3137413.2753
 20
318992.6949
 10
3137413.8418
 20
319018.4626
 10
3137440.8401
 20
319017.8957
 10
3137441.5552
 20
319050.2694
 10
3137386.113
 20
319051.4525
 10
3137384.2067
 20
318963.5284
  0
LWPOLYLINE
  5
1E6
330
17
100
AcDbEntity
  8
BUILDINGS
100
AcDbPolyline
 90
9
 70
1
 10
3137113.2128
 20
320180.5236
 10
3137124.5465
 20
320164.1785
 10
3137146.9168
 20
320179.6049
 10
3137157.4472
 20
320164.3986
 10
3137138.3508
 20
320151.2431
 10
3137145.8251
 20
320140.481
 10
3137206.1156
 20
320182.0747
 10
3137176.7767
 20
320224.3516
 10
3137113.2128
 20
320180.5236
  0
LWPOLYLINE
  5
1E7
330
17
100
AcDbEntity
  8
BUILDINGS
100
AcDbPolyline
 90
13
 70
1
 10
3136958.0438
 20
320092.9707
 10
3136959.2314
 20
320058.6818
 10
3137062.2757
 20
320062.2596
 10
3137060.9426
 20
320100.5653
 10
3137050.9298
 20
320100.2159
 10
3137050.2102
 20
320121.0302
 10
3137022.7709
 20
320120.0684
 10
3137023.6154
 20
320095.4929
 10
3136997.713
 20
320094.5906
 10
3136996.8312
 20
320120.0425
 10
3136971.0197
 20
320119.176
 10
3136971.9214
 20
320093.4318
 10
3136958.0438
 20
320092.9707
  0
LWPOLYLINE
  5
1E8
330
17
100
AcDbEntity
  8
BUILDINGS
100
AcDbPolyline
 90
5
 70
1
 10
3137540.8102
 20
320337.2957
 10
3137543.9791
 20
320307.1875
 10
3137660.4734
 20
320319.3386
 10
3137657.327
 20
320349.4466
 10
3137540.8102
 20
320337.2957
  0
LWPOLYLINE
  5
1E9
330
17
100
AcDbEntity
  8
BUILDINGS
100
AcDbPolyline
 90
9
 70
1
 10
3138208.836
 20
319539.912
 10
3138209.5544
 20
319464.7416
 10
3138253.0558
 20
319465.1628
 10
3138252.9313
 20
319479.2914
 10
3138282.693
 20
319479.5778
 10
3138282.2379
 20
319528.1336
 10
3138253.8096
 20
319527.872
 10
3138253.6932
 20
319540.3578
 10
3138208.836
 20
319539.912
  0
LWPOLYLINE
  5
1EA
330
17
100
AcDbEntity
  8
BUILDINGS
100
AcDbPolyline
 90
13
 70
1
 10
3136891.0845
 20
319946.594
 10
3136933.5406
 20
319890.365
 10
3136946.0972
 20
319899.8181
 10
3136935.9353
 20
319913.269
 10
3136950.1748
 20
319923.9484
 10
3136960.1359
 20
319910.7913
 10
3136972.8286
 20
319920.3163
 10
3136931.087
 20
319975.5898
 10
3136920.5553
 20
319967.6885
 10
3136926.8978
 20
319959.2726
 10
3136909.3145
 20
319946.0675
 10
3136902.458
 20
319955.145
 10
3136891.0845
 20
319946.594
  0
LWPOLYLINE
  5
1EB
330
17
100
AcDbEntity
  8
BUILDINGS
100
AcDbPolyline
 90
9
 70
1
 10
3137910.4493
 20
319100.2015
 10
3137910.7501
 20
319029.0868
 10
3137945.5279
 20
319029.2189
 10
3137945.4958
 20
319038.4185
 10
3137983.7309
 20
319038.5568
 10
3137983.5442
 20
319086.7088
 10
3137951.6817
 20
319086.5874
 10
3137951.6223
 20
319100.3869
 10
3137910.4493
 20
319100.2015
  0
LWPOLYLINE
  5
1EC
330
17
100
AcDbEntity
  8
BUILDINGS
100
AcDbPolyline
 90
9
 70
1
 10
3137627.5719
 20
318960.5051
 10
3137657.2283
 20
318920.5261
 10
3137724.3032
 20
318970.0566
 10
3137692.7932
 20
319012.5342
 10
3137666.2274
 20
318992.946
 10
3137683.4227
 20
318969.7597
 10
3137661.4513
 20
318953.5625
 10
3137646.1318
 20
318974.2135
 10
3137627.5719
 20
318960.5051
  0
LWPOLYLINE
  5
1ED
330
17
100
AcDbEntity
  8
BUILDINGS
100
AcDbPolyline
 90
9
 70
1
 10
3138228.2555
 20
319656.8135
 10
3138230.0677
 20
319629.0172
 10
3138251.4553
 20
319630.3626
 10
3138253.6641
 20
319596.2474
 10
3138229.9924
 20
319594.703
 10
3138232.3391
 20
319558.2868
 10
3138274.4367
 20
319560.9837
 10
3138268.0692
 20
319659.3479
 10
3138228.2555
 20
319656.8135
  0
LWPOLYLINE
  5
1EE
330
17
100
AcDbEntity
  8
BUILDINGS
100
AcDbPolyline
 90
5
 70
1
 10
3137390.7616
 20
320378.8122
 10
3137489.1911
 20
320315.4465
 10
3137505.6389
 20
320340.8914
 10
3137407.2321
 20
320404.2569
 10
3137390.7616
 20
320378.8122
  0
LWPOLYLINE
  5
1EF
330
17
100
AcDbEntity
  8
BUILDINGS
100
AcDbPolyline
 90
11
 70
1
 10
3136842.0515
 20
319819.078
 10
3136847.4922
 20
319731.8554
 10
3136908.1956
 20
319735.6251
 10
3136906.4931
 20
319762.8
 10
3136888.2481
 20
319761.6475
 10
3136886.9415
 20
319782.5035
 10
3136908.4643
 20
319783.8095
 10
3136906.8406
 20
319809.6696
 10
3136886.0634
 20
319808.357
 10
3136885.2332
 20
319821.7617
 10
3136842.0515
 20
319819.078
  0
LWPOLYLINE
  5
1F0
330
17
100
AcDbEntity
  8
BUILDINGS
100
AcDbPolyline
 90
5
 70
1
 10
3138244.0416
 20
319753.6691
 10
3138274.3581
 20
319752.8554
 10
3138277.4395
 20
319869.6814
 10
3138247.1004
 20
319870.4587
 10
3138244.0416
 20
319753.6691
  0
LWPOLYLINE
  5
1F1
330
17
100
AcDbEntity
  8
BUILDINGS
100
AcDbPolyline
 90
5
 70
1
 10
3136826.3754
 20
319343.0434
 10
3136919.8215
 20
319341.5947
 10
3136921.1744
 20
319427.9905
 10
3136827.7288
 20
319429.4392
 10
3136826.3754
 20
319343.0434
  0
LWPOLYLINE
  5
1F2
330
17
100
AcDbEntity
  8
BUILDINGS
100
AcDbPolyline
 90
9
 70
1
 10
3136837.7771
 20
319851.788
 10
3136883.098
 20
319835.7986
 10
3136887.4783
 20
319848.1716
 10
3136903.7639
 20
319842.4055
 10
3136911.7822
 20
319865.0041
 10
3136895.2713
 20
319870.8452
 10
3136899.6512
 20
319883.1817
 10
3136854.5783
 20
319899.0958
 10
3136837.7771
 20
319851.788
  0
LWPOLYLINE
  5
1F3
330
17
100
AcDbEntity
  8
BUILDINGS
100
AcDbPolyline
 90
11
 70
1
 10
3138085.0882
 20
319201.7565
 10
3138085.3931
 20
319179.8873
 10
3138103.3599
 20
319180.1675
 10
3138103.5673
 20
319165.1985
 10
3138127.3643
 20
319165.5005
 10
3138127.1555
 20
319180.3235
 10
3138144.8735
 20
319180.5694
 10
3138145.0359
 20
319168.1927
 10
3138169.398
 20
319168.5263
 10
3138168.9092
 20
319202.9185
 10
3138085.0882
 20
319201.7565
  0
LWPOLYLINE
  5
1F4
330
17
100
AcDbEntity
  8
BUILDINGS
100
AcDbPolyline
 90
5
 70
1
 10
3137678.9531
 20
320365.1358
 10
3137702.0075
 20
320345.4754
 10
3137778.1663
 20
320434.2421
 10
3137755.067
 20
320453.9393
 10
3137678.9531
 20
320365.1358
  0
LWPOLYLINE
  5
1F5
330
17
100
AcDbEntity
  8
BUILDINGS
100
AcDbPolyline
 90
15
 70
1
 10
3138196.645
 20
319343.0007
 10
3138198.3021
 20
319302.6845
 10
3138283.2499
 20
319306.1369
 10
3138278.3184
 20
319426.5377
 10
3138243.3496
 20
319425.1288
 10
3138244.2784
 20
319402.232
 10
3138263.4244
 20
319403.013
 10
3138264.8569
 20
319367.992
 10
3138248.3106
 20
319367.3341
 10
3138249.2973
 20
319343.3051
 10
3138240.7078
 20
319342.9789
 10
3138241.358
 20
319326.9475
 10
3138229.6488
 20
319326.4662
 10
3138228.924
 20
319344.287
 10
3138196.645
 20
319343.0007
  0
LWPOLYLINE
  5
1F6
330
17
100
AcDbEntity
  8
BUILDINGS
100
AcDbPolyline
 90
5
 70
1
 10
3138159.8356
 20
320071.0906
 10
3138160.3154
 20
320040.8236
 10
3138277.4435
 20
320042.6427
 10
3138276.9635
 20
320072.9097
 10
3138159.8356
 20
320071.0906
  0
LWPOLYLINE
  5
1F7
330
17
100
AcDbEntity
  8
BUILDINGS
100
AcDbPolyline
 90
9
 70
1
 10
3138081.4958
 20
319163.2387
 10
3138083.2393
 20
319078.7869
 10
3138120.6663
 20
319079.5532
 10
3138119.9966
 20
319111.3551
 10
3138108.154
 20
319111.1306
 10
3138107.582
 20
319138.624
 10
3138121.1196
 20
319138.8701
 10
3138120.5949
 20
319164.0268
 10
3138081.4958
 20
319163.2387
  0
LWPOLYLINE
  5
1F8
330
17
100
AcDbEntity
  8
BUILDINGS
100
AcDbPolyline
 90
5
 70
1
 10
3138085.856
 20
320176.2548
 10
3138093.3483
 20
320146.9118
 10
3138206.849
 20
320175.7395
 10
3138199.3565
 20
320205.0824
 10
3138085.856
 20
320176.2548
  0
LWPOLYLINE
  5
1F9
330
17
100
AcDbEntity
  8
BUILDINGS
100
AcDbPolyline
 90
5
 70
1
 10
3138262.5729
 20
319916.1734
 10
3138291.6915
 20
319907.6311
 10
3138324.7156
 20
320019.7407
 10
3138295.5746
 20
320028.2831
 10
3138262.5729
 20
319916.1734
  0
LWPOLYLINE
  5
1FA
330
17
100
AcDbEntity
  8
BUILDINGS
100
AcDbPolyline
 90
9
 70
1
 10
3137422.4883
 20
318889.5595
 10
3137489.3077
 20
318840.8924
 10
3137517.7154
 20
318879.6658
 10
3137493.399
 20
318897.3663
 10
3137481.528
 20
318881.1533
 10
3137464.3289
 20
318893.6438
 10
3137476.6346
 20
318910.4736
 10
3137451.3079
 20
318928.9132
 10
3137422.4883
 20
318889.5595
  0
LWPOLYLINE
  5
1FB
330
17
100
AcDbEntity
  8
BUILDINGS
100
AcDbPolyline
 90
9
 70
1
 10
3137551.5171
 20
318876.7028
 10
3137574.6171
 20
318828.6773
 10
3137649.0272
 20
318864.3074
 10
3137622.7977
 20
318918.7853
 10
3137594.4771
 20
318905.236
 10
3137607.3475
 20
318878.4738
 10
3137580.9329
 20
318865.8203
 10
3137571.1693
 20
318886.1303
 10
3137551.5171
 20
318876.7028
  0
LWPOLYLINE
  5
1FC
330
17
100
AcDbEntity
  8
BUILDINGS
100
AcDbPolyline
 90
9
 70
1
 10
3137915.0621
 20
318933.5879
 10
3137949.6483
 20
318932.4805
 10
3137950.0174
 20
318943.6114
 10
3137978.5039
 20
318942.6672
 10
3137979.9948
 20
318988.8697
 10
3137956.2069
 20
318989.6264
 10
3137956.604
 20
319001.3776
 10
3137917.3194
 20
319002.6723
 10
3137915.0621
 20
318933.5879
  0
LWPOLYLINE
  5
1FD
330
17
100
AcDbEntity
  8
BUILDINGS
100
AcDbPolyline
 90
9
 70
1
 10
3136887.4833
 20
320098.6335
 10
3136890.1688
 20
320052.3576
 10
3136934.3883
 20
320054.9228
 10
3136931.469
 20
320105.4353
 10
3136924.4156
 20
320105.0232
 10
3136923.6899
 20
320117.4779
 10
3136897.1721
 20
320115.9606
 10
3136898.1311
 20
320099.2327
 10
3136887.4833
 20
320098.6335
  0
LWPOLYLINE
  5
1FE
330
17
100
AcDbEntity
  8
BUILDINGS
100
AcDbPolyline
 90
25
 70
1
 10
3136853.5272
 20
319025.8648
 10
3136852.6633
 20
318874.8505
 10
3136871.1243
 20
318874.7599
 10
3136870.0536
 20
318685.0885
 10
3136897.5534
 20
318684.9543
 10
3136897.237
 20
318626.2933
 10
3136947.6722
 20
318626.029
 10
3136948.0
 20
318683.4488
 10
3137002.005
 20
318683.1531
 10
3137002.3701
 20
318747.3625
 10
3137041.9361
 20
318747.1582
 10
3137042.453
 20
318838.7451
 10
3137059.3773
 20
318838.6319
 10
3137059.6081
 20
318880.0267
 10
3137042.6839
 20
318880.14
 10
3137042.8316
 20
318907.043
 10
3137061.8123
 20
318906.948
 10
3137062.067
 20
318953.5994
 10
3137043.0637
 20
318953.6945
 10
3137044.027
 20
319121.2448
 10
3137009.8173
 20
319121.4381
 10
3137009.8193
 20
319124.2125
 10
3136876.4147
 20
319124.9561
 10
3136875.8518
 20
319025.74
 10
3136853.5272
 20
319025.8648
  0
LWPOLYLINE
  5
1FF
330
17
100
AcDbEntity
  8
BUILDINGS
100
AcDbPolyline
 90
5
 70
1
 10
3137493.4027
 20
320447.0469
 10
3137607.9463
 20
320422.5637
 10
3137614.2852
 20
320452.15
 10
3137499.7647
 20
320476.6694
 10
3137493.4027
 20
320447.0469
  0
LWPOLYLINE
  5
200
330
17
100
AcDbEntity
  8
BUILDINGS
100
AcDbPolyline
 90
5
 70
1
 10
3137333.8508
 20
320515.041
 10
3137373.3694
 20
320405.067
 10
3137401.9516
 20
320415.255
 10
3137362.4557
 20
320525.2653
 10
3137333.8508
 20
320515.041
  0
LWPOLYLINE
  5
201
330
17
100
AcDbEntity
  8
BUILDINGS
100
AcDbPolyline
 90
11
 70
1
 10
3138195.1918
 20
319177.4991
 10
3138222.4932
 20
319172.8788
 10
3138224.9951
 20
319187.6049
 10
3138242.0754
 20
319184.7171
 10
3138239.5012
 20
319169.4805
 10
3138265.6522
 20
319165.0894
 10
3138267.5578
 20
319176.2433
 10
3138279.9225
 20
319174.1635
 10
3138283.9731
 20
319198.0023
 10
3138201.0537
 20
319212.018
 10
3138195.1918
 20
319177.4991
  0
LWPOLYLINE
  5
202
330
17
100
AcDbEntity
  8
BUILDINGS
100
AcDbPolyline
 90
9
 70
1
 10
3136814.1716
 20
320112.5347
 10
3136818.7961
 20
320040.323
 10
3136878.5494
 20
320044.1009
 10
3136873.944
 20
320115.9474
 10
3136855.6315
 20
320114.7955
 10
3136856.8428
 20
320095.9481
 10
3136838.53
 20
320094.7597
 10
3136837.2997
 20
320114.0089
 10
3136814.1716
 20
320112.5347
  0
LWPOLYLINE
  5
203
330
17
100
AcDbEntity
  8
BUILDINGS
100
AcDbPolyline
 90
13
 70
1
 10
3136912.6034
 20
320271.3724
 10
3136915.509
 20
320221.8821
 10
3136925.1393
 20
320222.4174
 10
3136925.9834
 20
320208.0269
 10
3136951.5292
 20
320209.5163
 10
3136950.6093
 20
320225.5503
 10
3136974.0074
 20
320226.9127
 10
3136974.948
 20
320210.6596
 10
3136995.8596
 20
320211.8981
 10
3136995.0961
 20
320225.1928
 10
3137009.9713
 20
320226.0467
 10
3137007.0093
 20
320276.8516
 10
3136912.6034
 20
320271.3724
  0
LWPOLYLINE
  5
204
330
17
100
AcDbEntity
  8
BUILDINGS
100
AcDbPolyline
 90
9
 70
1
 10
3138366.6153
 20
319644.4654
 10
3138367.3868
 20
319598.4621
 10
3138400.3367
 20
319599.0128
 10
3138400.5795
 20
319585.4673
 10
3138437.9362
 20
319586.0889
 10
3138436.7491
 20
319656.8828
 10
3138398.2851
 20
319656.2344
 10
3138398.4802
 20
319644.9891
 10
3138366.6153
 20
319644.4654
  0
LWPOLYLINE
  5
205
330
17
100
AcDbEntity
  8
BUILDINGS
100
AcDbPolyline
 90
5
 70
1
 10
3137070.5871
 20
320332.4702
 10
3137085.0157
 20
320305.8398
 10
3137188.0439
 20
320361.4384
 10
3137173.5704
 20
320388.1056
 10
3137070.5871
 20
320332.4702
  0
LWPOLYLINE
  5
206
330
17
100
AcDbEntity
  8
BUILDINGS
100
AcDbPolyline
 90
5
 70
1
 10
3138364.2555
 20
319756.7029
 10
3138394.4885
 20
319754.1014
 10
3138404.5477
 20
319870.5376
 10
3138374.292
 20
319873.1028
 10
3138364.2555
 20
319756.7029
  0
LWPOLYLINE
  5
207
330
17
100
AcDbEntity
  8
BUILDINGS
100
AcDbPolyline
 90
9
 70
1
 10
3138366.9583
 20
319552.1774
 10
3138369.2699
 20
319501.415
 10
3138403.0416
 20
319502.9076
 10
3138403.5909
 20
319490.8195
 10
3138443.7831
 20
319492.6575
 10
3138440.2992
 20
319569.5314
 10
3138400.6725
 20
319567.725
 10
3138401.2952
 20
319553.7015
 10
3138366.9583
 20
319552.1774
  0
LWPOLYLINE
  5
208
330
17
100
AcDbEntity
  8
BUILDINGS
100
AcDbPolyline
 90
5
 70
1
 10
3138028.3616
 20
320323.9488
 10
3138138.664
 20
320284.6126
 10
3138148.8787
 20
320313.1064
 10
3138038.622
 20
320352.4787
 10
3138028.3616
 20
320323.9488
  0
LWPOLYLINE
  5
209
330
17
100
AcDbEntity
  8
BUILDINGS
100
AcDbPolyline
 90
5
 70
1
 10
3137195.3347
 20
320406.6038
 10
3137223.9642
 20
320396.5673
 10
3137262.8077
 20
320506.798
 10
3137234.1558
 20
320516.8347
 10
3137195.3347
 20
320406.6038
  0
LWPOLYLINE
  5
20A
330
17
100
AcDbEntity
  8
BUILDINGS
100
AcDbPolyline
 90
17
 70
1
 10
3138082.8159
 20
319025.4566
 10
3138130.0506
 20
318969.6998
 10
3138154.6375
 20
318990.4378
 10
3138163.5386
 20
318979.9191
 10
3138229.103
 20
319035.1964
 10
3138208.9296
 20
319058.9923
 10
3138190.2848
 20
319043.2762
 10
3138197.9338
 20
319034.2653
 10
3138169.7956
 20
319010.5285
 10
3138159.9996
 20
319022.0772
 10
3138147.2511
 20
319011.3471
 10
3138140.7433
 20
319019.0704
 10
3138128.5868
 20
319008.8462
 10
3138122.1231
 20
319016.4595
 10
3138132.1626
 20
319024.9135
 10
3138111.3411
 20
319049.5184
 10
3138082.8159
 20
319025.4566
  0
LWPOLYLINE
  5
20B
330
17
100
AcDbEntity
  8
BUILDINGS
100
AcDbPolyline
 90
5
 70
1
 10
3137943.0097
 20
320464.0396
 10
3137995.5508
 20
320359.6108
 10
3138022.6711
 20
320373.1713
 10
3137970.175
 20
320477.5996
 10
3137943.0097
 20
320464.0396
  0
LWPOLYLINE
  5
20C
330
17
100
AcDbEntity
  8
BUILDINGS
100
AcDbPolyline
 90
9
 70
1
 10
3136674.639
 20
319740.1054
 10
3136693.2035
 20
319736.5092
 10
3136690.4575
 20
319722.4426
 10
3136740.94
 20
319712.6128
 10
3136751.2134
 20
319765.2352
 10
3136700.3476
 20
319775.1413
 10
3136698.5488
 20
319765.9579
 10
3136680.3678
 20
319769.4777
 10
3136674.639
 20
319740.1054
  0
LWPOLYLINE
  5
20D
330
17
100
AcDbEntity
  8
BUILDINGS
100
AcDbPolyline
 90
13
 70
1
 10
3136686.1999
 20
319807.9389
 10
3136752.585
 20
319795.0478
 10
3136772.9201
 20
319899.3817
 10
3136709.0165
 20
319911.7762
 10
3136706.27
 20
319897.6366
 10
3136728.917
 20
319893.2376
 10
3136724.5619
 20
319870.9716
 10
3136701.1027
 20
319875.5238
 10
3136694.6879
 20
319842.6896
 10
3136713.568
 20
319839.0176
 10
3136711.0119
 20
319825.9714
 10
3136690.4851
 20
319829.9501
 10
3136686.1999
 20
319807.9389
  0
LWPOLYLINE
  5
20E
330
17
100
AcDbEntity
  8
BUILDINGS
100
AcDbPolyline
 90
9
 70
1
 10
3138375.2003
 20
319461.3533
 10
3138377.112
 20
319413.9529
 10
3138405.9097
 20
319415.0875
 10
3138406.5241
 20
319400.115
 10
3138444.2733
 20
319401.6459
 10
3138441.3007
 20
319474.9743
 10
3138401.8115
 20
319473.4222
 10
3138402.2574
 20
319462.4302
 10
3138375.2003
 20
319461.3533
  0
LWPOLYLINE
  5
20F
330
17
100
AcDbEntity
  8
BUILDINGS
100
AcDbPolyline
 90
9
 70
1
 10
3138217.9546
 20
319080.5971
 10
3138261.5025
 20
319073.3154
 10
3138276.0933
 20
319160.1061
 10
3138240.0595
 20
319166.1537
 10
3138236.2451
 20
319143.481
 10
3138248.0459
 20
319141.5156
 10
3138243.1337
 20
319112.2086
 10
3138223.8193
 20
319115.4446
 10
3138217.9546
 20
319080.5971
  0
LWPOLYLINE
  5
210
330
17
100
AcDbEntity
  8
BUILDINGS
100
AcDbPolyline
 90
5
 70
1
 10
3136921.0228
 20
320318.864
 10
3137036.7062
 20
320300.6091
 10
3137041.4673
 20
320330.5012
 10
3136925.7618
 20
320348.7928
 10
3136921.0228
 20
320318.864
  0
LWPOLYLINE
  5
211
330
17
100
AcDbEntity
  8
BUILDINGS
100
AcDbPolyline
 90
13
 70
1
 10
3136722.4267
 20
319935.9332
 10
3136740.206
 20
319933.0011
 10
3136738.9412
 20
319925.4192
 10
3136773.9809
 20
319919.6327
 10
3136788.6372
 20
320007.8817
 10
3136753.0338
 20
320013.7828
 10
3136751.1476
 20
320002.3734
 10
3136735.7148
 20
320004.9196
 10
3136732.1105
 20
319983.231
 10
3136748.2201
 20
319980.5693
 10
3136743.422
 20
319951.6632
 10
3136725.53
 20
319954.6328
 10
3136722.4267
 20
319935.9332
  0
LWPOLYLINE
  5
212
330
17
100
AcDbEntity
  8
BUILDINGS
100
AcDbPolyline
 90
13
 70
1
 10
3137905.8941
 20
318885.5182
 10
3137950.3605
 20
318828.4711
 10
3137977.8454
 20
318849.8039
 10
3137986.7163
 20
318838.4093
 10
3138055.9966
 20
318892.1199
 10
3138032.4226
 20
318922.3709
 10
3138010.8763
 20
318905.6584
 10
3138021.736
 20
318891.7275
 10
3137995.8667
 20
318871.658
 10
3137982.0575
 20
318889.375
 10
3137960.9207
 20
318872.9875
 10
3137934.1069
 20
318907.3922
 10
3137905.8941
 20
318885.5182
  0
LWPOLYLINE
  5
213
330
17
100
AcDbEntity
  8
BUILDINGS
100
AcDbPolyline
 90
5
 70
1
 10
3138221.6484
 20
320180.8298
 10
3138335.0456
 20
320151.5432
 10
3138342.6462
 20
320180.8631
 10
3138229.2493
 20
320210.1497
 10
3138221.6484
 20
320180.8298
  0
LWPOLYLINE
  5
214
330
17
100
AcDbEntity
  8
BUILDINGS
100
AcDbPolyline
 90
5
 70
1
 10
3137643.4602
 20
320611.6393
 10
3137651.5384
 20
320495.0802
 10
3137681.8115
 20
320497.1862
 10
3137673.733
 20
320613.7453
 10
3137643.4602
 20
320611.6393
  0
LWPOLYLINE
  5
215
330
17
100
AcDbEntity
  8
BUILDINGS
100
AcDbPolyline
 90
5
 70
1
 10
3138381.8409
 20
319904.2485
 10
3138410.9596
 20
319895.7065
 10
3138443.9829
 20
320007.8163
 10
3138414.8415
 20
320016.3219
 10
3138381.8409
 20
319904.2485
  0
LWPOLYLINE
  5
216
330
17
100
AcDbEntity
  8
BUILDINGS
100
AcDbPolyline
 90
13
 70
1
 10
3138376.6053
 20
319374.2032
 10
3138387.3799
 20
319244.917
 10
3138421.2315
 20
319247.7231
 10
3138418.9819
 20
319274.6472
 10
3138406.3867
 20
319273.6259
 10
3138403.8916
 20
319303.4725
 10
3138418.9293
 20
319304.7279
 10
3138416.4762
 20
319334.209
 10
3138404.5592
 20
319333.2183
 10
3138403.5786
 20
319345.0911
 10
3138419.204
 20
319346.3778
 10
3138416.6072
 20
319377.503
 10
3138376.6053
 20
319374.2032
  0
LWPOLYLINE
  5
217
330
17
100
AcDbEntity
  8
BUILDINGS
100
AcDbPolyline
 90
5
 70
1
 10
3137762.1993
 20
320606.979
 10
3137770.301
 20
320490.4197
 10
3137800.5737
 20
320492.4895
 10
3137792.4944
 20
320609.0485
 10
3137762.1993
 20
320606.979
  0
LWPOLYLINE
  5
218
330
17
100
AcDbEntity
  8
BUILDINGS
100
AcDbPolyline
 90
17
 70
1
 10
3136801.933
 20
320245.9601
 10
3136805.472
 20
320201.6844
 10
3136818.6769
 20
320202.7355
 10
3136817.4992
 20
320217.7131
 10
3136835.8367
 20
320219.1567
 10
3136836.9757
 20
320204.9096
 10
3136864.2674
 20
320207.0771
 10
3136863.0464
 20
320222.274
 10
3136885.9291
 20
320224.1155
 10
3136887.1908
 20
320208.4071
 10
3136902.0011
 20
320209.5901
 10
3136898.4202
 20
320254.2676
 10
3136878.3641
 20
320252.6566
 10
3136877.0007
 20
320269.6436
 10
3136820.3826
 20
320265.1442
 10
3136821.7855
 20
320247.5363
 10
3136801.933
 20
320245.9601
  0
LWPOLYLINE
  5
219
330
17
100
AcDbEntity
  8
BUILDINGS
100
AcDbPolyline
 90
5
 70
1
 10
3137454.9101
 20
320535.1085
 10
3137483.4701
 20
320524.8905
 10
3137523.0322
 20
320634.86
 10
3137494.4498
 20
320645.0781
 10
3137454.9101
 20
320535.1085
  0
LWPOLYLINE
  5
21A
330
17
100
AcDbEntity
  8
BUILDINGS
100
AcDbPolyline
 90
5
 70
1
 10
3138177.7504
 20
320312.5608
 10
3138182.8886
 20
320282.7275
 10
3138298.3425
 20
320302.5219
 10
3138293.1815
 20
320332.3554
 10
3138177.7504
 20
320312.5608
  0
LWPOLYLINE
  5
21B
330
17
100
AcDbEntity
  8
BUILDINGS
100
AcDbPolyline
 90
19
 70
1
 10
3136495.8902
 20
319509.5197
 10
3136531.2648
 20
319503.1821
 10
3136528.1034
 20
319485.6147
 10
3136517.5903
 20
319487.4968
 10
3136504.3756
 20
319414.2023
 10
3136545.4807
 20
319406.8282
 10
3136537.1382
 20
319360.5407
 10
3136536.8451
 20
319360.6163
 10
3136532.2574
 20
319335.1034
 10
3136591.4563
 20
319324.5022
 10
3136594.2606
 20
319340.0285
 10
3136682.9687
 20
319324.128
 10
3136705.4758
 20
319449.0315
 10
3136684.3594
 20
319452.8329
 10
3136694.936
 20
319511.5854
 10
3136553.0995
 20
319537.011
 10
3136556.2369
 20
319554.4326
 10
3136505.6342
 20
319563.4973
 10
3136495.8902
 20
319509.5197
  0
LWPOLYLINE
  5
21C
330
17
100
AcDbEntity
  8
BUILDINGS
100
AcDbPolyline
 90
5
 70
1
 10
3137056.0922
 20
320438.3905
 10
3137083.0151
 20
320424.4628
 10
3137137.0303
 20
320528.1341
 10
3137110.0853
 20
320542.0984
 10
3137056.0922
 20
320438.3905
  0
LWPOLYLINE
  5
21D
330
17
100
AcDbEntity
  8
BUILDINGS
100
AcDbPolyline
 90
9
 70
1
 10
3137809.8923
 20
318725.3024
 10
3137810.7063
 20
318694.5579
 10
3137852.0464
 20
318695.6542
 10
3137849.6873
 20
318784.492
 10
3137814.4049
 20
318783.5614
 10
3137815.1197
 20
318756.9428
 10
3137832.5914
 20
318757.4096
 10
3137833.4439
 20
318725.8982
 10
3137809.8923
 20
318725.3024
  0
LWPOLYLINE
  5
21E
330
17
100
AcDbEntity
  8
BUILDINGS
100
AcDbPolyline
 90
5
 70
1
 10
3137333.3608
 20
320566.9922
 10
3137361.9432
 20
320556.7738
 10
3137401.5061
 20
320666.743
 10
3137372.9012
 20
320676.9615
 10
3137333.3608
 20
320566.9922
  0
LWPOLYLINE
  5
21F
330
17
100
AcDbEntity
  8
BUILDINGS
100
AcDbPolyline
 90
5
 70
1
 10
3138360.1633
 20
320135.1511
 10
3138421.6088
 20
320035.6468
 10
3138447.4393
 20
320051.5557
 10
3138385.9934
 20
320151.0233
 10
3138360.1633
 20
320135.1511
  0
LWPOLYLINE
  5
220
330
17
100
AcDbEntity
  8
BUILDINGS
100
AcDbPolyline
 90
5
 70
1
 10
3137948.8952
 20
320506.3703
 10
3137979.0274
 20
320502.7468
 10
3137993.0843
 20
320618.7095
 10
3137962.9301
 20
320622.3697
 10
3137948.8952
 20
320506.3703
  0
LWPOLYLINE
  5
221
330
17
100
AcDbEntity
  8
BUILDINGS
100
AcDbPolyline
 90
13
 70
1
 10
3138365.0394
 20
319111.7961
 10
3138406.8785
 20
319100.3317
 10
3138415.7478
 20
319132.561
 10
3138400.4865
 20
319136.7468
 10
3138405.1311
 20
319153.608
 10
3138418.1383
 20
319150.0625
 10
3138424.6499
 20
319173.6972
 10
3138408.6221
 20
319178.0723
 10
3138413.6632
 20
319196.3537
 10
3138427.7072
 20
319192.5071
 10
3138434.3589
 20
319216.6517
 10
3138396.7584
 20
319226.9837
 10
3138365.0394
 20
319111.7961
  0
LWPOLYLINE
  5
222
330
17
100
AcDbEntity
  8
BUILDINGS
100
AcDbPolyline
 90
5
 70
1
 10
3137225.6487
 20
320658.6594
 10
3137231.3503
 20
320541.975
 10
3137261.6853
 20
320543.4226
 10
3137255.9838
 20
320660.1435
 10
3137225.6487
 20
320658.6594
  0
LWPOLYLINE
  5
223
330
17
100
AcDbEntity
  8
BUILDINGS
100
AcDbPolyline
 90
9
 70
1
 10
3136711.0688
 20
320250.0515
 10
3136730.4518
 20
320196.1439
 10
3136742.5333
 20
320200.4538
 10
3136746.3258
 20
320189.8702
 10
3136764.7542
 20
320196.4602
 10
3136760.4324
 20
320208.5087
 10
3136772.7408
 20
320212.9262
 10
3136753.887
 20
320265.3688
 10
3136711.0688
 20
320250.0515
  0
LWPOLYLINE
  5
224
330
17
100
AcDbEntity
  8
BUILDINGS
100
AcDbPolyline
 90
5
 70
1
 10
3136808.36
 20
320440.7677
 10
3136882.2782
 20
320350.1272
 10
3136905.8333
 20
320369.2297
 10
3136831.9377
 20
320459.8699
 10
3136808.36
 20
320440.7677
  0
LWPOLYLINE
  5
225
330
17
100
AcDbEntity
  8
BUILDINGS
100
AcDbPolyline
 90
13
 70
1
 10
3136548.1085
 20
319842.6037
 10
3136603.3384
 20
319830.5411
 10
3136607.1058
 20
319847.665
 10
3136589.8987
 20
319851.4318
 10
3136594.6316
 20
319872.9644
 10
3136614.0939
 20
319868.703
 10
3136621.0168
 20
319900.2185
 10
3136606.2902
 20
319903.4157
 10
3136609.327
 20
319917.1512
 10
3136623.3545
 20
319914.1062
 10
3136626.1094
 20
319926.6395
 10
3136569.3012
 20
319939.0446
 10
3136548.1085
 20
319842.6037
  0
LWPOLYLINE
  5
226
330
17
100
AcDbEntity
  8
BUILDINGS
100
AcDbPolyline
 90
5
 70
1
 10
3138078.4556
 20
320493.732
 10
3138108.5879
 20
320490.1087
 10
3138122.6439
 20
320606.0716
 10
3138092.4896
 20
320609.7315
 10
3138078.4556
 20
320493.732
  0
LWPOLYLINE
  5
227
330
17
100
AcDbEntity
  8
BUILDINGS
100
AcDbPolyline
 90
13
 70
1
 10
3136509.8002
 20
319714.4822
 10
3136556.1269
 20
319704.8714
 10
3136559.2655
 20
319719.8837
 10
3136578.0756
 20
319715.9566
 10
3136582.2053
 20
319735.7057
 10
3136564.1621
 20
319739.48
 10
3136569.8016
 20
319766.4072
 10
3136591.0254
 20
319762.0206
 10
3136596.8076
 20
319789.7497
 10
3136580.2301
 20
319793.1824
 10
3136583.2505
 20
319807.6116
 10
3136531.5113
 20
319818.3656
 10
3136509.8002
 20
319714.4822
  0
LWPOLYLINE
  5
228
330
17
100
AcDbEntity
  8
BUILDINGS
100
AcDbPolyline
 90
9
 70
1
 10
3136569.4984
 20
319963.7934
 10
3136632.4047
 20
319953.634
 10
3136634.9386
 20
319969.2722
 10
3136617.5651
 20
319972.0913
 10
3136624.1871
 20
320012.9913
 10
3136640.1392
 20
320010.4039
 10
3136644.5617
 20
320037.707
 10
3136583.0769
 20
320047.5982
 10
3136569.4984
 20
319963.7934
  0
LWPOLYLINE
  5
229
330
17
100
AcDbEntity
  8
BUILDINGS
100
AcDbPolyline
 90
5
 70
1
 10
3138351.5339
 20
319019.8851
 10
3138389.1112
 20
319011.999
 10
3138402.6921
 20
319076.4575
 10
3138365.1376
 20
319084.3434
 10
3138351.5339
 20
319019.8851
  0
LWPOLYLINE
  5
22A
330
17
100
AcDbEntity
  8
BUILDINGS
100
AcDbPolyline
 90
9
 70
1
 10
3136643.7495
 20
320193.1167
 10
3136681.1138
 20
320148.9059
 10
3136692.3599
 20
320158.3705
 10
3136700.1863
 20
320149.1382
 10
3136717.283
 20
320163.5156
 10
3136705.141
 20
320177.8603
 10
3136717.1837
 20
320187.9749
 10
3136684.1348
 20
320227.0732
 10
3136643.7495
 20
320193.1167
  0
LWPOLYLINE
  5
22B
330
17
100
AcDbEntity
  8
BUILDINGS
100
AcDbPolyline
 90
9
 70
1
 10
3137871.7774
 20
318706.3225
 10
3137871.649
 20
318666.0585
 10
3137896.2118
 20
318665.9884
 10
3137896.2619
 20
318684.5325
 10
3137933.4333
 20
318684.3881
 10
3137933.3395
 20
318660.8796
 10
3137958.399
 20
318660.7687
 10
3137958.5259
 20
318706.0339
 10
3137871.7774
 20
318706.3225
  0
LWPOLYLINE
  5
22C
330
17
100
AcDbEntity
  8
BUILDINGS
100
AcDbPolyline
 90
9
 70
1
 10
3136599.2544
 20
320121.3045
 10
3136658.6386
 20
320086.0609
 10
3136668.1572
 20
320102.0022
 10
3136653.5923
 20
320110.6737
 10
3136664.258
 20
320128.5761
 10
3136677.2946
 20
320120.8308
 10
3136682.2261
 20
320129.1102
 10
3136624.3703
 20
320163.4275
 10
3136599.2544
 20
320121.3045
  0
LWPOLYLINE
  5
22D
330
17
100
AcDbEntity
  8
BUILDINGS
100
AcDbPolyline
 90
21
 70
1
 10
3138161.2761
 20
318848.3744
 10
3138184.0303
 20
318817.3643
 10
3138205.5351
 20
318834.5154
 10
3138195.2917
 20
318849.1709
 10
3138207.8197
 20
318857.9316
 10
3138218.6885
 20
318845.0229
 10
3138239.3512
 20
318861.4879
 10
3138228.4181
 20
318874.7987
 10
3138254.5598
 20
318895.0486
 10
3138265.4529
 20
318882.3223
 10
3138286.4799
 20
318899.1126
 10
3138276.6562
 20
318912.6692
 10
3138288.9339
 20
318921.2497
 10
3138298.7456
 20
318908.8979
 10
3138320.7056
 20
318926.4468
 10
3138310.9477
 20
318939.7837
 10
3138323.4148
 20
318949.3482
 10
3138333.8814
 20
318936.9542
 10
3138352.4969
 20
318951.904
 10
3138328.5013
 20
318980.5155
 10
3138161.2761
 20
318848.3744
  0
LWPOLYLINE
  5
22E
330
17
100
AcDbEntity
  8
BUILDINGS
100
AcDbPolyline
 90
5
 70
1
 10
3136930.4463
 20
320576.6165
 10
3136932.3712
 20
320459.7829
 10
3136962.7206
 20
320460.2807
 10
3136960.8181
 20
320577.1141
 10
3136930.4463
 20
320576.6165
  0
LWPOLYLINE
  5
22F
330
17
100
AcDbEntity
  8
BUILDINGS
100
AcDbPolyline
 90
21
 70
1
 10
3137985.7085
 20
318703.2395
 10
3138008.4622
 20
318672.1926
 10
3138029.9674
 20
318689.3435
 10
3138019.7241
 20
318703.9991
 10
3138032.2522
 20
318712.7597
 10
3138043.1211
 20
318699.8509
 10
3138063.7844
 20
318716.3521
 10
3138052.8513
 20
318729.6631
 10
3138078.9935
 20
318749.9128
 10
3138089.8866
 20
318737.1863
 10
3138110.891
 20
318753.9401
 10
3138101.0674
 20
318767.4968
 10
3138113.3452
 20
318776.0772
 10
3138123.1569
 20
318763.7252
 10
3138145.1399
 20
318781.2736
 10
3138135.3595
 20
318794.6109
 10
3138147.8497
 20
318804.2116
 10
3138158.316
 20
318791.7809
 10
3138176.9318
 20
318806.7306
 10
3138152.9366
 20
318835.3788
 10
3137985.7085
 20
318703.2395
  0
LWPOLYLINE
  5
230
330
17
100
AcDbEntity
  8
BUILDINGS
100
AcDbPolyline
 90
5
 70
1
 10
3137106.5301
 20
320689.3187
 10
3137112.2308
 20
320572.6342
 10
3137142.5435
 20
320574.1183
 10
3137136.8651
 20
320690.8025
 10
3137106.5301
 20
320689.3187
  0
LWPOLYLINE
  5
231
330
17
100
AcDbEntity
  8
BUILDINGS
100
AcDbPolyline
 90
5
 70
1
 10
3138315.1993
 20
320346.3992
 10
3138341.2275
 20
320330.8022
 10
3138401.4632
 20
320430.9916
 10
3138375.4125
 20
320446.5887
 10
3138315.1993
 20
320346.3992
  0
LWPOLYLINE
  5
232
330
17
100
AcDbEntity
  8
BUILDINGS
100
AcDbPolyline
 90
5
 70
1
 10
3137521.7378
 20
320690.4687
 10
3137550.3202
 20
320680.2507
 10
3137589.8815
 20
320790.2203
 10
3137561.2993
 20
320800.4383
 10
3137521.7378
 20
320690.4687
  0
LWPOLYLINE
  5
233
330
17
100
AcDbEntity
  8
BUILDINGS
100
AcDbPolyline
 90
5
 70
1
 10
3137762.9518
 20
320669.3232
 10
3137792.2791
 20
320661.5813
 10
3137822.2397
 20
320774.52
 10
3137792.89
 20
320782.262
 10
3137762.9518
 20
320669.3232
  0
LWPOLYLINE
  5
234
330
17
100
AcDbEntity
  8
BUILDINGS
100
AcDbPolyline
 90
5
 70
1
 10
3137640.1311
 20
320692.7831
 10
3137669.4584
 20
320685.041
 10
3137699.4198
 20
320797.9794
 10
3137670.0701
 20
320805.7217
 10
3137640.1311
 20
320692.7831
  0
LWPOLYLINE
  5
235
330
17
100
AcDbEntity
  8
BUILDINGS
100
AcDbPolyline
 90
5
 70
1
 10
3137392.68
 20
320695.8425
 10
3137421.262
 20
320685.5877
 10
3137460.8241
 20
320795.557
 10
3137432.2424
 20
320805.8118
 10
3137392.68
 20
320695.8425
  0
LWPOLYLINE
  5
236
330
17
100
AcDbEntity
  8
BUILDINGS
100
AcDbPolyline
 90
5
 70
1
 10
3137961.6446
 20
320648.3361
 10
3137991.7765
 20
320644.7126
 10
3138005.8333
 20
320760.6754
 10
3137975.6793
 20
320764.3355
 10
3137961.6446
 20
320648.3361
  0
LWPOLYLINE
  5
237
330
17
100
AcDbEntity
  8
BUILDINGS
100
AcDbPolyline
 90
5
 70
1
 10
3138222.6316
 20
320586.2107
 10
3138256.6493
 20
320474.3889
 10
3138285.6931
 20
320483.1873
 10
3138251.7201
 20
320594.9722
 10
3138222.6316
 20
320586.2107
  0
LWPOLYLINE
  5
238
330
17
100
AcDbEntity
  8
BUILDINGS
100
AcDbPolyline
 90
5
 70
1
 10
3137227.4787
 20
320702.0844
 10
3137257.063
 20
320695.3249
 10
3137283.2171
 20
320809.2089
 10
3137253.6105
 20
320815.9685
 10
3137227.4787
 20
320702.0844
  0
LWPOLYLINE
  5
239
330
17
100
AcDbEntity
  8
BUILDINGS
100
AcDbPolyline
 90
5
 70
1
 10
3136802.4309
 20
320490.6863
 10
3136832.7666
 20
320489.6507
 10
3136836.7392
 20
320606.432
 10
3136806.3811
 20
320607.4678
 10
3136802.4309
 20
320490.6863
  0
LWPOLYLINE
  5
23A
330
17
100
AcDbEntity
  8
BUILDINGS
100
AcDbPolyline
 90
5
 70
1
 10
3138091.8789
 20
320640.5107
 10
3138122.0109
 20
320636.8875
 10
3138136.0667
 20
320752.8503
 10
3138105.9127
 20
320756.5102
 10
3138091.8789
 20
320640.5107
  0
LWPOLYLINE
  5
23B
330
17
100
AcDbEntity
  8
BUILDINGS
100
AcDbPolyline
 90
5
 70
1
 10
3136946.1749
 20
320617.728
 10
3136973.0971
 20
320603.7636
 10
3137027.1124
 20
320707.4345
 10
3137000.1678
 20
320721.399
 10
3136946.1749
 20
320617.728
  0
LWPOLYLINE
  5
23C
330
17
100
AcDbEntity
  8
BUILDINGS
100
AcDbPolyline
 90
19
 70
1
 10
3136368.7466
 20
318979.0614
 10
3136482.5226
 20
318976.5533
 10
3136483.3545
 20
319014.2192
 10
3136579.5532
 20
319012.087
 10
3136582.0324
 20
319123.3328
 10
3136576.8814
 20
319123.4516
 10
3136577.2496
 20
319139.4741
 10
3136554.5217
 20
319139.968
 10
3136554.1767
 20
319124.0183
 10
3136477.4532
 20
319125.722
 10
3136477.7145
 20
319137.3283
 10
3136457.8559
 20
319137.7604
 10
3136457.5948
 20
319126.1905
 10
3136456.5103
 20
319126.2002
 10
3136455.8298
 20
319095.3958
 10
3136381.3654
 20
319097.0435
 10
3136379.865
 20
319029.9603
 10
3136369.8793
 20
319030.1951
 10
3136368.7466
 20
318979.0614
  0
LWPOLYLINE
  5
23D
330
17
100
AcDbEntity
  8
BUILDINGS
100
AcDbPolyline
 90
5
 70
1
 10
3138341.4027
 20
320585.1684
 10
3138375.4212
 20
320473.3469
 10
3138404.4649
 20
320482.1454
 10
3138370.4911
 20
320593.93
 10
3138341.4027
 20
320585.1684
  0
LWPOLYLINE
  5
23E
330
17
100
AcDbEntity
  8
BUILDINGS
100
AcDbPolyline
 90
5
 70
1
 10
3137114.9991
 20
320729.7279
 10
3137144.5833
 20
320722.9683
 10
3137170.7382
 20
320836.8521
 10
3137141.1316
 20
320843.6119
 10
3137114.9991
 20
320729.7279
  0
LWPOLYLINE
  5
23F
330
17
100
AcDbEntity
  8
BUILDINGS
100
AcDbPolyline
 90
5
 70
1
 10
3138207.0118
 20
320744.9627
 10
3138208.1547
 20
320628.0997
 10
3138238.5021
 20
320628.4174
 10
3138237.3809
 20
320745.2071
 10
3138207.0118
 20
320744.9627
  0
LWPOLYLINE
  5
240
330
17
100
AcDbEntity
  8
BUILDINGS
100
AcDbPolyline
 90
5
 70
1
 10
3136822.1133
 20
320638.7592
 10
3136849.0579
 20
320624.7944
 10
3136903.074
 20
320728.465
 10
3136876.1069
 20
320742.4299
 10
3136822.1133
 20
320638.7592
  0
LWPOLYLINE
  5
241
330
17
100
AcDbEntity
  8
BUILDINGS
100
AcDbPolyline
 90
5
 70
1
 10
3137003.6416
 20
320748.8201
 10
3137033.2257
 20
320742.0603
 10
3137059.3814
 20
320855.9439
 10
3137029.7749
 20
320862.7039
 10
3137003.6416
 20
320748.8201
  0
LWPOLYLINE
  5
242
330
17
100
AcDbEntity
  8
BUILDINGS
100
AcDbPolyline
 90
5
 70
1
 10
3138330.5383
 20
320732.3794
 10
3138331.6824
 20
320615.553
 10
3138362.0298
 20
320615.8708
 10
3138360.9077
 20
320732.6606
 10
3138330.5383
 20
320732.3794
  0
LWPOLYLINE
  5
243
330
17
100
AcDbEntity
  8
BUILDINGS
100
AcDbPolyline
 90
5
 70
1
 10
3137808.8636
 20
320887.4021
 10
3137838.4478
 20
320880.6438
 10
3137864.5973
 20
320994.4921
 10
3137835.0133
 20
321001.2505
 10
3137808.8636
 20
320887.4021
  0
LWPOLYLINE
  5
244
330
17
100
AcDbEntity
  8
BUILDINGS
100
AcDbPolyline
 90
5
 70
1
 10
3137692.7036
 20
320910.1459
 10
3137722.3102
 20
320903.3871
 10
3137748.4605
 20
321017.2353
 10
3137718.8544
 20
321024.0306
 10
3137692.7036
 20
320910.1459
  0
LWPOLYLINE
  5
245
330
17
100
AcDbEntity
  8
BUILDINGS
100
AcDbPolyline
 90
5
 70
1
 10
3137979.7241
 20
320844.0272
 10
3138009.8557
 20
320840.4037
 10
3138023.9122
 20
320956.3665
 10
3137993.7582
 20
320959.9901
 10
3137979.7241
 20
320844.0272
  0
LWPOLYLINE
  5
246
330
17
100
AcDbEntity
  8
BUILDINGS
100
AcDbPolyline
 90
5
 70
1
 10
3137585.6704
 20
320935.2924
 10
3137615.2545
 20
320928.5336
 10
3137641.4058
 20
321042.4181
 10
3137611.7994
 20
321049.1771
 10
3137585.6704
 20
320935.2924
  0
LWPOLYLINE
  5
247
330
17
100
AcDbEntity
  8
BUILDINGS
100
AcDbPolyline
 90
5
 70
1
 10
3136889.8981
 20
320773.9941
 10
3136919.4821
 20
320767.2341
 10
3136945.6386
 20
320881.1175
 10
3136916.0322
 20
320887.8777
 10
3136889.8981
 20
320773.9941
  0
LWPOLYLINE
  5
248
330
17
100
AcDbEntity
  8
BUILDINGS
100
AcDbPolyline
 90
5
 70
1
 10
3138106.288
 20
320832.6566
 10
3138136.4419
 20
320828.9967
 10
3138150.4749
 20
320944.9598
 10
3138120.3438
 20
320948.6195
 10
3138106.288
 20
320832.6566
  0
LWPOLYLINE
  5
249
330
17
100
AcDbEntity
  8
BUILDINGS
100
AcDbPolyline
 90
5
 70
1
 10
3137464.7339
 20
320967.1697
 10
3137494.3404
 20
320960.4105
 10
3137520.4696
 20
321074.2585
 10
3137490.8859
 20
321081.0175
 10
3137464.7339
 20
320967.1697
  0
LWPOLYLINE
  5
24A
330
17
100
AcDbEntity
  8
BUILDINGS
100
AcDbPolyline
 90
9
 70
1
 10
3136940.6099
 20
318341.4971
 10
3136941.281
 20
318297.3564
 10
3136987.6128
 20
318298.0413
 10
3136987.6289
 20
318297.311
 10
3137097.3112
 20
318298.9686
 10
3137095.6221
 20
318409.4483
 10
3136986.3929
 20
318407.8232
 10
3136987.3938
 20
318342.2145
 10
3136940.6099
 20
318341.4971
  0
LWPOLYLINE
  5
24B
330
17
100
AcDbEntity
  8
BUILDINGS
100
AcDbPolyline
 90
5
 70
1
 10
3138213.5628
 20
320832.2985
 10
3138243.6944
 20
320828.6755
 10
3138257.7266
 20
320944.6386
 10
3138227.5952
 20
320948.2616
 10
3138213.5628
 20
320832.2985
  0
LWPOLYLINE
  5
24C
330
17
100
AcDbEntity
  8
BUILDINGS
100
AcDbPolyline
 90
5
 70
1
 10
3138331.245
 20
320818.0873
 10
3138360.8521
 20
320811.3296
 10
3138386.9984
 20
320925.2154
 10
3138357.3915
 20
320931.9729
 10
3138331.245
 20
320818.0873
  0
LWPOLYLINE
  5
24D
330
17
100
AcDbEntity
  8
BUILDINGS
100
AcDbPolyline
 90
5
 70
1
 10
3137987.6712
 20
320987.2034
 10
3138017.8025
 20
320983.58
 10
3138031.8362
 20
321099.543
 10
3138001.7051
 20
321103.1664
 10
3137987.6712
 20
320987.2034
  0
LWPOLYLINE
  5
24E
330
17
100
AcDbEntity
  8
BUILDINGS
100
AcDbPolyline
 90
5
 70
1
 10
3137846.5237
 20
321038.3114
 10
3137873.239
 20
321023.9487
 10
3137928.821
 20
321126.7327
 10
3137902.1061
 20
321141.1317
 10
3137846.5237
 20
321038.3114
  0
LWPOLYLINE
  5
24F
330
17
100
AcDbEntity
  8
BUILDINGS
100
AcDbPolyline
 90
5
 70
1
 10
3137727.407
 20
321069.0026
 10
3137754.1219
 20
321054.6032
 10
3137809.7274
 20
321157.423
 10
3137782.9898
 20
321171.786
 10
3137727.407
 20
321069.0026
  0
LWPOLYLINE
  5
250
330
17
100
AcDbEntity
  8
BUILDINGS
100
AcDbPolyline
 90
5
 70
1
 10
3137613.4685
 20
321197.4827
 10
3137618.698
 20
321080.7662
 10
3137649.0086
 20
321082.1417
 10
3137643.7787
 20
321198.8217
 10
3137613.4685
 20
321197.4827
  0
LWPOLYLINE
  5
251
330
17
100
AcDbEntity
  8
BUILDINGS
100
AcDbPolyline
 90
5
 70
1
 10
3138118.469
 20
320976.9639
 10
3138148.6003
 20
320973.3407
 10
3138162.6557
 20
321089.3036
 10
3138132.5023
 20
321092.9635
 10
3138118.469
 20
320976.9639
  0
LWPOLYLINE
  5
252
330
17
100
AcDbEntity
  8
BUILDINGS
100
AcDbPolyline
 90
5
 70
1
 10
3137489.7545
 20
321224.2007
 10
3137494.9833
 20
321107.5206
 10
3137525.3162
 20
321108.8592
 10
3137520.0875
 20
321225.5757
 10
3137489.7545
 20
321224.2007
  0
LWPOLYLINE
  5
253
330
17
100
AcDbEntity
  8
BUILDINGS
100
AcDbPolyline
 90
9
 70
1
 10
3136336.5624
 20
318673.5071
 10
3136441.3516
 20
318648.6645
 10
3136453.2763
 20
318698.7531
 10
3136409.9356
 20
318709.0313
 10
3136411.2499
 20
318714.5319
 10
3136363.1513
 20
318725.9476
 10
3136361.7663
 20
318720.1191
 10
3136348.417
 20
318723.3043
 10
3136336.5624
 20
318673.5071
  0
LWPOLYLINE
  5
254
330
17
100
AcDbEntity
  8
BUILDINGS
100
AcDbPolyline
 90
5
 70
1
 10
3135958.7871
 20
320149.0167
 10
3136147.9224
 20
320109.8036
 10
3136224.7794
 20
320478.9532
 10
3136035.6479
 20
320518.1288
 10
3135958.7871
 20
320149.0167
  0
LWPOLYLINE
  5
255
330
17
100
AcDbEntity
  8
BUILDINGS
100
AcDbPolyline
 90
5
 70
1
 10
3138250.3025
 20
320989.4591
 10
3138277.0405
 20
320975.0604
 10
3138332.6204
 20
321077.8822
 10
3138305.9048
 20
321092.2441
 10
3138250.3025
 20
320989.4591
  0
LWPOLYLINE
  5
256
330
17
100
AcDbEntity
  8
BUILDINGS
100
AcDbPolyline
 90
5
 70
1
 10
3138367.6133
 20
320958.7876
 10
3138394.3289
 20
320944.3893
 10
3138449.9081
 20
321047.2115
 10
3138423.1923
 20
321061.5732
 10
3138367.6133
 20
320958.7876
  0
LWPOLYLINE
  5
257
330
17
100
AcDbEntity
  8
BUILDINGS
100
AcDbPolyline
 90
5
 70
1
 10
3138004.4626
 20
321144.3929
 10
3138030.1229
 20
321128.2511
 10
3138092.6721
 20
321226.9952
 10
3138066.9896
 20
321243.1737
 10
3138004.4626
 20
321144.3929
  0
LWPOLYLINE
  5
258
330
17
100
AcDbEntity
  8
BUILDINGS
100
AcDbPolyline
 90
5
 70
1
 10
3137911.6473
 20
321164.9951
 10
3137941.7783
 20
321161.3716
 10
3137955.835
 20
321277.3342
 10
3137925.6817
 20
321280.958
 10
3137911.6473
 20
321164.9951
  0
LWPOLYLINE
  5
259
330
17
100
AcDbEntity
  8
BUILDINGS
100
AcDbPolyline
 90
5
 70
1
 10
3137787.195
 20
321313.2064
 10
3137792.426
 20
321196.5264
 10
3137822.7587
 20
321197.8655
 10
3137817.5279
 20
321314.582
 10
3137787.195
 20
321313.2064
  0
LWPOLYLINE
  5
25A
330
17
100
AcDbEntity
  8
BUILDINGS
100
AcDbPolyline
 90
5
 70
1
 10
3137614.2923
 20
321231.9728
 10
3137641.0071
 20
321217.6098
 10
3137696.6125
 20
321320.3927
 10
3137669.8756
 20
321334.7924
 10
3137614.2923
 20
321231.9728
  0
LWPOLYLINE
  5
25B
330
17
100
AcDbEntity
  8
BUILDINGS
100
AcDbPolyline
 90
5
 70
1
 10
3138176.8905
 20
321120.2444
 10
3138293.5673
 20
321110.1304
 10
3138296.1818
 20
321140.2972
 10
3138179.5279
 20
321150.411
 10
3138176.8905
 20
321120.2444
  0
LWPOLYLINE
  5
25C
330
17
100
AcDbEntity
  8
BUILDINGS
100
AcDbPolyline
 90
5
 70
1
 10
3137491.8959
 20
321259.4822
 10
3137521.0114
 20
321250.9021
 10
3137554.1958
 20
321362.9357
 10
3137525.0805
 20
321371.5157
 10
3137491.8959
 20
321259.4822
  0
LWPOLYLINE
  5
25D
330
17
100
AcDbEntity
  8
BUILDINGS
100
AcDbPolyline
 90
69
 70
1
 10
3135982.1912
 20
321040.374
 10
3136007.5991
 20
321034.124
 10
3135989.9744
 20
320960.5042
 10
3136017.7945
 20
320953.6487
 10
3136014.6702
 20
320942.7981
 10
3136037.6434
 20
320937.154
 10
3136040.1789
 20
320950.3828
 10
3136052.8718
 20
320947.2762
 10
3136059.7844
 20
320975.0315
 10
3136047.7016
 20
320978.1326
 10
3136050.8747
 20
320994.4587
 10
3136063.5669
 20
320991.2791
 10
3136069.25
 20
321015.4314
 10
3136056.5294
 20
321017.9541
 10
3136059.0985
 20
321032.4238
 10
3136032.4936
 20
321038.7208
 10
3136034.3979
 20
321049.5823
 10
3136048.9204
 20
321046.423
 10
3136055.2233
 20
321074.2202
 10
3136119.9282
 20
321058.494
 10
3136110.4961
 20
321019.2985
 10
3136203.614
 20
320997.2961
 10
3136196.0542
 20
320965.3483
 10
3136102.3096
 20
320985.4946
 10
3136095.3918
 20
320957.1552
 10
3136218.1872
 20
320931.311
 10
3136239.5769
 20
321019.3535
 10
3136271.6159
 20
321011.8038
 10
3136388.1625
 20
320827.0
 10
3136416.7908
 20
320844.925
 10
3136310.9793
 20
321007.219
 10
3136319.8334
 20
321050.0703
 10
3136490.4471
 20
321154.9658
 10
3136471.9306
 20
321184.1154
 10
3136278.1347
 20
321061.3564
 10
3136250.9192
 20
321067.5854
 10
3136274.7964
 20
321163.5275
 10
3136148.3819
 20
321191.2653
 10
3136141.4636
 20
321162.8529
 10
3136238.2131
 20
321140.2708
 10
3136229.4232
 20
321104.647
 10
3136133.8605
 20
321126.0505
 10
3136126.3169
 20
321095.9279
 10
3136221.8795
 20
321074.4879
 10
3136211.1955
 20
321031.6894
 10
3136127.7482
 20
321051.1598
 10
3136130.8939
 20
321064.4196
 10
3136045.6172
 20
321083.9432
 10
3136049.4162
 20
321102.0524
 10
3136060.8942
 20
321099.5408
 10
3136067.8227
 20
321129.0847
 10
3136053.9385
 20
321132.859
 10
3136055.8265
 20
321141.8954
 10
3136082.4313
 20
321135.5985
 10
3136086.1874
 20
321148.8894
 10
3136098.885
 20
321146.3304
 10
3136105.8027
 20
321174.6698
 10
3136091.8907
 20
321177.8602
 10
3136094.4435
 20
321190.5047
 10
3136107.1358
 20
321187.3617
 10
3136114.6583
 20
321215.1116
 10
3136101.9657
 20
321218.2181
 10
3136104.5073
 20
321232.1405
 10
3136083.9463
 20
321237.1424
 10
3136080.2009
 20
321225.056
 10
3136052.3767
 20
321231.4004
 10
3136034.7524
 20
321157.7805
 10
3136011.7743
 20
321162.8406
 10
3135982.1912
 20
321040.374
  0
LWPOLYLINE
  5
25E
330
17
100
AcDbEntity
  8
BUILDINGS
100
AcDbPolyline
 90
5
 70
1
 10
3138099.796
 20
321268.9135
 10
3138105.567
 20
321239.1476
 10
3138220.538
 20
321261.3185
 10
3138214.7888
 20
321291.0112
 10
3138099.796
 20
321268.9135
  0
LWPOLYLINE
  5
25F
330
17
100
AcDbEntity
  8
BUILDINGS
100
AcDbPolyline
 90
5
 70
1
 10
3138377.1688
 20
321203.3246
 10
3138422.2929
 20
321095.5673
 10
3138450.276
 20
321107.2227
 10
3138405.1747
 20
321215.0162
 10
3138377.1688
 20
321203.3246
  0
LWPOLYLINE
  5
260
330
17
100
AcDbEntity
  8
BUILDINGS
100
AcDbPolyline
 90
5
 70
1
 10
3137842.2872
 20
321401.4652
 10
3137915.5699
 20
321310.3606
 10
3137939.2567
 20
321329.3174
 10
3137865.974
 20
321420.4219
 10
3137842.2872
 20
321401.4652
  0
LWPOLYLINE
  5
261
330
17
100
AcDbEntity
  8
BUILDINGS
100
AcDbPolyline
 90
13
 70
1
 10
3137694.1376
 20
317862.2444
 10
3137759.1296
 20
317856.9628
 10
3137760.5225
 20
317873.9984
 10
3137743.7441
 20
317875.3874
 10
3137745.1361
 20
317892.3135
 10
3137762.389
 20
317890.9204
 10
3137764.668
 20
317918.7538
 10
3137746.2859
 20
317920.2298
 10
3137747.8321
 20
317939.2719
 10
3137766.5977
 20
317937.7195
 10
3137768.3204
 20
317958.8408
 10
3137702.4708
 20
317964.203
 10
3137694.1376
 20
317862.2444
  0
LWPOLYLINE
  5
262
330
17
100
AcDbEntity
  8
BUILDINGS
100
AcDbPolyline
 90
5
 70
1
 10
3135815.59
 20
319385.9852
 10
3135818.2953
 20
319359.9693
 10
3135886.5995
 20
319367.0258
 10
3135883.8938
 20
319393.0052
 10
3135815.59
 20
319385.9852
  0
LWPOLYLINE
  5
263
330
17
100
AcDbEntity
  8
BUILDINGS
100
AcDbPolyline
 90
5
 70
1
 10
3136132.6094
 20
320658.4303
 10
3136179.4905
 20
320647.9738
 10
3136199.2558
 20
320736.2134
 10
3136152.3975
 20
320746.6696
 10
3136132.6094
 20
320658.4303
  0
LWPOLYLINE
  5
264
330
17
100
AcDbEntity
  8
BUILDINGS
100
AcDbPolyline
 90
5
 70
1
 10
3137565.5281
 20
321410.5115
 10
3137579.23
 20
321383.4863
 10
3137683.7383
 20
321436.2275
 10
3137670.036
 20
321463.216
 10
3137565.5281
 20
321410.5115
  0
LWPOLYLINE
  5
265
330
17
100
AcDbEntity
  8
BUILDINGS
100
AcDbPolyline
 90
5
 70
1
 10
3138245.2836
 20
321261.9409
 10
3138355.5808
 20
321222.6792
 10
3138365.772
 20
321251.1733
 10
3138255.4979
 20
321290.4713
 10
3138245.2836
 20
321261.9409
  0
LWPOLYLINE
  5
266
330
17
100
AcDbEntity
  8
BUILDINGS
100
AcDbPolyline
 90
5
 70
1
 10
3137711.043
 20
321435.0012
 10
3137825.8648
 20
321412.0868
 10
3137831.8196
 20
321441.7496
 10
3137716.9983
 20
321464.7004
 10
3137711.043
 20
321435.0012
  0
LWPOLYLINE
  5
267
330
17
100
AcDbEntity
  8
BUILDINGS
100
AcDbPolyline
 90
13
 70
1
 10
3137689.2639
 20
317742.5504
 10
3137754.2789
 20
317737.2685
 10
3137755.6718
 20
317754.3042
 10
3137738.8933
 20
317755.6931
 10
3137740.2853
 20
317772.6193
 10
3137757.5384
 20
317771.2261
 10
3137759.8174
 20
317799.0595
 10
3137741.4351
 20
317800.5356
 10
3137742.981
 20
317819.5412
 10
3137761.7245
 20
317818.0254
 10
3137763.4698
 20
317839.1465
 10
3137697.5971
 20
317844.5089
 10
3137689.2639
 20
317742.5504
  0
LWPOLYLINE
  5
268
330
17
100
AcDbEntity
  8
BUILDINGS
100
AcDbPolyline
 90
13
 70
1
 10
3137678.6927
 20
317632.8359
 10
3137743.6856
 20
317627.5542
 10
3137745.0785
 20
317644.5899
 10
3137728.3221
 20
317645.9421
 10
3137729.7145
 20
317662.9048
 10
3137746.9677
 20
317661.5116
 10
3137749.2467
 20
317689.345
 10
3137730.8417
 20
317690.8213
 10
3137732.4103
 20
317709.8267
 10
3137751.1538
 20
317708.3109
 10
3137752.8766
 20
317729.4322
 10
3137687.0261
 20
317734.7945
 10
3137678.6927
 20
317632.8359
  0
LWPOLYLINE
  5
269
330
17
100
AcDbEntity
  8
BUILDINGS
100
AcDbPolyline
 90
27
 70
1
 10
3136612.3727
 20
317702.1353
 10
3136628.9585
 20
317701.9516
 10
3136630.3954
 20
317624.5113
 10
3136663.6315
 20
317623.7417
 10
3136664.5091
 20
317534.1867
 10
3136742.5817
 20
317533.4211
 10
3136742.3536
 20
317510.2423
 10
3136771.4814
 20
317509.984
 10
3136771.7341
 20
317535.9369
 10
3136830.3054
 20
317535.3447
 10
3136848.5649
 20
317555.6988
 10
3136845.6109
 20
317612.527
 10
3136822.7638
 20
317632.9534
 10
3136808.5425
 20
317632.2033
 10
3136808.4039
 20
317705.7991
 10
3136822.0751
 20
317705.6779
 10
3136822.3019
 20
317728.7106
 10
3136802.507
 20
317728.8861
 10
3136802.8451
 20
317807.8074
 10
3136731.4733
 20
317807.1991
 10
3136731.6688
 20
317826.6911
 10
3136700.8471
 20
317827.001
 10
3136700.6358
 20
317805.7204
 10
3136627.2409
 20
317803.7798
 10
3136626.4565
 20
317725.5926
 10
3136612.6046
 20
317725.7156
 10
3136612.3727
 20
317702.1353
  0
LWPOLYLINE
  5
26A
330
17
100
AcDbEntity
  8
BUILDINGS
100
AcDbPolyline
 90
5
 70
1
 10
3136394.3105
 20
317958.0757
 10
3136395.4372
 20
317919.5892
 10
3136477.2421
 20
317921.9651
 10
3136476.1152
 20
317960.4516
 10
3136394.3105
 20
317958.0757
  0
LWPOLYLINE
  5
26B
330
17
100
AcDbEntity
  8
BUILDINGS
100
AcDbPolyline
 90
5
 70
1
 10
3135543.7202
 20
320124.8338
 10
3135592.8315
 20
320110.9607
 10
3135619.2864
 20
320203.995
 10
3135570.1757
 20
320217.9045
 10
3135543.7202
 20
320124.8338
  0
LWPOLYLINE
  5
26C
330
17
100
AcDbEntity
  8
BUILDINGS
100
AcDbPolyline
 90
5
 70
1
 10
3135354.2825
 20
320132.6257
 10
3135436.906
 20
320109.0337
 10
3135479.2847
 20
320256.8655
 10
3135396.6389
 20
320280.421
 10
3135354.2825
 20
320132.6257
  0
LWPOLYLINE
  5
26D
330
17
100
AcDbEntity
  8
BUILDINGS
100
AcDbPolyline
 90
5
 70
1
 10
3135636.2198
 20
318319.08
 10
3135641.4221
 20
318236.1667
 10
3135846.0478
 20
318248.9047
 10
3135840.8445
 20
318331.818
 10
3135636.2198
 20
318319.08
  0
LWPOLYLINE
  5
26E
330
17
100
AcDbEntity
  8
BUILDINGS
100
AcDbPolyline
 90
5
 70
1
 10
3135311.8306
 20
320014.6196
 10
3135396.1473
 20
319985.7554
 10
3135421.2718
 20
320058.7599
 10
3135336.9554
 20
320087.6239
 10
3135311.8306
 20
320014.6196
  0
LWPOLYLINE
  5
26F
330
17
100
AcDbEntity
  8
BUILDINGS
100
AcDbPolyline
 90
5
 70
1
 10
3134976.1879
 20
319246.1287
 10
3135293.0738
 20
319240.0741
 10
3135296.2721
 20
319407.8964
 10
3134979.3891
 20
319413.9145
 10
3134976.1879
 20
319246.1287
  0
LWPOLYLINE
  5
270
330
17
100
AcDbEntity
  8
BUILDINGS
100
AcDbPolyline
 90
25
 70
1
 10
3136029.604
 20
317773.9776
 10
3136029.8605
 20
317665.8468
 10
3136114.5629
 20
317666.0778
 10
3136114.6539
 20
317625.5562
 10
3136080.1675
 20
317625.4983
 10
3136080.6722
 20
317425.9563
 10
3136116.3117
 20
317426.0404
 10
3136116.4442
 20
317377.4873
 10
3136212.38
 20
317377.7282
 10
3136212.2097
 20
317442.3804
 10
3136243.8492
 20
317442.4639
 10
3136243.6688
 20
317518.6884
 10
3136264.7769
 20
317518.7561
 10
3136264.6826
 20
317553.8749
 10
3136240.9081
 20
317553.8309
 10
3136240.7757
 20
317599.9017
 10
3136210.7639
 20
317599.8403
 10
3136210.6166
 20
317664.5288
 10
3136244.8546
 20
317664.6256
 10
3136244.5737
 20
317772.7201
 10
3136209.5676
 20
317772.6301
 10
3136209.4664
 20
317814.5755
 10
3136113.4881
 20
317814.335
 10
3136113.5823
 20
317774.1784
 10
3136029.604
 20
317773.9776
  0
LWPOLYLINE
  5
271
330
17
100
AcDbEntity
  8
BUILDINGS
100
AcDbPolyline
 90
9
 70
1
 10
3135014.4665
 20
320046.5999
 10
3135113.9966
 20
320016.028
 10
3135094.8907
 20
319954.1771
 10
3135166.322
 20
319932.2173
 10
3135185.8002
 20
319995.3062
 10
3135200.6047
 20
319990.7563
 10
3135274.3962
 20
320229.6786
 10
3135088.6331
 20
320286.7591
 10
3135014.4665
 20
320046.5999
  0
LWPOLYLINE
  5
272
330
17
100
AcDbEntity
  8
BUILDINGS
100
AcDbPolyline
 90
13
 70
1
 10
3135413.3776
 20
321236.4516
 10
3135467.7416
 20
321216.6172
 10
3135479.207
 20
321245.5362
 10
3135453.8331
 20
321252.9913
 10
3135475.2369
 20
321314.4205
 10
3135507.3327
 20
321305.7371
 10
3135513.5927
 20
321328.6429
 10
3135475.2161
 20
321339.8648
 10
3135492.3637
 20
321395.3088
 10
3135447.6716
 20
321410.2378
 10
3135427.7457
 20
321352.3729
 10
3135449.5152
 20
321346.1182
 10
3135413.3776
 20
321236.4516
  0
LWPOLYLINE
  5
273
330
17
100
AcDbEntity
  8
BUILDINGS
100
AcDbPolyline
 90
5
 70
1
 10
3136893.3327
 20
317076.0618
 10
3136913.5613
 20
316757.3747
 10
3137001.0047
 20
316760.3604
 10
3136983.7379
 20
317081.9415
 10
3136893.3327
 20
317076.0618
  0
LWPOLYLINE
  5
274
330
17
100
AcDbEntity
  8
BUILDINGS
100
AcDbPolyline
 90
20
 70
1
 10
3134968.6587
 20
318553.5463
 10
3134971.7084
 20
318543.3704
 10
3134977.579
 20
318535.2866
 10
3134985.7521
 20
318529.4454
 10
3134995.3527
 20
318526.5483
 10
3135005.3659
 20
318526.8234
 10
3135014.7975
 20
318530.2798
 10
3135022.6046
 20
318536.5251
 10
3135028.0135
 20
318544.9823
 10
3135030.4506
 20
318554.6708
 10
3135029.6588
 20
318564.6438
 10
3135025.719
 20
318573.842
 10
3135019.052
 20
318581.3124
 10
3135010.3288
 20
318586.2824
 10
3135000.4934
 20
318588.196
 10
3134989.9497
 20
318586.7209
 10
3134980.5273
 20
318581.7678
 10
3134973.3388
 20
318573.9472
 10
3134969.206
 20
318564.1644
 10
3134968.6587
 20
318553.5463
  0
LWPOLYLINE
  5
275
330
17
100
AcDbEntity
  8
BUILDINGS
100
AcDbPolyline
 90
5
 70
1
 10
3135562.5435
 20
321696.3597
 10
3135607.7413
 20
321685.004
 10
3135617.6486
 20
321724.195
 10
3135572.4283
 20
321735.5509
 10
3135562.5435
 20
321696.3597
  0
LWPOLYLINE
  5
276
330
17
100
AcDbEntity
  8
BUILDINGS
100
AcDbPolyline
 90
5
 70
1
 10
3135936.9938
 20
317241.7541
 10
3135995.9976
 20
317198.2978
 10
3136024.9802
 20
317237.4651
 10
3135965.9765
 20
317280.9213
 10
3135936.9938
 20
317241.7541
  0
LWPOLYLINE
  5
277
330
17
100
AcDbEntity
  8
BUILDINGS
100
AcDbPolyline
 90
5
 70
1
 10
3136379.0982
 20
316989.2897
 10
3136408.5678
 20
316951.0988
 10
3136453.7362
 20
316985.7424
 10
3136424.2666
 20
317023.9332
 10
3136379.0982
 20
316989.2897
  0
LWPOLYLINE
  5
278
330
17
100
AcDbEntity
  8
BUILDINGS
100
AcDbPolyline
 90
5
 70
1
 10
3135854.0609
 20
317265.3097
 10
3135905.4755
 20
317252.7677
 10
3135917.6707
 20
317302.4886
 10
3135866.2565
 20
317315.067
 10
3135854.0609
 20
317265.3097
  0
LWPOLYLINE
  5
279
330
17
100
AcDbEntity
  8
BUILDINGS
100
AcDbPolyline
 90
5
 70
1
 10
3136053.0708
 20
317148.6531
 10
3136127.7299
 20
317091.7334
 10
3136161.0678
 20
317135.2793
 10
3136086.4086
 20
317192.1623
 10
3136053.0708
 20
317148.6531
  0
LWPOLYLINE
  5
27A
330
17
100
AcDbEntity
  8
BUILDINGS
100
AcDbPolyline
 90
5
 70
1
 10
3136146.2573
 20
317088.721
 10
3136204.0645
 20
317045.2762
 10
3136232.7424
 20
317083.2419
 10
3136174.9352
 20
317126.6866
 10
3136146.2573
 20
317088.721
  0
LWPOLYLINE
  5
27B
330
17
100
AcDbEntity
  8
BUILDINGS
100
AcDbPolyline
 90
5
 70
1
 10
3136215.5617
 20
317029.3671
 10
3136264.9812
 20
316995.671
 10
3136296.0066
 20
317040.9535
 10
3136246.6099
 20
317074.6493
 10
3136215.5617
 20
317029.3671
  0
LWPOLYLINE
  5
27C
330
17
100
AcDbEntity
  8
BUILDINGS
100
AcDbPolyline
 90
5
 70
1
 10
3135745.0329
 20
317314.9444
 10
3135747.6477
 20
317266.1136
 10
3135844.6679
 20
317271.3074
 10
3135842.0524
 20
317320.1017
 10
3135745.0329
 20
317314.9444
  0
LWPOLYLINE
  5
27D
330
17
100
AcDbEntity
  8
BUILDINGS
100
AcDbPolyline
 90
9
 70
1
 10
3135062.5703
 20
318001.5474
 10
3135069.4107
 20
317932.7832
 10
3135087.2798
 20
317934.5942
 10
3135090.1977
 20
317907.1891
 10
3135161.3372
 20
317914.6917
 10
3135150.2541
 20
318039.6025
 10
3135081.8241
 20
318031.7835
 10
3135084.5105
 20
318003.7599
 10
3135062.5703
 20
318001.5474
  0
LWPOLYLINE
  5
27E
330
17
100
AcDbEntity
  8
BUILDINGS
100
AcDbPolyline
 90
5
 70
1
 10
3136302.1962
 20
316890.7525
 10
3136348.5124
 20
316861.2824
 10
3136399.3919
 20
316940.8859
 10
3136353.0532
 20
316970.3561
 10
3136302.1962
 20
316890.7525
  0
LWPOLYLINE
  5
27F
330
17
100
AcDbEntity
  8
BUILDINGS
100
AcDbPolyline
 90
5
 70
1
 10
3135662.3865
 20
317292.1003
 10
3135676.5481
 20
317253.2418
 10
3135736.7445
 20
317275.0817
 10
3135722.5825
 20
317313.9038
 10
3135662.3865
 20
317292.1003
  0
LWPOLYLINE
  5
280
330
17
100
AcDbEntity
  8
BUILDINGS
100
AcDbPolyline
 90
5
 70
1
 10
3135809.9037
 20
317113.623
 10
3135898.6993
 20
317078.3697
 10
3135919.7584
 20
317131.151
 10
3135830.9856
 20
317166.4039
 10
3135809.9037
 20
317113.623
  0
LWPOLYLINE
  5
281
330
17
100
AcDbEntity
  8
BUILDINGS
100
AcDbPolyline
 90
5
 70
1
 10
3135939.0003
 20
317043.5493
 10
3135999.819
 20
316998.2517
 10
3136032.8693
 20
317042.4204
 10
3135972.0506
 20
317087.718
 10
3135939.0003
 20
317043.5493
  0
LWPOLYLINE
  5
282
330
17
100
AcDbEntity
  8
BUILDINGS
100
AcDbPolyline
 90
2
 70
1
 10
3135673.7571
 20
317244.3959
 10
3135647.1587
 20
317284.9719
  0
LWPOLYLINE
  5
283
330
17
100
AcDbEntity
  8
BUILDINGS
100
AcDbPolyline
 90
5
 70
1
 10
3136066.1569
 20
316935.7111
 10
3136088.4717
 20
316878.3451
 10
3136154.1698
 20
316903.7516
 10
3136131.8549
 20
316961.1175
 10
3136066.1569
 20
316935.7111
  0
LWPOLYLINE
  5
284
330
17
100
AcDbEntity
  8
BUILDINGS
100
AcDbPolyline
 90
6
 70
1
 10
3135078.2071
 20
321569.8277
 10
3135135.6273
 20
321530.6901
 10
3135172.005
 20
321583.8439
 10
3135148.0399
 20
321599.6831
 10
3135201.0669
 20
321680.3586
 10
3135078.2071
 20
321569.8277
  0
LWPOLYLINE
  5
285
330
17
100
AcDbEntity
  8
BUILDINGS
100
AcDbPolyline
 90
5
 70
1
 10
3135509.1835
 20
317329.7562
 10
3135529.7675
 20
317306.5738
 10
3135554.8249
 20
317328.7274
 10
3135534.2179
 20
317351.8735
 10
3135509.1835
 20
317329.7562
  0
LWPOLYLINE
  5
286
330
17
100
AcDbEntity
  8
BUILDINGS
100
AcDbPolyline
 90
2
 70
1
 10
3135790.5256
 20
317115.0007
 10
3135766.149
 20
317164.0258
  0
LWPOLYLINE
  5
287
330
17
100
AcDbEntity
  8
BUILDINGS
100
AcDbPolyline
 90
2
 70
1
 10
3136273.2751
 20
316800.0753
 10
3136244.5438
 20
316842.4945
  0
LWPOLYLINE
  5
288
330
17
100
AcDbEntity
  8
BUILDINGS
100
AcDbPolyline
 90
4
 70
1
 10
3136868.6472
 20
316598.3543
 10
3136841.9477
 20
316597.3863
 10
3136840.8464
 20
316608.2746
 10
3136814.1802
 20
316608.5109
  0
LWPOLYLINE
  5
289
330
17
100
AcDbEntity
  8
COUNTY_BOUNDARY
100
AcDbPolyline
 90
1048
 70
0
 10
2759566.4632
 20
330215.1299
 10
2759060.5167
 20
326378.6173
 10
2759461.0549
 20
321755.8705
 10
2761431.0385
 20
316868.8637
 10
2764162.6721
 20
312440.3557
 10
2766866.6517
 20
308620.5868
 10
2770452.2472
 20
304453.3075
 10
2775438.6078
 20
300600.0987
 10
2777257.0173
 20
299510.1317
 10
2780960.757
 20
297679.3774
 10
2785342.4534
 20
295617.37
 10
2788796.4779
 20
293487.091
 10
2790583.1938
 20
292404.0026
 10
2791743.4027
 20
291701.1247
 10
2791820.7684
 20
291622.1061
 10
2793642.3645
 20
289768.8283
 10
2794789.4319
 20
287484.866
 10
2795385.3218
 20
286298.0615
 10
2795720.6463
 20
286014.8914
 10
2796559.3599
 20
285307.3509
 10
2796848.4429
 20
284991.9822
 10
2797909.8372
 20
283834.5383
 10
2796307.6028
 20
283587.0589
 10
2795322.3331
 20
283045.9605
 10
2794068.7737
 20
282358.0908
 10
2793389.1756
 20
281985.0945
 10
2792834.4553
 20
281620.0691
 10
2790446.0722
 20
280050.2113
 10
2789309.867
 20
278788.7019
 10
2788220.4286
 20
277579.9022
 10
2785742.0912
 20
274830.8604
 10
2783845.5701
 20
270741.9648
 10
2783649.9532
 20
268181.5642
 10
2783697.9097
 20
266109.3283
 10
2783677.0077
 20
264538.8067
 10
2782858.9296
 20
263356.7383
 10
2780949.5705
 20
260480.6503
 10
2780290.2829
 20
255691.3038
 10
2780296.0356
 20
252260.6155
 10
2780719.1546
 20
249098.7082
 10
2781071.3126
 20
247396.2162
 10
2781450.2874
 20
245565.0849
 10
2782228.8968
 20
241773.663
 10
2783549.9596
 20
238913.4979
 10
2785294.051
 20
237639.9018
 10
2787730.8991
 20
235632.2926
 10
2789422.0441
 20
234193.8503
 10
2792081.4728
 20
232403.0034
 10
2796370.5143
 20
229848.3708
 10
2799679.6112
 20
228856.5239
 10
2802655.5732
 20
227860.863
 10
2805744.3081
 20
227321.9051
 10
2805897.1176
 20
226194.8145
 10
2807198.049
 20
224131.6119
 10
2810521.8829
 20
221173.8571
 10
2812573.0375
 20
219816.6576
 10
2814476.0099
 20
218366.0769
 10
2817657.4489
 20
216922.1809
 10
2819829.4865
 20
216124.9049
 10
2821624.9907
 20
215996.5838
 10
2823284.0836
 20
216465.7249
 10
2823503.6237
 20
216618.4427
 10
2825392.0081
 20
213323.5038
 10
2827933.1022
 20
210791.4996
 10
2832256.219
 20
207819.4491
 10
2836837.2639
 20
205577.0733
 10
2837566.9035
 20
205311.8774
 10
2841943.907
 20
203723.2459
 10
2848504.7883
 20
202936.1421
 10
2853333.7874
 20
203943.5095
 10
2857553.1509
 20
206670.5137
 10
2858975.5799
 20
207702.279
 10
2859233.7818
 20
207889.5311
 10
2861316.7098
 20
209298.8715
 10
2862474.7045
 20
210822.6662
 10
2864443.7253
 20
213415.1775
 10
2866859.898
 20
218603.5382
 10
2867582.5617
 20
223583.707
 10
2867583.9175
 20
227305.4837
 10
2867585.3243
 20
231117.4486
 10
2866926.2701
 20
232209.5597
 10
2866687.2396
 20
233190.2554
 10
2866492.4996
 20
233989.4377
 10
2866288.8918
 20
235646.9943
 10
2866821.3169
 20
235466.2387
 10
2868178.6674
 20
235868.2548
 10
2869602.5869
 20
236290.6151
 10
2873241.1257
 20
239253.6159
 10
2874946.1528
 20
240902.5698
 10
2875866.6599
 20
241542.8415
 10
2877177.0219
 20
240543.8008
 10
2877776.4518
 20
240199.248
 10
2879699.9152
 20
239094.3639
 10
2881085.9378
 20
238421.3361
 10
2881232.5636
 20
238350.192
 10
2881671.7668
 20
238136.7839
 10
2881818.1704
 20
238065.6505
 10
2882914.0067
 20
237533.8897
 10
2883209.803
 20
234004.7224
 10
2885692.7914
 20
230551.4001
 10
2888186.16
 20
227769.3855
 10
2894484.8425
 20
224460.2552
 10
2901682.9634
 20
223022.0109
 10
2903994.3862
 20
222905.7384
 10
2906478.1806
 20
222987.0406
 10
2907720.7062
 20
223294.9249
 10
2910658.8549
 20
224023.7567
 10
2916621.8288
 20
225664.721
 10
2921506.1362
 20
227841.6232
 10
2925770.8985
 20
231275.6089
 10
2927266.1265
 20
234034.6442
 10
2927782.4579
 20
235781.239
 10
2927934.7394
 20
237381.2588
 10
2930761.8026
 20
237831.5854
 10
2931353.5903
 20
236429.2063
 10
2934278.4153
 20
235060.7843
 10
2937168.4622
 20
234317.2725
 10
2944406.8518
 20
234253.4439
 10
2951044.5446
 20
237054.7459
 10
2955184.2211
 20
241618.5698
 10
2957188.631
 20
243788.0511
 10
2958495.6291
 20
245047.0427
 10
2960040.1241
 20
245715.8123
 10
2961744.1463
 20
247095.0464
 10
2962399.1014
 20
247848.6342
 10
2963789.5369
 20
245026.9471
 10
2965585.6286
 20
241852.8732
 10
2969163.6785
 20
237199.0262
 10
2974115.797
 20
234721.044
 10
2977597.2862
 20
234369.4073
 10
2980431.7279
 20
234668.2572
 10
2981539.2486
 20
234948.7728
 10
2984520.4001
 20
233014.0824
 10
2987882.0945
 20
232188.1631
 10
2989781.6217
 20
231721.9117
 10
2995352.7963
 20
231866.3769
 10
3001726.3732
 20
233127.5457
 10
3008683.9748
 20
236614.764
 10
3010995.5278
 20
238070.0226
 10
3012043.5889
 20
238996.881
 10
3015246.8478
 20
239897.3602
 10
3016752.8087
 20
240443.9409
 10
3016901.599
 20
240418.1681
 10
3019600.3119
 20
239952.7054
 10
3024967.1712
 20
240536.9207
 10
3030733.8443
 20
243618.739
 10
3031577.4304
 20
244070.23
 10
3035724.0166
 20
247987.9992
 10
3037721.3446
 20
251387.3921
 10
3038615.165
 20
252816.9225
 10
3039364.3909
 20
254789.3324
 10
3039178.2243
 20
255700.4263
 10
3040446.9713
 20
256364.0219
 10
3043450.5363
 20
262005.1267
 10
3044901.7819
 20
265201.5419
 10
3046446.6127
 20
269190.0514
 10
3046629.0408
 20
272276.7526
 10
3046005.4355
 20
274141.0753
 10
3046646.7723
 20
275449.0565
 10
3047095.3111
 20
278281.4835
 10
3048091.3428
 20
281693.1311
 10
3047970.0125
 20
284343.5197
 10
3047243.9775
 20
286273.1449
 10
3046253.9118
 20
287105.1614
 10
3046641.0547
 20
288075.8093
 10
3046691.0282
 20
292540.0086
 10
3046491.0504
 20
293523.4892
 10
3046075.3316
 20
295365.0983
 10
3045439.1743
 20
296572.8442
 10
3045781.0673
 20
296521.5355
 10
3046270.429
 20
296448.3928
 10
3049037.0584
 20
297208.621
 10
3052673.5445
 20
299940.1844
 10
3055296.1526
 20
301850.5497
 10
3057256.2899
 20
303812.407
 10
3057793.0635
 20
304702.0217
 10
3058338.9146
 20
305845.9849
 10
3058346.3556
 20
305860.851
 10
3058368.6789
 20
305905.4495
 10
3058375.8988
 20
305920.6838
 10
3058376.7398
 20
305899.498
 10
3058379.2628
 20
305835.9407
 10
3058379.8827
 20
305815.123
 10
3058480.6973
 20
302982.2336
 10
3057100.6735
 20
301018.0789
 10
3055825.4751
 20
298673.2718
 10
3054194.851
 20
294623.8543
 10
3053511.4009
 20
289184.9838
 10
3053643.8154
 20
287933.4756
 10
3054055.1661
 20
284043.6804
 10
3055614.4212
 20
279830.2149
 10
3058683.5676
 20
276225.6338
 10
3060085.3352
 20
275062.0587
 10
3060794.5268
 20
274804.576
 10
3061416.6381
 20
274591.3762
 10
3060977.328
 20
272985.8494
 10
3056378.6946
 20
269513.5005
 10
3053004.6188
 20
264688.3271
 10
3051209.1172
 20
262477.0325
 10
3046330.7879
 20
258693.3847
 10
3043651.3276
 20
253885.2679
 10
3042269.1401
 20
251209.2629
 10
3041405.8762
 20
249200.7882
 10
3039357.3471
 20
244438.0999
 10
3038857.1126
 20
241064.0528
 10
3038912.5198
 20
238704.0215
 10
3037200.0456
 20
236344.7155
 10
3036706.2747
 20
232990.3289
 10
3036710.3458
 20
231104.2032
 10
3036715.8127
 20
228505.0292
 10
3037187.3908
 20
225701.7442
 10
3037920.5219
 20
224392.9227
 10
3037781.0805
 20
222690.0115
 10
3037853.5913
 20
218223.4717
 10
3040004.3975
 20
212960.5754
 10
3043645.2645
 20
208389.3207
 10
3048397.0039
 20
204600.0733
 10
3053670.7191
 20
200718.8128
 10
3059671.3052
 20
198428.9053
 10
3060105.7453
 20
198263.4954
 10
3066203.0213
 20
197483.6156
 10
3071878.504
 20
197920.1996
 10
3077356.0235
 20
200901.8398
 10
3080853.1175
 20
204535.8549
 10
3083569.8334
 20
206943.0847
 10
3084705.8466
 20
209419.6485
 10
3085198.2668
 20
208970.9066
 10
3087719.6951
 20
206687.6588
 10
3092034.4102
 20
205091.9029
 10
3098481.4682
 20
205247.3076
 10
3103846.0462
 20
207481.4398
 10
3108684.4726
 20
209970.3638
 10
3110855.6004
 20
211802.5993
 10
3113757.7062
 20
210475.2167
 10
3121908.6337
 20
211946.2622
 10
3126629.5583
 20
214957.0693
 10
3130096.5042
 20
217590.8395
 10
3131940.2635
 20
219654.468
 10
3132793.8571
 20
221147.8743
 10
3133864.4348
 20
220676.0361
 10
3138818.0473
 20
221454.3717
 10
3144117.6478
 20
223897.0992
 10
3149433.9216
 20
227736.6684
 10
3153412.2863
 20
232824.7872
 10
3155519.0772
 20
234758.6428
 10
3156442.0323
 20
235606.5584
 10
3158255.9357
 20
237191.44
 10
3159726.7935
 20
236445.5977
 10
3163819.5517
 20
236917.7102
 10
3168877.7308
 20
239781.9004
 10
3172530.4674
 20
244121.88
 10
3175171.417
 20
245489.2257
 10
3177219.7189
 20
247277.2757
 10
3179167.5033
 20
246444.3792
 10
3184037.5481
 20
247701.9459
 10
3187113.6561
 20
249127.0449
 10
3187502.5116
 20
249267.5518
 10
3189355.0498
 20
249936.4237
 10
3191312.4105
 20
249432.3788
 10
3197150.472
 20
248051.0595
 10
3203909.842
 20
247971.065
 10
3208713.6738
 20
248919.0658
 10
3212167.744
 20
250150.0816
 10
3213755.9684
 20
250716.6034
 10
3218090.355
 20
252440.6454
 10
3222942.623
 20
253968.6864
 10
3226081.0407
 20
256687.683
 10
3228679.5978
 20
259768.2015
 10
3231370.0265
 20
263784.0979
 10
3232267.8845
 20
265547.8588
 10
3232929.6561
 20
267721.9415
 10
3233862.3872
 20
266698.9223
 10
3237820.6703
 20
264460.1181
 10
3243871.2087
 20
262888.7175
 10
3250632.5652
 20
263476.7496
 10
3254634.7372
 20
265330.8282
 10
3257918.0626
 20
268108.2548
 10
3259497.1059
 20
269593.6679
 10
3260300.5508
 20
270500.5012
 10
3262983.5179
 20
269823.1043
 10
3267612.1786
 20
271877.5402
 10
3269639.7176
 20
273981.5937
 10
3270795.1553
 20
274908.4165
 10
3271355.3727
 20
275943.3439
 10
3271742.8125
 20
275606.9183
 10
3273567.7753
 20
274729.1677
 10
3274832.9561
 20
274193.8637
 10
3276596.2186
 20
273547.1825
 10
3280236.5003
 20
273239.6407
 10
3280440.8836
 20
273277.2339
 10
3283448.9691
 20
273831.2103
 10
3288827.691
 20
275788.5
 10
3293961.8062
 20
279184.5399
 10
3297455.0562
 20
283318.1885
 10
3299075.5745
 20
286500.9008
 10
3300136.0388
 20
289373.5421
 10
3300438.2619
 20
290666.1501
 10
3300515.6283
 20
292199.4167
 10
3302938.2989
 20
291131.8615
 10
3307547.7582
 20
289858.2096
 10
3314841.35
 20
290448.583
 10
3319958.0509
 20
294092.2472
 10
3321065.2336
 20
295505.1031
 10
3322773.4515
 20
297686.5247
 10
3324481.9866
 20
301601.7058
 10
3326366.5815
 20
306389.2715
 10
3325870.854
 20
310896.8658
 10
3325489.0671
 20
314173.5029
 10
3324689.1075
 20
316377.9861
 10
3328149.5432
 20
314953.0902
 10
3336755.8609
 20
315454.6173
 10
3345922.5126
 20
318912.1021
 10
3349743.169
 20
322064.2878
 10
3350370.9744
 20
323543.1867
 10
3354810.2736
 20
325167.1547
 10
3358609.1828
 20
327903.7285
 10
3360308.0408
 20
330042.6977
 10
3360668.4241
 20
330960.7176
 10
3360961.27
 20
331647.7067
 10
3362365.258
 20
332036.1652
 10
3363025.8327
 20
332847.6965
 10
3364765.8833
 20
331522.012
 10
3367707.7263
 20
330362.4218
 10
3370668.2444
 20
330475.271
 10
3374452.4771
 20
330620.4028
 10
3381857.9347
 20
332150.1599
 10
3387906.0314
 20
334517.5433
 10
3389586.3487
 20
336659.4766
 10
3390722.6638
 20
338716.8522
 10
3390816.4679
 20
338662.3663
 10
3393973.3576
 20
336823.4418
 10
3400468.4346
 20
336959.8279
 10
3403274.3389
 20
338448.6062
 10
3404768.9206
 20
339359.7915
 10
3405795.549
 20
340209.0972
 10
3409254.0993
 20
339191.7066
 10
3413978.3692
 20
340126.7089
 10
3417918.5489
 20
342485.6093
 10
3422307.5244
 20
346155.892
 10
3425036.0146
 20
349001.0205
 10
3426651.3455
 20
350764.7809
 10
3427695.6418
 20
352073.0511
 10
3430219.3732
 20
350477.115
 10
3437170.7527
 20
348420.6099
 10
3444148.5131
 20
349345.4337
 10
3448548.8826
 20
351847.1628
 10
3452870.2912
 20
351931.5045
 10
3460383.3426
 20
349704.3539
 10
3465251.8208
 20
350742.4617
 10
3469264.5681
 20
350766.6979
 10
3473335.8753
 20
350494.7334
 10
3483805.6162
 20
347731.4873
 10
3493687.8124
 20
347538.757
 10
3496115.9437
 20
348757.2765
 10
3497190.1729
 20
349752.5084
 10
3499770.3172
 20
348823.3638
 10
3506293.869
 20
350021.473
 10
3517240.4338
 20
354640.0344
 10
3520941.1186
 20
357551.8621
 10
3521294.7962
 20
357830.5462
 10
3526333.4947
 20
359953.7994
 10
3531401.3121
 20
361452.2514
 10
3533987.7341
 20
361899.1527
 10
3535643.5581
 20
363091.1692
 10
3537508.9723
 20
359815.1903
 10
3544039.2177
 20
357240.9762
 10
3548529.196
 20
357050.197
 10
3550050.3735
 20
357440.1131
 10
3554281.6963
 20
355063.0547
 10
3563851.8869
 20
351344.9677
 10
3572077.2126
 20
351429.6702
 10
3573689.4966
 20
352110.4059
 10
3576722.6351
 20
352260.7708
 10
3582292.2843
 20
354820.4858
 10
3585288.3647
 20
356183.1704
 10
3586083.9523
 20
356699.4149
 10
3589382.6855
 20
356580.7897
 10
3594347.9778
 20
358913.4219
 10
3596417.5777
 20
359717.0237
 10
3597690.5684
 20
360282.9488
 10
3601979.2613
 20
356851.4159
 10
3607647.7862
 20
354257.4526
 10
3611505.3135
 20
353113.297
 10
3614676.9714
 20
352888.4045
 10
3617185.351
 20
353085.5695
 10
3623445.7796
 20
351345.0896
 10
3628302.4128
 20
353468.2823
 10
3631234.9843
 20
355061.2564
 10
3632012.9933
 20
355682.7321
 10
3636412.0833
 20
355035.2544
 10
3646388.6196
 20
357698.0542
 10
3652639.3341
 20
362153.1647
 10
3654666.5739
 20
366127.8862
 10
3655729.9886
 20
369520.7946
 10
3658485.2427
 20
373178.4403
 10
3660072.1376
 20
378219.3077
 10
3660368.1865
 20
382739.6476
 10
3661875.9005
 20
383061.7108
 10
3665936.8387
 20
385108.4022
 10
3668575.0378
 20
386282.8891
 10
3674665.5108
 20
384209.9599
 10
3681251.5322
 20
385221.6648
 10
3687151.3272
 20
387261.3132
 10
3690160.6027
 20
387537.6448
 10
3696984.0321
 20
386190.8837
 10
3700998.7337
 20
387197.6816
 10
3702948.9516
 20
388296.4497
 10
3705701.8962
 20
387596.9463
 10
3713663.0787
 20
388727.8473
 10
3718161.3042
 20
389824.5599
 10
3719618.9396
 20
391180.4603
 10
3721377.593
 20
389293.6163
 10
3723981.5837
 20
388545.6767
 10
3724982.0271
 20
388394.9136
 10
3726123.2458
 20
386623.4456
 10
3727255.1589
 20
384961.3452
 10
3728467.0558
 20
384877.6099
 10
3729249.4699
 20
383673.3937
 10
3729866.7299
 20
382734.8557
 10
3730618.0332
 20
381806.2723
 10
3732262.1697
 20
380893.1075
 10
3734347.6561
 20
379085.37
 10
3737852.482
 20
376709.878
 10
3745953.1999
 20
373366.5672
 10
3753725.9913
 20
371700.7826
 10
3757779.7985
 20
371165.2578
 10
3758580.2743
 20
371654.1091
 10
3758954.6926
 20
371447.8712
 10
3760734.9542
 20
370333.0125
 10
3764383.9079
 20
369093.6235
 10
3773123.4245
 20
368825.195
 10
3781740.987
 20
372291.5794
 10
3782338.2467
 20
373881.9219
 10
3783553.8407
 20
373287.0802
 10
3783946.3123
 20
373931.813
 10
3786257.8578
 20
373050.6104
 10
3791118.7294
 20
372696.5276
 10
3796620.4968
 20
375777.2604
 10
3798636.8835
 20
375092.5668
 10
3803410.6371
 20
373816.8427
 10
3811331.9587
 20
374139.1065
 10
3812908.3242
 20
375141.8949
 10
3814463.738
 20
374504.2652
 10
3816935.4007
 20
374446.7698
 10
3817545.5804
 20
374305.5537
 10
3819972.4049
 20
371256.8529
 10
3825091.0162
 20
367806.0089
 10
3832704.0163
 20
365966.0231
 10
3837382.2394
 20
366042.8101
 10
3840165.9632
 20
364369.419
 10
3847219.8506
 20
364445.0294
 10
3855992.2726
 20
367310.2322
 10
3859881.836
 20
369609.0077
 10
3860436.9152
 20
369910.4855
 10
3862541.745
 20
369328.4724
 10
3868326.1729
 20
368305.9443
 10
3876525.9231
 20
369018.2309
 10
3879296.0085
 20
370056.9428
 10
3886808.7751
 20
376038.849
 10
3887936.9436
 20
378428.1042
 10
3893418.9604
 20
378645.6162
 10
3898903.6459
 20
378798.971
 10
3901690.4535
 20
380402.6354
 10
3902671.7259
 20
380174.3702
 10
3902680.0383
 20
380063.6378
 10
3902751.8884
 20
379091.4076
 10
3902956.8975
 20
377159.5315
 10
3903339.1531
 20
372770.8684
 10
3906302.1463
 20
367868.3168
 10
3911303.7951
 20
362845.25
 10
3916633.4268
 20
359714.55
 10
3917665.176
 20
358912.2806
 10
3919806.7788
 20
358203.4773
 10
3923281.1961
 20
358499.7563
 10
3928191.414
 20
359924.8462
 10
3933926.2531
 20
363430.1598
 10
3937768.3877
 20
369233.2005
 10
3939081.237
 20
376053.9711
 10
3938962.0177
 20
381353.4142
 10
3938368.0946
 20
384961.0534
 10
3938223.4438
 20
385198.1219
 10
3938734.867
 20
385580.9566
 10
3939616.2481
 20
386913.0296
 10
3940424.7949
 20
387993.7584
 10
3941691.2479
 20
387295.7779
 10
3945257.0705
 20
386887.2574
 10
3948416.3105
 20
388171.4397
 10
3948875.4948
 20
388212.6828
 10
3951330.6594
 20
387882.426
 10
3954209.9063
 20
388445.5593
 10
3955407.1778
 20
389340.8634
 10
3956846.8506
 20
388708.9954
 10
3961653.0295
 20
386786.3986
 10
3967582.549
 20
386624.9032
 10
3973512.451
 20
388709.3057
 10
3977996.4465
 20
391753.6672
 10
3981839.0142
 20
396079.1963
 10
3983454.1847
 20
400355.882
 10
3983478.1572
 20
400752.6263
 10
3985638.9773
 20
401014.0485
 10
3988886.6139
 20
403448.029
 10
3991611.0446
 20
406815.1592
 10
3994336.77
 20
413704.0855
 10
3995413.048
 20
417473.1435
 10
3995306.4357
 20
418204.3162
 10
3995412.4221
 20
419190.4379
 10
3994821.4804
 20
421837.8303
 10
3993120.7216
 20
425835.2789
 10
3989837.8501
 20
430410.3587
 10
3985905.7582
 20
433455.1952
 10
3984220.6986
 20
434760.5601
 10
3983437.6167
 20
435018.3647
 10
3977784.1829
 20
436881.2721
 10
3975627.5335
 20
436754.2358
 10
3973006.3783
 20
436600.6042
 10
3970991.3408
 20
436482.8259
 10
3967468.1205
 20
434032.4979
 10
3966973.4648
 20
433159.7951
 10
3964474.7365
 20
433610.1429
 10
3960055.7989
 20
433983.1868
 10
3953463.7481
 20
433843.591
 10
3949555.1338
 20
434486.2924
 10
3944083.7436
 20
434457.6646
 10
3937821.0972
 20
435001.0743
 10
3926376.2602
 20
436550.4188
 10
3920124.0142
 20
436716.3705
 10
3914220.2365
 20
436563.7947
 10
3906161.0903
 20
434732.5581
 10
3903932.1475
 20
433921.9038
 10
3903587.4567
 20
433910.784
 10
3901178.3049
 20
434514.2122
 10
3896429.4826
 20
435706.1474
 10
3890597.8435
 20
435453.9336
 10
3884713.4386
 20
432944.0289
 10
3883293.9349
 20
433863.7026
 10
3877107.8153
 20
436871.6712
 10
3868398.0237
 20
437560.1468
 10
3863160.3164
 20
436455.535
 10
3861006.555
 20
437447.7749
 10
3857293.879
 20
437389.5139
 10
3855142.4906
 20
436892.3396
 10
3854122.3263
 20
438296.2624
 10
3851495.2989
 20
445133.119
 10
3846077.2232
 20
450576.2486
 10
3839879.3876
 20
452563.5735
 10
3837501.2918
 20
452026.8659
 10
3832187.9884
 20
450829.5254
 10
3826811.109
 20
448654.0646
 10
3825483.761
 20
449829.0428
 10
3821733.0852
 20
451608.8688
 10
3818514.6851
 20
451615.1004
 10
3810323.4392
 20
448983.3831
 10
3803188.8567
 20
445372.9838
 10
3794651.7763
 20
441392.391
 10
3789620.1675
 20
439984.1671
 10
3784851.4997
 20
440215.677
 10
3779570.1968
 20
440633.5884
 10
3777715.8233
 20
440451.4358
 10
3776609.772
 20
441110.5412
 10
3773578.5418
 20
442126.363
 10
3765089.9201
 20
445828.2221
 10
3758073.7822
 20
446192.3044
 10
3752114.9528
 20
444598.2258
 10
3743789.1014
 20
439079.7466
 10
3742927.884
 20
439250.0494
 10
3739183.9282
 20
438900.3501
 10
3735396.4019
 20
438149.3346
 10
3733751.8794
 20
437431.5087
 10
3732706.7628
 20
438054.0231
 10
3731674.2856
 20
438219.3962
 10
3731709.9135
 20
438430.3661
 10
3732437.7128
 20
439838.0215
 10
3732976.3508
 20
442848.2625
 10
3732991.6735
 20
445957.772
 10
3733168.3222
 20
447354.0364
 10
3733620.5775
 20
448672.2293
 10
3735193.8159
 20
450174.2834
 10
3737043.1391
 20
453274.2869
 10
3738299.0985
 20
456516.8767
 10
3738284.3075
 20
457519.2299
 10
3738407.9115
 20
457982.4976
 10
3738907.6462
 20
459172.9361
 10
3740514.604
 20
460884.663
 10
3742807.8673
 20
464396.8492
 10
3744598.2867
 20
466824.917
 10
3746187.5057
 20
469559.611
 10
3748087.9994
 20
474978.1108
 10
3749751.7107
 20
479094.2963
 10
3750185.5361
 20
481553.6832
 10
3750068.0307
 20
485810.1279
 10
3749881.7778
 20
488434.7497
 10
3749248.0473
 20
490960.1422
 10
3748514.651
 20
493164.9439
 10
3747654.5063
 20
495034.5049
 10
3746253.8067
 20
497194.8269
 10
3745346.6967
 20
498608.4865
 10
3745414.8364
 20
499299.1896
 10
3746002.8716
 20
501141.0207
 10
3745994.0084
 20
504272.5667
 10
3744770.2242
 20
509773.3204
 10
3740715.6245
 20
516298.9085
 10
3735241.1658
 20
520151.4981
 10
3730349.0086
 20
521796.8252
 10
3730371.5526
 20
522697.6086
 10
3729996.4569
 20
524163.4956
 10
3728113.8129
 20
526189.4451
 10
3726442.9187
 20
526957.994
 10
3724818.8671
 20
528056.2974
 10
3724137.4129
 20
528806.4917
 10
3722028.1976
 20
530207.8979
 10
3720052.4234
 20
531468.6203
 10
3717256.5209
 20
532342.0651
 10
3714509.784
 20
532936.1426
 10
3712320.7027
 20
532450.563
 10
3712212.2401
 20
533545.6878
 10
3709181.3558
 20
536364.5208
 10
3706166.6376
 20
538883.4374
 10
3701998.4437
 20
541551.0974
 10
3697016.4652
 20
542863.6406
 10
3691419.3371
 20
542992.3551
 10
3685066.7305
 20
542334.5767
 10
3680313.44
 20
540560.1563
 10
3677024.0566
 20
538450.4867
 10
3673678.826
 20
537192.3824
 10
3672162.3956
 20
535873.2796
 10
3669895.4982
 20
536860.1977
 10
3667406.9137
 20
537017.2369
 10
3662854.6602
 20
536955.1855
 10
3657045.7139
 20
536193.7679
 10
3653504.4162
 20
533915.515
 10
3650054.6057
 20
529113.4955
 10
3648471.7525
 20
526868.1142
 10
3647712.3282
 20
524934.1788
 10
3645789.2513
 20
524422.216
 10
3643271.1978
 20
523119.6847
 10
3640031.6925
 20
518715.0172
 10
3636699.5069
 20
511659.6854
 10
3635988.032
 20
508074.8926
 10
3635853.6817
 20
506400.4086
 10
3633766.1444
 20
506168.1808
 10
3631763.3706
 20
506073.5362
 10
3628124.8225
 20
505609.9662
 10
3622896.802
 20
504843.1069
 10
3617161.8363
 20
502534.6063
 10
3613115.7305
 20
498987.7132
 10
3610566.7939
 20
495539.3442
 10
3608023.0787
 20
488439.7329
 10
3607940.2805
 20
484119.9578
 10
3609855.4262
 20
478646.3074
 10
3612622.4284
 20
472335.6883
 10
3615400.0757
 20
468253.609
 10
3618009.4076
 20
465449.621
 10
3615744.4779
 20
466146.7975
 10
3611232.6418
 20
466147.7604
 10
3604821.2766
 20
463047.7036
 10
3600029.5723
 20
456773.0369
 10
3597088.3556
 20
451660.5871
 10
3595368.5375
 20
452374.6437
 10
3593885.4186
 20
453005.8551
 10
3590610.8578
 20
453232.0817
 10
3585091.8209
 20
452405.1173
 10
3579293.0725
 20
450034.5487
 10
3573207.6956
 20
444139.6121
 10
3568303.7689
 20
437028.9641
 10
3565508.0185
 20
430160.2938
 10
3563150.1756
 20
429837.3825
 10
3559193.1328
 20
428481.3427
 10
3556041.0626
 20
425305.088
 10
3551467.5344
 20
422167.2731
 10
3551016.3517
 20
423348.0526
 10
3548020.1299
 20
424657.0023
 10
3544133.7564
 20
425551.0965
 10
3544097.1339
 20
425538.8165
 10
3539055.6041
 20
423867.0911
 10
3538146.5282
 20
426309.5332
 10
3535351.9599
 20
427535.3118
 10
3528478.1366
 20
427650.6857
 10
3522086.4615
 20
426701.0553
 10
3513313.7634
 20
423073.8485
 10
3506968.3614
 20
416442.095
 10
3504150.7459
 20
416715.3777
 10
3499394.6529
 20
417073.7749
 10
3492096.549
 20
416315.8791
 10
3486643.6187
 20
412253.898
 10
3482580.3103
 20
405974.37
 10
3479453.261
 20
406428.4569
 10
3470717.4952
 20
406136.1598
 10
3462205.8949
 20
404177.3342
 10
3455946.5632
 20
401267.0963
 10
3453601.5289
 20
398913.1969
 10
3449290.4656
 20
399318.5336
 10
3444258.2718
 20
399528.2505
 10
3438993.3517
 20
398261.3644
 10
3435362.1457
 20
395485.4705
 10
3434670.5187
 20
395300.002
 10
3433478.9532
 20
395013.0983
 10
3432278.7733
 20
393456.2042
 10
3429046.7651
 20
394035.885
 10
3423792.9737
 20
391996.8963
 10
3419351.2943
 20
388763.3735
 10
3415458.4986
 20
383775.0343
 10
3413122.2795
 20
378767.8061
 10
3413110.332
 20
378742.1553
 10
3409653.3692
 20
380469.0352
 10
3406764.0397
 20
381254.8641
 10
3406610.1966
 20
381296.7425
 10
3400050.6423
 20
381140.8624
 10
3394797.4351
 20
378913.866
 10
3389431.7342
 20
375790.1951
 10
3387857.0251
 20
374406.4271
 10
3384942.4001
 20
371847.4754
 10
3382394.775
 20
368990.1927
 10
3382274.7297
 20
369058.7978
 10
3379940.4956
 20
370392.0701
 10
3377161.6522
 20
370656.7467
 10
3373402.2177
 20
370528.5934
 10
3371185.3332
 20
369892.2226
 10
3368334.9262
 20
371951.0793
 10
3364677.4887
 20
372051.46
 10
3362796.3824
 20
371665.4757
 10
3360175.7688
 20
373345.8275
 10
3355015.6411
 20
372975.6736
 10
3353445.0501
 20
372274.6206
 10
3351445.3596
 20
373722.2687
 10
3345413.3098
 20
374794.0146
 10
3343540.9926
 20
374317.2195
 10
3341231.8804
 20
373730.2253
 10
3339537.2126
 20
372947.1984
 10
3336662.0776
 20
375546.6593
 10
3330752.5379
 20
379788.0299
 10
3326899.9526
 20
381558.6972
 10
3324397.6833
 20
381064.8136
 10
3323146.385
 20
382623.4689
 10
3322062.923
 20
387121.1581
 10
3320974.6871
 20
391154.2173
 10
3318998.7758
 20
396282.1462
 10
3313733.1142
 20
400334.1024
 10
3304394.5389
 20
400464.8995
 10
3299833.2641
 20
399255.388
 10
3297074.3521
 20
398316.4419
 10
3297108.6784
 20
399731.3354
 10
3296551.2553
 20
401424.1608
 10
3295369.278
 20
403369.7622
 10
3291174.5233
 20
407499.406
 10
3288279.4761
 20
409388.6684
 10
3288203.0928
 20
411330.2278
 10
3285979.8905
 20
416640.1853
 10
3282648.1527
 20
419700.2406
 10
3280232.0253
 20
420758.0056
 10
3277488.5034
 20
422251.3116
 10
3274604.8747
 20
423535.6103
 10
3271878.7637
 20
424277.1723
 10
3268672.8101
 20
424209.1839
 10
3265973.1642
 20
423532.1235
 10
3262739.4982
 20
423131.3368
 10
3261246.9602
 20
424023.7514
 10
3259926.1604
 20
425144.9545
 10
3257275.3547
 20
425008.7997
 10
3254762.054
 20
425394.4851
 10
3252537.5017
 20
426400.2393
 10
3247532.0463
 20
427689.9528
 10
3242872.4052
 20
427011.0646
 10
3239522.4449
 20
425330.6613
 10
3238887.0291
 20
425012.1685
 10
3234206.8063
 20
422424.1657
 10
3230440.5126
 20
421039.9697
 10
3227665.2158
 20
417001.4016
 10
3225134.703
 20
412689.4143
 10
3222427.5232
 20
409172.7646
 10
3220875.754
 20
406814.1334
 10
3218289.0798
 20
402983.0624
 10
3216670.4204
 20
399536.1932
 10
3215840.3417
 20
394392.9007
 10
3214885.5551
 20
389082.9672
 10
3215252.4067
 20
384675.5125
 10
3216399.873
 20
382861.7921
 10
3217566.3881
 20
381018.146
 10
3217699.4905
 20
378093.6998
 10
3217799.5779
 20
373731.8747
 10
3219389.7872
 20
368955.12
 10
3220575.8737
 20
367163.8167
 10
3220260.0036
 20
366314.8278
 10
3220343.8294
 20
364810.569
 10
3220988.4883
 20
360547.1152
 10
3221188.5798
 20
360106.8746
 10
3223466.5847
 20
355093.6449
 10
3225109.3541
 20
352506.3798
 10
3223785.7881
 20
349828.6968
 10
3223993.7664
 20
346302.0783
 10
3224547.9304
 20
343225.8054
 10
3225486.3218
 20
339668.9406
 10
3226023.2396
 20
338416.5
 10
3225323.3427
 20
338335.6508
 10
3224509.7413
 20
338073.8024
 10
3221507.2821
 20
336312.9738
 10
3220044.2408
 20
335599.2633
 10
3216650.5511
 20
336244.5769
 10
3212678.4378
 20
336895.5753
 10
3207257.4138
 20
336896.2519
 10
3204105.991
 20
334679.7247
 10
3202103.2387
 20
335098.5265
 10
3198295.3497
 20
335498.5481
 10
3195207.9523
 20
335391.1605
 10
3191515.4375
 20
335263.9514
 10
3189503.1742
 20
335048.0952
 10
3183960.3
 20
334454.5524
 10
3180147.5734
 20
332870.1096
 10
3179643.0125
 20
332512.5849
 10
3179195.1204
 20
332194.5104
 10
3178905.2894
 20
331989.3483
 10
3178608.1939
 20
331779.1265
 10
3178768.9307
 20
332781.2536
 10
3179100.5093
 20
334029.8093
 10
3179331.079
 20
334944.6233
 10
3179634.5455
 20
336151.0193
 10
3179750.0412
 20
336610.2532
 10
3179529.3972
 20
341037.0377
 10
3178939.2241
 20
343752.9963
 10
3178679.1813
 20
344949.7792
 10
3177856.2861
 20
346314.3991
 10
3175790.5146
 20
349741.8855
 10
3174195.3729
 20
352116.3096
 10
3174503.2583
 20
353950.0821
 10
3174993.7615
 20
358556.2493
 10
3174212.0147
 20
363793.1423
 10
3173814.1078
 20
366459.4687
 10
3172986.2949
 20
369597.3734
 10
3172617.2452
 20
371136.291
 10
3172393.5278
 20
372069.3708
 10
3170839.2063
 20
374945.4238
 10
3169032.534
 20
377094.0177
 10
3166014.6905
 20
379841.2689
 10
3163738.0487
 20
381391.8489
 10
3159038.8241
 20
384096.8152
 10
3154905.8863
 20
385230.882
 10
3154395.0174
 20
385314.8108
 10
3149322.571
 20
386149.217
 10
3145532.7423
 20
386277.5701
 10
3140571.0082
 20
384330.3321
 10
3137047.3385
 20
382745.5695
 10
3131833.3975
 20
380386.3498
 10
3127301.6985
 20
376223.3507
 10
3125315.3092
 20
373281.4003
 10
3125098.4985
 20
372282.1545
 10
3123785.0211
 20
372800.4344
 10
3120915.0936
 20
373062.5228
 10
3114493.9145
 20
373514.1727
 10
3109941.0484
 20
372545.2819
 10
3105357.2266
 20
372638.4819
 10
3100100.1203
 20
372158.5837
 10
3094542.4477
 20
369469.4105
 10
3094328.8079
 20
369247.7248
 10
3089795.7459
 20
364555.5378
 10
3087173.6126
 20
359203.1437
 10
3083392.6505
 20
351547.4471
 10
3081216.4524
 20
344727.7215
 10
3081012.8276
 20
343748.2108
 10
3080672.6542
 20
342109.9878
 10
3079978.96
 20
338773.8536
 10
3079559.6671
 20
337251.6237
 10
3079124.2333
 20
335671.9237
 10
3078218.5845
 20
332386.675
 10
3076769.9689
 20
329306.5154
 10
3075251.1853
 20
326079.1465
 10
3073258.7254
 20
323366.1291
 10
3071447.5958
 20
323534.31
 10
3068780.6795
 20
323649.228
 10
3065101.8712
 20
320770.1878
 10
3064980.2703
 20
320614.8233
 10
3062456.8067
 20
317399.0597
 10
3061403.1386
 20
315877.0372
 10
3061398.987
 20
315870.8869
 10
3061386.3058
 20
315852.4397
 10
3061381.9329
 20
315846.6575
 10
3061302.9893
 20
316745.7991
 10
3061166.3037
 20
317853.4472
 10
3060872.4552
 20
319085.8872
 10
3060828.7758
 20
319348.2347
 10
3060496.0787
 20
321344.2061
 10
3061584.9646
 20
323334.8036
 10
3062367.9829
 20
326184.9398
 10
3062295.7159
 20
329290.8295
 10
3062267.3656
 20
330506.5271
 10
3062334.7733
 20
332930.4092
 10
3062414.5581
 20
335804.983
 10
3061905.9284
 20
338984.284
 10
3058906.0144
 20
344779.2606
 10
3055852.3153
 20
347548.0376
 10
3054852.8041
 20
348252.2825
 10
3054333.8707
 20
348618.0212
 10
3053623.3955
 20
349640.3004
 10
3051542.8587
 20
353922.6606
 10
3046413.2152
 20
357591.6239
 10
3040688.3742
 20
359911.8834
 10
3038549.2425
 20
360876.4908
 10
3037496.338
 20
361764.0668
 10
3033743.4014
 20
363352.7228
 10
3028517.5679
 20
364352.1688
 10
3023954.2544
 20
365907.9323
 10
3021975.3239
 20
366551.6744
 10
3020666.4682
 20
366759.9306
 10
3018386.0779
 20
366961.3709
 10
3017665.5657
 20
367025.2682
 10
3013555.8538
 20
366362.7639
 10
3009032.0587
 20
364830.5764
 10
3005593.2384
 20
362668.1885
 10
3003720.2438
 20
361491.3146
 10
3002139.4096
 20
360185.4948
 10
2999281.2527
 20
357826.4155
 10
2995016.4509
 20
352847.8504
 10
2993655.2558
 20
348696.3545
 10
2993073.77
 20
346923.9187
 10
2992439.7765
 20
342941.0683
 10
2992244.6468
 20
341715.6362
 10
2990902.0788
 20
335951.3791
 10
2990547.955
 20
328066.1902
 10
2991288.2758
 20
322024.8869
 10
2990907.5046
 20
317669.1504
 10
2989766.1255
 20
317436.9121
 10
2989446.692
 20
317372.1745
 10
2987379.8309
 20
315225.7268
 10
2985210.7786
 20
309367.6013
 10
2984857.2151
 20
308183.446
 10
2984070.9717
 20
308168.2072
 10
2982428.8688
 20
307081.06
 10
2981300.4289
 20
306530.7938
 10
2979323.8308
 20
306784.5671
 10
2977423.0264
 20
306660.7459
 10
2976244.4361
 20
307863.8937
 10
2972466.7202
 20
308868.3227
 10
2967215.4509
 20
309305.4181
 10
2962849.0462
 20
308395.3281
 10
2958854.2905
 20
305707.517
 10
2956222.3152
 20
302859.7658
 10
2953915.1861
 20
299713.4298
 10
2953725.9248
 20
298809.9264
 10
2952128.267
 20
298774.5889
 10
2948686.1702
 20
298668.5283
 10
2943961.3283
 20
297325.3045
 10
2943586.6306
 20
297102.6784
 10
2939785.53
 20
294849.1687
 10
2937841.2622
 20
292741.6628
 10
2936966.2596
 20
292542.8828
 10
2935489.8668
 20
292643.524
 10
2932854.381
 20
291883.6188
 10
2931761.7271
 20
291519.2586
 10
2930345.4633
 20
293143.1115
 10
2928245.6923
 20
294146.9357
 10
2927510.3965
 20
294295.7934
 10
2926786.8407
 20
294442.6033
 10
2928112.1515
 20
295004.9573
 10
2929185.1221
 20
296057.0269
 10
2930327.7018
 20
298097.8839
 10
2930995.2919
 20
299291.3452
 10
2931762.2257
 20
300910.6247
 10
2932872.365
 20
303421.8874
 10
2932860.5383
 20
306093.7475
 10
2932123.7622
 20
307911.0521
 10
2932575.0197
 20
308247.5151
 10
2933525.4816
 20
309113.3328
 10
2934211.9696
 20
311213.1008
 10
2934447.9808
 20
313213.6821
 10
2934497.2011
 20
315862.3184
 10
2934101.6338
 20
318992.1755
 10
2933995.0569
 20
319834.2289
 10
2933258.0774
 20
322471.1862
 10
2931719.647
 20
325036.3003
 10
2931470.9109
 20
325616.7161
 10
2931226.4982
 20
326187.1846
 10
2930166.5325
 20
327515.7169
 10
2929076.4913
 20
329408.3573
 10
2926810.3152
 20
331416.1383
 10
2924740.3393
 20
332901.0996
 10
2922413.9227
 20
333679.2697
 10
2919163.5977
 20
334135.4862
 10
2916228.0608
 20
334482.3163
 10
2912870.9717
 20
333853.0164
 10
2911048.3331
 20
333122.1887
 10
2909380.1575
 20
333433.3986
 10
2905650.3949
 20
333708.3257
 10
2902929.586
 20
332612.1442
 10
2900320.5621
 20
332475.1937
 10
2896064.8802
 20
332087.6909
 10
2890624.1882
 20
330314.086
 10
2888877.1307
 20
329061.0114
 10
2887948.6139
 20
329737.7922
 10
2886883.4143
 20
330253.2643
 10
2886313.1021
 20
330529.2879
 10
2883530.9554
 20
331522.0548
 10
2880362.5237
 20
331934.3889
 10
2877548.7926
 20
331906.1917
 10
2874394.671
 20
331502.8626
 10
2872325.052
 20
330902.653
 10
2871625.433
 20
330350.2708
 10
2871018.2752
 20
331314.2543
 10
2870540.9731
 20
331799.9149
 10
2869090.1711
 20
332505.2476
 10
2868317.7325
 20
332494.1872
 10
2868282.8805
 20
333016.1482
 10
2868084.252
 20
333893.1868
 10
2867503.8333
 20
336008.6918
 10
2866745.5847
 20
338981.0287
 10
2864069.2346
 20
342122.3416
 10
2861225.7427
 20
343282.3528
 10
2859852.9068
 20
343431.8536
 10
2859822.582
 20
344446.6849
 10
2858789.3123
 20
347109.2533
 10
2857070.8671
 20
350154.5816
 10
2854606.5225
 20
353356.2712
 10
2851836.8558
 20
355911.7021
 10
2849462.9959
 20
357796.872
 10
2846187.8151
 20
359399.8154
 10
2841922.7272
 20
360536.8806
 10
2837883.5068
 20
360833.398
 10
2834089.4245
 20
360545.0014
 10
2830866.8766
 20
359767.2461
 10
2829414.2977
 20
358820.5776
 10
2828287.6917
 20
360351.7784
 10
2825550.4391
 20
361180.7233
 10
2822683.6618
 20
361559.5167
 10
2818623.3545
 20
360883.4873
 10
2816734.9246
 20
360076.7291
 10
2815270.8046
 20
358892.0745
 10
2814623.7376
 20
359688.5209
 10
2813693.639
 20
360852.1295
 10
2810442.249
 20
362927.3356
 10
2805866.2114
 20
363450.8683
 10
2802434.343
 20
362381.4046
 10
2797552.4121
 20
361648.7269
 10
2794395.1226
 20
361043.4897
 10
2790951.5164
 20
359870.8619
 10
2787731.4003
 20
358809.3779
 10
2785640.1723
 20
358201.5349
 10
2783848.6513
 20
357932.8042
 10
2781958.7555
 20
357834.9274
 10
2778334.6215
 20
357110.5644
 10
2776549.0685
 20
356383.012
 10
2774839.1769
 20
355438.9095
 10
2773988.4268
 20
354796.7856
 10
2772645.1606
 20
353333.7973
 10
2771409.5505
 20
351942.7634
 10
2769093.2637
 20
348610.4324
 10
2767462.2323
 20
345404.6079
 10
2764638.6402
 20
341996.8792
 10
2761842.9476
 20
338212.5292
 10
2761271.5664
 20
336284.9051
 10
2760660.6152
 20
334226.353
 10
2759566.4632
 20
330215.1299
  0
LWPOLYLINE
  5
28A
330
17
100
AcDbEntity
  8
COUNTY_BOUNDARY
100
AcDbPolyline
 90
58
 70
0
 10
-12509707.7141
 20
12855423.1562
 10
-12516100.854
 20
12853701.845
 10
-12520359.315
 20
12849035.288
 10
-12527849.0514
 20
12843088.6501
 10
-12530373.062
 20
12838003.1267
 10
-12535333.3369
 20
12833602.7047
 10
-12538103.6011
 20
12826491.0516
 10
-12538371.6422
 20
12820861.8059
 10
-12538594.4264
 20
12819954.9573
 10
-12539261.5524
 20
12817233.5036
 10
-12539527.9373
 20
12811886.6944
 10
-12539030.9537
 20
12811455.3661
 10
-12540929.8352
 20
12804843.407
 10
-12541180.2828
 20
12793543.9726
 10
-12536265.013
 20
12783446.9159
 10
-12530247.101
 20
12776704.8253
 10
-12528425.1633
 20
12774671.9414
 10
-12528292.6963
 20
12774614.1723
 10
-12525997.3842
 20
12773075.8575
 10
-12523905.8059
 20
12772307.9385
 10
-12522511.9453
 20
12771955.8853
 10
-12521414.764
 20
12767109.8193
 10
-12517159.8147
 20
12761662.6733
 10
-12509383.7928
 20
12757627.4905
 10
-12504618.3473
 20
12755401.2257
 10
-12497615.7778
 20
12754603.4396
 10
-12495012.2228
 20
12755202.0736
 10
-12493365.5428
 20
12754573.8063
 10
-12487676.8263
 20
12753454.1784
 10
-12478530.6286
 20
12753654.1407
 10
-12472551.7544
 20
12755708.7817
 10
-12467806.8473
 20
12759169.6265
 10
-12464886.6475
 20
12763848.4951
 10
-12463059.3414
 20
12766774.1002
 10
-12461616.4213
 20
12773824.9628
 10
-12459141.832
 20
12774767.2573
 10
-12456697.553
 20
12776882.2356
 10
-12454659.7477
 20
12779958.8145
 10
-12453342.0392
 20
12784345.0291
 10
-12452674.267
 20
12789612.1033
 10
-12452971.2225
 20
12792533.1877
 10
-12450059.9153
 20
12796565.6617
 10
-12447246.5457
 20
12803020.3004
 10
-12447276.0342
 20
12807790.7368
 10
-12449448.4573
 20
12812896.4154
 10
-12454260.5004
 20
12822906.3729
 10
-12455235.301
 20
12826477.9066
 10
-12458404.2611
 20
12832315.9102
 10
-12462992.6591
 20
12835843.5513
 10
-12468779.2244
 20
12837388.5384
 10
-12470622.7202
 20
12840185.5588
 10
-12472021.2
 20
12841814.4289
 10
-12474761.5578
 20
12849388.4571
 10
-12478580.2172
 20
12853282.2526
 10
-12486134.0025
 20
12856334.542
 10
-12497980.9349
 20
12855251.565
 10
-12499495.5755
 20
12854157.6182
 10
-12509707.7141
 20
12855423.1562
  0
LWPOLYLINE
  5
28B
330
17
100
AcDbEntity
  8
COUNTY_BOUNDARY
100
AcDbPolyline
 90
112
 70
0
 10
-12656920.1238
 20
13020737.95
 10
-12665874.6767
 20
13019023.8982
 10
-12673694.1662
 20
13012360.1383
 10
-12673137.928
 20
13009820.4332
 10
-12676947.0577
 20
13005777.1868
 10
-12679328.3915
 20
13001384.285
 10
-12681068.1579
 20
12993754.2728
 10
-12684944.6879
 20
12989001.5481
 10
-12688313.7835
 20
12982181.6656
 10
-12688185.0535
 20
12972697.7742
 10
-12691481.4841
 20
12964313.1468
 10
-12696099.2342
 20
12958305.3447
 10
-12700066.7906
 20
12950815.0843
 10
-12700124.3099
 20
12943022.426
 10
-12696919.9163
 20
12935797.2392
 10
-12695855.2713
 20
12934999.5897
 10
-12696896.2502
 20
12932272.2817
 10
-12695657.3474
 20
12927817.9502
 10
-12694706.4042
 20
12927314.776
 10
-12699052.4683
 20
12921479.2794
 10
-12702434.6057
 20
12915939.8174
 10
-12703557.753
 20
12913744.3133
 10
-12708857.2111
 20
12911409.7069
 10
-12713679.0885
 20
12905828.1908
 10
-12714732.6337
 20
12899419.9992
 10
-12719136.5365
 20
12892206.8834
 10
-12720888.8101
 20
12889333.8604
 10
-12724939.5346
 20
12881076.4523
 10
-12729202.4581
 20
12871197.3793
 10
-12732756.9705
 20
12865665.1425
 10
-12739389.6543
 20
12862263.5512
 10
-12744391.9944
 20
12856256.0035
 10
-12746697.3083
 20
12848582.6494
 10
-12748497.0924
 20
12839438.2959
 10
-12747027.1256
 20
12831008.9001
 10
-12743463.7965
 20
12825599.8115
 10
-12740251.5571
 20
12822892.732
 10
-12738648.4466
 20
12822961.6303
 10
-12739746.353
 20
12820070.519
 10
-12738677.8295
 20
12813521.2936
 10
-12737326.0938
 20
12809132.6082
 10
-12735684.0886
 20
12809814.1103
 10
-12736225.3617
 20
12806234.6239
 10
-12734649.9494
 20
12799222.9269
 10
-12729824.2282
 20
12788779.7539
 10
-12728435.4859
 20
12787449.5897
 10
-12728999.4248
 20
12782560.5061
 10
-12728484.205
 20
12775334.0139
 10
-12722888.0655
 20
12768945.661
 10
-12718287.5396
 20
12766701.1925
 10
-12714418.7176
 20
12765238.2544
 10
-12712724.8285
 20
12765149.3947
 10
-12708551.6321
 20
12764186.8119
 10
-12700649.8418
 20
12766416.4657
 10
-12693662.923
 20
12773643.0475
 10
-12692287.8171
 20
12778151.9769
 10
-12688478.93
 20
12782069.1566
 10
-12686338.599
 20
12789618.901
 10
-12686500.4815
 20
12793029.9409
 10
-12686596.4668
 20
12793036.1125
 10
-12683943.7082
 20
12796030.8321
 10
-12680969.7959
 20
12800345.0418
 10
-12678064.9651
 20
12807336.8933
 10
-12678578.5517
 20
12813886.4613
 10
-12680047.0935
 20
12819553.3074
 10
-12683363.9226
 20
12822408.6761
 10
-12681522.2669
 20
12828385.1762
 10
-12681611.9009
 20
12834745.7562
 10
-12682763.6331
 20
12838591.2629
 10
-12681487.4531
 20
12840353.1872
 10
-12680233.0219
 20
12842083.5301
 10
-12675936.2975
 20
12845449.854
 10
-12672962.0003
 20
12850041.1158
 10
-12670550.7882
 20
12855534.629
 10
-12670217.6419
 20
12862484.1618
 10
-12671175.5656
 20
12864661.9857
 10
-12669869.878
 20
12868900.6427
 10
-12665811.1331
 20
12874462.5712
 10
-12661740.509
 20
12878655.7042
 10
-12656220.637
 20
12884636.0031
 10
-12654891.2165
 20
12890016.6646
 10
-12652595.4355
 20
12892251.1262
 10
-12649815.7213
 20
12892761.4984
 10
-12644460.0217
 20
12893796.5405
 10
-12639713.6809
 20
12897438.9702
 10
-12636540.1613
 20
12902204.2974
 10
-12634903.8888
 20
12907347.2768
 10
-12634203.1715
 20
12913333.4912
 10
-12636099.8695
 20
12916547.1141
 10
-12635159.4836
 20
12920338.7494
 10
-12636062.2802
 20
12922866.5688
 10
-12633385.8388
 20
12927994.4442
 10
-12630712.5758
 20
12935817.0686
 10
-12630088.008
 20
12942615.6393
 10
-12631066.7135
 20
12948863.6707
 10
-12630419.7866
 20
12954707.0375
 10
-12628954.8642
 20
12958334.5752
 10
-12629840.6974
 20
12962081.7314
 10
-12628631.5032
 20
12966381.2942
 10
-12627963.8625
 20
12971841.9095
 10
-12629362.7158
 20
12975408.709
 10
-12630628.8312
 20
12978893.6046
 10
-12627323.2848
 20
12988526.9393
 10
-12627892.6319
 20
12992853.8696
 10
-12628024.4713
 20
13001307.3054
 10
-12629382.3167
 20
13009329.1435
 10
-12632155.5029
 20
13013978.6474
 10
-12637040.576
 20
13018726.048
 10
-12642509.0225
 20
13020473.2601
 10
-12644721.9946
 20
13020778.1709
 10
-12648998.4198
 20
13020874.2583
 10
-12656920.1238
 20
13020737.95
  0
LWPOLYLINE
  5
28C
330
17
100
AcDbEntity
  8
COUNTY_BOUNDARY
100
AcDbPolyline
 90
49
 70
0
 10
-12607449.4214
 20
13126233.8693
 10
-12611679.5988
 20
13125989.1429
 10
-12618084.0422
 20
13123649.6801
 10
-12623579.1184
 20
13118877.0714
 10
-12624267.551
 20
13117937.7049
 10
-12627038.0976
 20
13114154.432
 10
-12630851.5265
 20
13107040.0206
 10
-12631271.0763
 20
13104056.5342
 10
-12634766.4698
 20
13102262.4747
 10
-12638141.0811
 20
13100282.7213
 10
-12642190.0639
 20
13094594.5477
 10
-12644020.9257
 20
13089082.8622
 10
-12643954.9225
 20
13082907.4677
 10
-12643303.4025
 20
13079069.4231
 10
-12641997.2608
 20
13078382.6267
 10
-12643248.1986
 20
13075886.8149
 10
-12642086.0163
 20
13071289.0843
 10
-12643544.6448
 20
13067256.4275
 10
-12645458.2927
 20
13060783.9282
 10
-12644146.2094
 20
13054098.434
 10
-12640609.3669
 20
13047287.2691
 10
-12637808.8286
 20
13042994.6883
 10
-12635399.9998
 20
13040062.0925
 10
-12634192.4901
 20
13039704.7906
 10
-12634150.0536
 20
13039692.1276
 10
-12630007.2422
 20
13037791.5486
 10
-12624870.07
 20
13036096.5325
 10
-12617942.5198
 20
13037251.2068
 10
-12613510.9598
 20
13039444.7967
 10
-12609520.476
 20
13043514.2909
 10
-12606524.7279
 20
13050573.4564
 10
-12604467.2073
 20
13053369.5789
 10
-12598674.5934
 20
13057011.41
 10
-12594591.2537
 20
13063220.9158
 10
-12592955.1926
 20
13068647.5682
 10
-12589759.2995
 20
13073497.6725
 10
-12587839.7371
 20
13082308.7761
 10
-12587729.1717
 20
13086745.3589
 10
-12586957.2
 20
13091460.49
 10
-12587684.7793
 20
13095451.6721
 10
-12588420.9346
 20
13096544.4547
 10
-12587260.9035
 20
13100964.5178
 10
-12586873.8402
 20
13108443.2175
 10
-12587890.1362
 20
13113336.511
 10
-12590473.3932
 20
13117889.3052
 10
-12594754.2941
 20
13121658.6337
 10
-12600370.7692
 20
13124442.1069
 10
-12602850.934
 20
13125436.269
 10
-12607449.4214
 20
13126233.8693
  0
LWPOLYLINE
  5
28D
330
17
100
AcDbEntity
  8
COUNTY_BOUNDARY
100
AcDbPolyline
 90
67
 70
0
 10
-12539801.745
 20
13168590.5159
 10
-12545751.2769
 20
13168016.154
 10
-12549719.8232
 20
13165842.9626
 10
-12551583.2036
 20
13163386.0318
 10
-12556925.8033
 20
13163275.948
 10
-12564493.7281
 20
13160327.5101
 10
-12569982.4779
 20
13154016.5958
 10
-12573352.1997
 20
13148418.7546
 10
-12574336.1458
 20
13138768.5137
 10
-12572527.4429
 20
13129410.4185
 10
-12567785.458
 20
13120471.6868
 10
-12566593.3574
 20
13118448.4542
 10
-12568498.9226
 20
13116244.6337
 10
-12570213.9998
 20
13113628.2386
 10
-12572974.4211
 20
13109413.38
 10
-12574390.4096
 20
13104141.4555
 10
-12577284.5883
 20
13101182.2184
 10
-12579217.0765
 20
13094121.7895
 10
-12578025.2696
 20
13084752.1037
 10
-12574668.9264
 20
13077988.8193
 10
-12573122.6062
 20
13076543.8881
 10
-12578145.7769
 20
13072495.1341
 10
-12582308.0098
 20
13064828.5221
 10
-12584403.9331
 20
13057373.6019
 10
-12587424.9416
 20
13048813.2103
 10
-12588088.4932
 20
13042923.5355
 10
-12586722.804
 20
13036395.8841
 10
-12583135.5362
 20
13031164.8075
 10
-12579734.8696
 20
13026572.1547
 10
-12573527.329
 20
13022403.5821
 10
-12567229.0339
 20
13018957.8501
 10
-12559998.0023
 20
13016197.4529
 10
-12551951.5676
 20
13013701.3331
 10
-12550300.9647
 20
13013212.3032
 10
-12545207.5525
 20
13013591.0838
 10
-12539530.6243
 20
13014610.6705
 10
-12531713.5527
 20
13018063.9884
 10
-12527473.9599
 20
13023779.2835
 10
-12524595.7486
 20
13030595.6815
 10
-12523732.5768
 20
13033836.6204
 10
-12521831.3929
 20
13040960.9268
 10
-12519943.6634
 20
13048971.3488
 10
-12519070.8199
 20
13051575.8193
 10
-12517560.9412
 20
13056194.3752
 10
-12518140.6659
 20
13059809.1716
 10
-12520488.5153
 20
13065600.5574
 10
-12523902.9636
 20
13071389.439
 10
-12528132.2727
 20
13076451.0129
 10
-12530513.818
 20
13078263.1307
 10
-12530644.1122
 20
13078606.6078
 10
-12529259.6888
 20
13084492.0433
 10
-12529704.4728
 20
13090924.1805
 10
-12530732.7457
 20
13094075.4747
 10
-12531569.4758
 20
13109639.9463
 10
-12525842.2428
 20
13113192.692
 10
-12521792.6607
 20
13116332.9428
 10
-12518254.7377
 20
13122120.5088
 10
-12517614.9736
 20
13125487.404
 10
-12516727.2322
 20
13126702.1846
 10
-12513483.6103
 20
13131613.6399
 10
-12511885.454
 20
13137969.429
 10
-12513549.9112
 20
13146978.051
 10
-12515830.4995
 20
13149455.4255
 10
-12518336.0135
 20
13156309.7826
 10
-12523856.0522
 20
13162174.0035
 10
-12531043.9944
 20
13166532.0565
 10
-12539801.745
 20
13168590.5159
  0
LWPOLYLINE
  5
28E
330
17
100
AcDbEntity
  8
COUNTY_BOUNDARY
100
AcDbPolyline
 90
36
 70
0
 10
-12606375.1078
 20
13170376.7803
 10
-12607328.6411
 20
13170239.6424
 10
-12608754.707
 20
13169688.2174
 10
-12609514.4014
 20
13169433.4874
 10
-12610294.415
 20
13169176.0251
 10
-12612329.0013
 20
13167915.7052
 10
-12614859.6029
 20
13165272.2422
 10
-12615844.2
 20
13163763.4269
 10
-12617711.2474
 20
13161867.622
 10
-12618305.6804
 20
13160865.2933
 10
-12620112.5692
 20
13156150.6986
 10
-12620710.0466
 20
13154180.0376
 10
-12621316.7919
 20
13152545.8768
 10
-12619239.7953
 20
13141955.6195
 10
-12616178.4997
 20
13137636.619
 10
-12613030.9465
 20
13134883.7043
 10
-12612435.3187
 20
13134362.8133
 10
-12606293.1203
 20
13132470.1188
 10
-12601754.6089
 20
13132681.6314
 10
-12600262.4326
 20
13132979.7366
 10
-12597323.5574
 20
13133829.6529
 10
-12590863.7142
 20
13136783.6851
 10
-12584911.2341
 20
13143778.3153
 10
-12583657.6523
 20
13152046.3146
 10
-12585633.2037
 20
13160249.1853
 10
-12586502.4518
 20
13161207.0356
 10
-12587648.3489
 20
13162391.6992
 10
-12589342.8382
 20
13164663.4069
 10
-12591858.8021
 20
13166435.7393
 10
-12594235.8908
 20
13168146.7025
 10
-12595598.8381
 20
13168820.6483
 10
-12597494.3796
 20
13169585.2562
 10
-12599127.813
 20
13169778.8285
 10
-12601559.82
 20
13170245.581
 10
-12605112.6326
 20
13170558.2032
 10
-12606375.1078
 20
13170376.7803
  0
LWPOLYLINE
  5
28F
330
17
100
AcDbEntity
  8
COUNTY_BOUNDARY
100
AcDbPolyline
 90
52
 70
0
 10
-12545266.0099
 20
13333612.5674
 10
-12547979.303
 20
13332785.5843
 10
-12549916.1435
 20
13331900.0433
 10
-12551652.4902
 20
13330866.5246
 10
-12552468.7059
 20
13330295.1641
 10
-12553891.2927
 20
13329456.7311
 10
-12555826.4029
 20
13327352.3679
 10
-12557463.8944
 20
13325378.6031
 10
-12558738.4092
 20
13323492.6954
 10
-12560273.7626
 20
13321090.7243
 10
-12561631.8617
 20
13318226.7787
 10
-12562183.3398
 20
13315247.2464
 10
-12561974.8574
 20
13312970.2844
 10
-12561015.5984
 20
13310111.2095
 10
-12560479.8801
 20
13309088.9184
 10
-12559626.0018
 20
13307460.1589
 10
-12559186.169
 20
13306288.9786
 10
-12556896.8715
 20
13303263.0273
 10
-12554479.503
 20
13300789.2905
 10
-12551366.7004
 20
13298256.966
 10
-12549173.7563
 20
13297153.8797
 10
-12545886.7602
 20
13296123.2799
 10
-12543583.1981
 20
13295931.58
 10
-12542439.1153
 20
13296022.8358
 10
-12540059.5473
 20
13296591.1607
 10
-12537882.2681
 20
13296900.8956
 10
-12535073.7484
 20
13297677.0707
 10
-12532972.1235
 20
13298916.2971
 10
-12531241.7382
 20
13300316.4438
 10
-12529605.6772
 20
13302074.7058
 10
-12528099.984
 20
13303750.0329
 10
-12526688.2392
 20
13305811.155
 10
-12525139.1242
 20
13308243.0253
 10
-12524503.0208
 20
13310346.4114
 10
-12524446.9737
 20
13310812.8112
 10
-12524250.5627
 20
13312433.6237
 10
-12523996.6455
 20
13313549.0246
 10
-12523902.8792
 20
13314267.3642
 10
-12523956.275
 20
13314983.8403
 10
-12524183.8864
 20
13316811.2159
 10
-12524273.4201
 20
13317925.5327
 10
-12525043.5327
 20
13319380.3092
 10
-12525912.0886
 20
13321099.5337
 10
-12527262.9979
 20
13323458.6418
 10
-12529075.7568
 20
13325660.6466
 10
-12531736.8945
 20
13328297.8234
 10
-12533900.7515
 20
13330009.2313
 10
-12536569.2262
 20
13331688.1219
 10
-12538935.6097
 20
13332918.1854
 10
-12541208.7317
 20
13333650.3328
 10
-12542492.7938
 20
13333801.0577
 10
-12545266.0099
 20
13333612.5674
  0
LWPOLYLINE
  5
290
330
17
100
AcDbEntity
  8
COUNTY_BOUNDARY
100
AcDbPolyline
 90
175
 70
0
 10
-12637597.9557
 20
13353535.9401
 10
-12641490.1367
 20
13352743.7934
 10
-12645741.0724
 20
13351069.879
 10
-12648639.0488
 20
13349549.0839
 10
-12651350.1921
 20
13346833.8337
 10
-12653534.525
 20
13343287.8446
 10
-12655902.2679
 20
13339147.3519
 10
-12656457.6482
 20
13337741.8361
 10
-12656960.2692
 20
13336468.0278
 10
-12657425.5173
 20
13334486.2525
 10
-12657649.4166
 20
13331693.7049
 10
-12657404.5695
 20
13330207.5796
 10
-12657299.1964
 20
13329176.2286
 10
-12658048.7307
 20
13328703.2502
 10
-12658778.2648
 20
13327089.7811
 10
-12659025.527
 20
13326489.6801
 10
-12659099.8199
 20
13325777.1752
 10
-12660518.8202
 20
13324967.57
 10
-12662797.3779
 20
13322784.4762
 10
-12665234.5447
 20
13320526.7511
 10
-12667522.1479
 20
13317396.0443
 10
-12667748.1993
 20
13315714.367
 10
-12667250.1603
 20
13314542.389
 10
-12668220.8774
 20
13313876.2698
 10
-12669551.5571
 20
13312497.8125
 10
-12671073.3997
 20
13309923.4831
 10
-12673414.2765
 20
13305530.2329
 10
-12674862.2022
 20
13302891.847
 10
-12675571.5129
 20
13300411.1427
 10
-12675196.8919
 20
13296288.6729
 10
-12674584.833
 20
13292151.0605
 10
-12671913.3083
 20
13286615.6068
 10
-12669844.6506
 20
13284507.0403
 10
-12666491.1215
 20
13282042.5742
 10
-12664301.6739
 20
13280743.3849
 10
-12661497.4862
 20
13279789.9212
 10
-12659488.8061
 20
13279096.4084
 10
-12658000.8355
 20
13279106.7689
 10
-12654773.7658
 20
13279151.4571
 10
-12651341.8262
 20
13279457.1699
 10
-12649258.1693
 20
13280027.6443
 10
-12646535.6301
 20
13280807.6125
 10
-12645334.7076
 20
13282295.7014
 10
-12644468.7488
 20
13283383.9143
 10
-12638698.4543
 20
13283969.7167
 10
-12632884.4196
 20
13284560.3464
 10
-12630777.6326
 20
13284774.415
 10
-12631187.6159
 20
13283788.9496
 10
-12632207.3067
 20
13280486.9413
 10
-12632510.5567
 20
13275359.9832
 10
-12632454.836
 20
13274924.4562
 10
-12631989.4865
 20
13271299.0473
 10
-12631929.5611
 20
13270831.1365
 10
-12629731.3274
 20
13264657.6058
 10
-12628569.1931
 20
13262728.8049
 10
-12627598.9936
 20
13261661.1885
 10
-12628238.9569
 20
13260810.9641
 10
-12628240.6149
 20
13259752.5374
 10
-12628245.694
 20
13255258.2419
 10
-12626304.3353
 20
13250075.0414
 10
-12623956.5922
 20
13246865.5556
 10
-12622162.2913
 20
13244866.0105
 10
-12621700.3265
 20
13244575.1079
 10
-12622176.6087
 20
13243080.5176
 10
-12621723.7278
 20
13239758.1521
 10
-12620889.9268
 20
13236233.5155
 10
-12618397.149
 20
13232267.6762
 10
-12615487.3919
 20
13229573.484
 10
-12612506.985
 20
13227592.317
 10
-12611151.5068
 20
13227055.7422
 10
-12610774.793
 20
13226906.6019
 10
-12609654.3895
 20
13226633.501
 10
-12609566.482
 20
13224730.7755
 10
-12607437.1949
 20
13219142.3338
 10
-12605446.1324
 20
13216568.2793
 10
-12604996.0446
 20
13216374.4317
 10
-12605611.612
 20
13214342.8383
 10
-12606290.5482
 20
13209952.0926
 10
-12605923.6655
 20
13203569.1509
 10
-12603528.4647
 20
13197474.9545
 10
-12600221.9654
 20
13194047.4809
 10
-12596087.8855
 20
13191607.4503
 10
-12591962.3998
 20
13190322.1764
 10
-12587279.6984
 20
13189564.5105
 10
-12583602.396
 20
13189037.412
 10
-12579269.7465
 20
13189980.5943
 10
-12577015.2475
 20
13191550.9264
 10
-12574967.1607
 20
13193688.7905
 10
-12573236.1557
 20
13195083.9622
 10
-12570712.1623
 20
13198320.9021
 10
-12569257.1082
 20
13202665.7345
 10
-12568192.013
 20
13206722.9619
 10
-12567519.2357
 20
13211047.958
 10
-12567595.2467
 20
13214503.9784
 10
-12567909.1361
 20
13216229.6799
 10
-12569429.4955
 20
13219021.7878
 10
-12570146.9903
 20
13220845.279
 10
-12571362.7383
 20
13222127.6618
 10
-12569701.7926
 20
13228855.5685
 10
-12569046.779
 20
13231503.3528
 10
-12567800.2693
 20
13230579.7537
 10
-12563696.9492
 20
13229623.8296
 10
-12560733.038
 20
13228836.1354
 10
-12558874.6851
 20
13228363.6625
 10
-12557613.9267
 20
13228566.1299
 10
-12556484.6612
 20
13226908.2946
 10
-12550621.2616
 20
13224466.0934
 10
-12547052.7055
 20
13222959.1358
 10
-12541227.9094
 20
13222470.1206
 10
-12538114.3358
 20
13223092.7691
 10
-12533529.4557
 20
13223717.8207
 10
-12530480.1315
 20
13224347.8947
 10
-12527818.3713
 20
13225548.1995
 10
-12525499.5962
 20
13226549.5525
 10
-12522015.9381
 20
13229667.8506
 10
-12519010.0468
 20
13232270.6034
 10
-12516427.5341
 20
13236303.1107
 10
-12514620.3538
 20
13240143.2499
 10
-12513294.8411
 20
13243082.5327
 10
-12512069.5451
 20
13246854.2549
 10
-12510779.105
 20
13251401.7066
 10
-12509954.5973
 20
13253677.0424
 10
-12509643.2002
 20
13255090.0147
 10
-12508404.9172
 20
13257818.9634
 10
-12508205.9391
 20
13259966.5813
 10
-12508235.7844
 20
13263304.3729
 10
-12508278.3905
 20
13266149.451
 10
-12509219.4029
 20
13270779.4164
 10
-12510675.7242
 20
13273560.093
 10
-12513802.6792
 20
13276511.3147
 10
-12515745.1178
 20
13279052.073
 10
-12518513.5062
 20
13281694.7498
 10
-12522842.5568
 20
13285350.6041
 10
-12526805.7669
 20
13287439.6198
 10
-12531406.5221
 20
13288872.8306
 10
-12533705.3696
 20
13290084.101
 10
-12537990.0794
 20
13291752.8542
 10
-12540618.3142
 20
13291797.5431
 10
-12543569.9994
 20
13291656.1865
 10
-12545995.0583
 20
13292079.5328
 10
-12547552.3232
 20
13292100.7867
 10
-12548884.2873
 20
13291461.3292
 10
-12548902.4721
 20
13292137.1355
 10
-12549534.7386
 20
13293421.8473
 10
-12551829.0887
 20
13295043.2351
 10
-12553549.2359
 20
13296005.6548
 10
-12556483.2018
 20
13297846.18
 10
-12560857.3918
 20
13298773.9124
 10
-12563887.1118
 20
13298696.2161
 10
-12565811.0494
 20
13298622.3158
 10
-12568377.7713
 20
13298023.311
 10
-12569681.4196
 20
13297726.3992
 10
-12571094.8523
 20
13297030.8286
 10
-12572098.513
 20
13298112.3383
 10
-12573191.5674
 20
13299689.9928
 10
-12574532.3909
 20
13302199.2806
 10
-12575828.8833
 20
13303953.1819
 10
-12576395.3895
 20
13306972.8406
 10
-12577667.7493
 20
13311341.7149
 10
-12581467.8032
 20
13316870.2739
 10
-12584318.0813
 20
13319809.1557
 10
-12588616.3634
 20
13323091.9745
 10
-12593415.0125
 20
13325656.8336
 10
-12596534.2344
 20
13326803.4044
 10
-12598198.6025
 20
13327159.0029
 10
-12599413.9295
 20
13327194.2276
 10
-12599782.0729
 20
13328514.4736
 10
-12604197.3482
 20
13334370.5145
 10
-12607360.7575
 20
13337168.679
 10
-12610083.236
 20
13340345.2643
 10
-12614256.4005
 20
13345820.8239
 10
-12620244.617
 20
13350672.0617
 10
-12627400.6342
 20
13353435.6396
 10
-12633114.2651
 20
13353463.3174
 10
-12637597.9557
 20
13353535.9401
  0
LWPOLYLINE
  5
291
330
17
100
AcDbEntity
  8
COUNTY_BOUNDARY
100
AcDbPolyline
 90
78
 70
0
 10
-12516538.5525
 20
13684766.6768
 10
-12518972.5724
 20
13684731.9709
 10
-12521102.2373
 20
13683369.4206
 10
-12521894.6572
 20
13682778.4739
 10
-12523983.378
 20
13681316.0051
 10
-12526132.236
 20
13679565.3211
 10
-12528613.7024
 20
13677635.1193
 10
-12529668.8872
 20
13676776.8834
 10
-12531181.1283
 20
13675168.7137
 10
-12532126.5889
 20
13673726.8091
 10
-12534524.0676
 20
13671942.3572
 10
-12537606.7779
 20
13669650.5427
 10
-12540028.2296
 20
13667874.7776
 10
-12543234.3654
 20
13664864.7636
 10
-12545420.3822
 20
13661159.0154
 10
-12546780.9622
 20
13658978.8623
 10
-12547723.6961
 20
13656971.9894
 10
-12548574.9097
 20
13653808.0899
 10
-12549041.451
 20
13651047.7146
 10
-12549087.2365
 20
13650705.5777
 10
-12549326.4064
 20
13648903.9307
 10
-12549198.256
 20
13647545.2454
 10
-12548884.4598
 20
13646581.5912
 10
-12548609.8923
 20
13645353.9264
 10
-12548340.9835
 20
13643742.9848
 10
-12546899.9744
 20
13640722.5081
 10
-12545543.3893
 20
13637138.3538
 10
-12543641.0848
 20
13633043.8847
 10
-12541688.5083
 20
13630286.2982
 10
-12539984.7436
 20
13627608.2753
 10
-12538148.2009
 20
13625177.748
 10
-12536238.8586
 20
13623941.8042
 10
-12534045.6649
 20
13623328.5995
 10
-12532708.3377
 20
13622917.5878
 10
-12531748.7372
 20
13623076.2674
 10
-12531542.1798
 20
13622648.4508
 10
-12529231.9858
 20
13620585.521
 10
-12526261.0343
 20
13619326.7284
 10
-12522995.3674
 20
13617964.035
 10
-12520999.3731
 20
13617531.0339
 10
-12517808.7294
 20
13616918.5704
 10
-12515050.4289
 20
13617322.1708
 10
-12513009.982
 20
13617439.5826
 10
-12509993.9564
 20
13618917.9732
 10
-12508065.4563
 20
13620595.4376
 10
-12506560.3212
 20
13621548.5938
 10
-12505681.4597
 20
13622274.0378
 10
-12505648.7252
 20
13622297.632
 10
-12504223.8283
 20
13623877.1317
 10
-12502023.9031
 20
13627094.2448
 10
-12500750.3599
 20
13629431.4592
 10
-12498892.4985
 20
13633609.2263
 10
-12498774.5185
 20
13633995.5448
 10
-12497945.5318
 20
13636702.1618
 10
-12497332.1609
 20
13639871.192
 10
-12497591.7972
 20
13640737.415
 10
-12497989.7255
 20
13642025.8946
 10
-12497255.5111
 20
13642697.9913
 10
-12495709.8633
 20
13645456.8053
 10
-12494631.6402
 20
13648800.4913
 10
-12494011.7115
 20
13651103.2608
 10
-12493512.7179
 20
13654352.8586
 10
-12494288.4374
 20
13656778.4369
 10
-12494757.8234
 20
13657619.6093
 10
-12495155.3167
 20
13658435.4904
 10
-12494886.1229
 20
13658870.2887
 10
-12494128.5471
 20
13660553.5146
 10
-12493806.9581
 20
13661914.075
 10
-12493326.852
 20
13664169.2351
 10
-12493831.7269
 20
13668271.1013
 10
-12494443.0336
 20
13671418.9466
 10
-12496402.2555
 20
13674783.5107
 10
-12498409.4386
 20
13677627.7683
 10
-12501900.5091
 20
13680741.3707
 10
-12505102.0294
 20
13682939.9287
 10
-12508851.2959
 20
13684014.3364
 10
-12513518.6528
 20
13684569.4196
 10
-12516538.5525
 20
13684766.6768
  0
LWPOLYLINE
  5
292
330
17
100
AcDbEntity
  8
COUNTY_BOUNDARY
100
AcDbPolyline
 90
86
 70
0
 10
-12447974.7387
 20
14145271.7017
 10
-12450964.3378
 20
14144941.6441
 10
-12454322.9793
 20
14142907.3202
 10
-12456875.0099
 20
14141454.744
 10
-12458969.9418
 20
14140236.2504
 10
-12461201.8932
 20
14137841.1089
 10
-12461966.0172
 20
14137188.9223
 10
-12463617.5205
 20
14135141.8791
 10
-12466394.5796
 20
14131702.2771
 10
-12469461.8854
 20
14127573.2284
 10
-12471244.0627
 20
14122977.5119
 10
-12472074.4219
 20
14119644.5346
 10
-12471963.1015
 20
14117169.1096
 10
-12472066.6402
 20
14112921.0384
 10
-12472699.1403
 20
14109528.2599
 10
-12474650.9788
 20
14105415.3376
 10
-12476519.8814
 20
14100978.493
 10
-12477589.3636
 20
14096247.3776
 10
-12478524.3835
 20
14089987.3057
 10
-12478628.6482
 20
14089359.3491
 10
-12479245.1346
 20
14085637.8668
 10
-12478788.8003
 20
14081308.9051
 10
-12478459.1026
 20
14079413.8982
 10
-12477947.6109
 20
14077042.8044
 10
-12478424.4028
 20
14076066.913
 10
-12479362.4921
 20
14074382.9373
 10
-12480197.2026
 20
14071707.0756
 10
-12479836.1498
 20
14067807.351
 10
-12478769.4162
 20
14065418.5062
 10
-12478825.0048
 20
14064079.3923
 10
-12479688.8679
 20
14060657.1733
 10
-12480498.3355
 20
14056509.1584
 10
-12479675.488
 20
14053093.6792
 10
-12477357.5381
 20
14049684.0098
 10
-12474450.2643
 20
14046122.1356
 10
-12471660.7672
 20
14043307.0454
 10
-12470283.013
 20
14042427.4187
 10
-12467904.8457
 20
14041155.7305
 10
-12463334.7342
 20
14039550.7926
 10
-12460266.7625
 20
14039275.367
 10
-12457217.1116
 20
14039798.8703
 10
-12452501.1215
 20
14040644.6197
 10
-12447434.1891
 20
14041217.8671
 10
-12444120.123
 20
14042132.8558
 10
-12440970.6696
 20
14043514.2841
 10
-12437618.7753
 20
14046583.7922
 10
-12435919.0399
 20
14048893.6093
 10
-12435193.4734
 20
14049811.6484
 10
-12433855.9221
 20
14052153.1696
 10
-12432638.5755
 20
14055918.4318
 10
-12431762.7596
 20
14059887.9555
 10
-12430928.3418
 20
14064172.1582
 10
-12429317.0761
 20
14067163.3473
 10
-12428770.2284
 20
14068795.3254
 10
-12428646.519
 20
14070234.5357
 10
-12428492.3055
 20
14072018.1062
 10
-12430044.6137
 20
14076010.1455
 10
-12432655.0582
 20
14081674.5559
 10
-12434508.8562
 20
14083610.383
 10
-12435857.8729
 20
14085255.4553
 10
-12435329.3725
 20
14086201.9996
 10
-12433567.4077
 20
14088366.5452
 10
-12432369.2505
 20
14091644.7696
 10
-12432386.0388
 20
14092735.7368
 10
-12431591.124
 20
14095389.3026
 10
-12429577.0415
 20
14099996.7859
 10
-12429273.0358
 20
14101868.6576
 10
-12429644.9263
 20
14103593.7953
 10
-12430694.7796
 20
14105185.3167
 10
-12429952.728
 20
14106606.1605
 10
-12428315.9418
 20
14110721.7702
 10
-12426799.4206
 20
14114441.792
 10
-12425552.1893
 20
14119115.5732
 10
-12425516.7463
 20
14123545.8219
 10
-12425510.5283
 20
14127062.6302
 10
-12426988.8468
 20
14130834.2178
 10
-12427567.7713
 20
14132533.2267
 10
-12428990.7404
 20
14134954.8433
 10
-12429700.5995
 20
14136299.6017
 10
-12430824.4846
 20
14138140.0909
 10
-12432600.5852
 20
14140460.5966
 10
-12433289.0285
 20
14141214.7857
 10
-12437085.5508
 20
14143525.0806
 10
-12440293.5321
 20
14144704.5267
 10
-12444231.2716
 20
14145334.8895
 10
-12447974.7387
 20
14145271.7017
  0
LWPOLYLINE
  5
293
330
17
100
AcDbEntity
  8
COUNTY_BOUNDARY
100
AcDbPolyline
 90
139
 70
0
 10
-12598468.2942
 20
14235138.6466
 10
-12603184.6997
 20
14234632.651
 10
-12606126.2301
 20
14233767.425
 10
-12608618.6525
 20
14232685.2678
 10
-12610108.6501
 20
14231811.869
 10
-12611304.195
 20
14230961.0192
 10
-12613260.8948
 20
14229336.8016
 10
-12615142.2609
 20
14227426.724
 10
-12616978.9117
 20
14225502.2315
 10
-12618175.0837
 20
14223120.5427
 10
-12618748.3176
 20
14221290.9496
 10
-12618424.138
 20
14218484.0813
 10
-12618139.6234
 20
14215147.3137
 10
-12618855.7218
 20
14212717.545
 10
-12619693.6094
 20
14210731.3934
 10
-12621127.2969
 20
14207828.9972
 10
-12621122.294
 20
14205022.5371
 10
-12621075.8462
 20
14202076.9611
 10
-12621056.941
 20
14201845.3467
 10
-12620816.0172
 20
14198928.5457
 10
-12620541.0765
 20
14195209.6435
 10
-12621671.1875
 20
14192384.8285
 10
-12622175.3591
 20
14188969.8365
 10
-12621908.1246
 20
14184641.5419
 10
-12620686.2029
 20
14180753.3
 10
-12619265.142
 20
14177101.7399
 10
-12618727.6466
 20
14175567.6143
 10
-12618337.7077
 20
14173393.1043
 10
-12618713.6556
 20
14172871.3916
 10
-12620337.7509
 20
14169796.9897
 10
-12620799.5903
 20
14167180.2748
 10
-12620985.4662
 20
14164736.1359
 10
-12621119.1951
 20
14163494.1605
 10
-12621313.9196
 20
14162228.8983
 10
-12622483.0848
 20
14160850.7126
 10
-12624789.8788
 20
14158002.3272
 10
-12627565.2375
 20
14151482.9536
 10
-12628372.1715
 20
14148134.2676
 10
-12628261.9013
 20
14141926.0738
 10
-12627870.2897
 20
14140520.8557
 10
-12626698.1669
 20
14138654.3851
 10
-12624635.722
 20
14137193.3903
 10
-12623809.1398
 20
14136657.3853
 10
-12624034.4415
 20
14136152.142
 10
-12624437.3326
 20
14133886.7817
 10
-12624452.3221
 20
14131735.7816
 10
-12624063.4889
 20
14127926.0389
 10
-12622625.6735
 20
14124318.5634
 10
-12619540.4571
 20
14120522.9635
 10
-12615950.7723
 20
14117704.2495
 10
-12612007.701
 20
14115410.6486
 10
-12607242.4095
 20
14114094.7006
 10
-12604260.1964
 20
14113339.6408
 10
-12601109.8802
 20
14112611.1831
 10
-12597692.6358
 20
14113767.0234
 10
-12596354.387
 20
14114939.3984
 10
-12592604.0163
 20
14116711.3675
 10
-12587542.414
 20
14118298.8825
 10
-12583769.6446
 20
14119252.8859
 10
-12581330.8716
 20
14119463.6065
 10
-12572937.6338
 20
14121356.9427
 10
-12570833.2523
 20
14122493.9707
 10
-12568866.0237
 20
14124395.0085
 10
-12568096.6243
 20
14125126.3401
 10
-12567096.2982
 20
14125417.9225
 10
-12567194.7397
 20
14125306.4225
 10
-12566012.9606
 20
14122865.0175
 10
-12561684.3462
 20
14119064.2341
 10
-12558716.265
 20
14117229.9038
 10
-12557905.3286
 20
14116729.0254
 10
-12554031.8753
 20
14114643.968
 10
-12551178.8806
 20
14113434.1051
 10
-12548076.6058
 20
14112910.196
 10
-12545052.2156
 20
14112670.0991
 10
-12541816.6118
 20
14112559.4431
 10
-12538842.2514
 20
14112697.4021
 10
-12536570.7913
 20
14113221.2748
 10
-12533642.7344
 20
14115434.7633
 10
-12533028.2691
 20
14116588.46
 10
-12531193.4887
 20
14120796.323
 10
-12529816.4843
 20
14122534.5332
 10
-12528586.8163
 20
14123933.6127
 10
-12526542.0557
 20
14126351.3956
 10
-12525647.7734
 20
14131461.9796
 10
-12525574.2263
 20
14132359.3413
 10
-12526599.7041
 20
14135875.6855
 10
-12527218.9454
 20
14138699.3002
 10
-12527874.2025
 20
14141462.5516
 10
-12528671.3384
 20
14143867.7254
 10
-12529425.1147
 20
14147247.8044
 10
-12530166.1563
 20
14150987.2887
 10
-12530295.2479
 20
14153123.6343
 10
-12529713.2186
 20
14155938.4418
 10
-12530377.2943
 20
14158947.6374
 10
-12531715.8565
 20
14160968.7931
 10
-12533577.9293
 20
14162427.5993
 10
-12533337.9024
 20
14163558.1397
 10
-12533187.291
 20
14165332.1108
 10
-12533524.0019
 20
14169373.5716
 10
-12536379.2108
 20
14174318.1715
 10
-12539771.0135
 20
14179506.2262
 10
-12542077.2574
 20
14181521.4478
 10
-12545573.8334
 20
14183138.0391
 10
-12547348.3561
 20
14183833.0739
 10
-12548410.8665
 20
14185356.4631
 10
-12549745.9096
 20
14187698.0462
 10
-12552659.9569
 20
14191149.9401
 10
-12554590.1305
 20
14192695.573
 10
-12556474.9074
 20
14193904.7093
 10
-12557458.2522
 20
14194341.7813
 10
-12558443.1173
 20
14194384.5268
 10
-12558340.2109
 20
14195137.568
 10
-12557679.1055
 20
14198322.6058
 10
-12557518.6148
 20
14200641.8618
 10
-12557859.4441
 20
14205552.708
 10
-12558676.2557
 20
14207616.3316
 10
-12560145.3305
 20
14208538.665
 10
-12560660.5247
 20
14210564.8015
 10
-12562309.5439
 20
14213364.7673
 10
-12564330.814
 20
14215147.1761
 10
-12566463.8648
 20
14216487.7489
 10
-12568720.4223
 20
14217315.2643
 10
-12569148.6857
 20
14217678.0991
 10
-12570157.2647
 20
14219928.2029
 10
-12571478.9928
 20
14222964.2733
 10
-12572689.7988
 20
14224662.5224
 10
-12575090.537
 20
14226604.8873
 10
-12577522.4329
 20
14228625.7432
 10
-12580188.9111
 20
14230179.5238
 10
-12581502.8007
 20
14230728.8938
 10
-12583268.4557
 20
14231372.4452
 10
-12584331.2037
 20
14231413.6594
 10
-12586386.2722
 20
14231338.321
 10
-12589474.3012
 20
14232412.1387
 10
-12591335.0539
 20
14232950.6593
 10
-12593226.2987
 20
14233712.2357
 10
-12594938.0928
 20
14234885.6436
 10
-12596206.5931
 20
14235243.4223
 10
-12598468.2942
 20
14235138.6466
  0
LWPOLYLINE
  5
294
330
17
100
AcDbEntity
  8
COUNTY_BOUNDARY
100
AcDbPolyline
 90
180
 70
0
 10
-12441931.0665
 20
14464147.4535
 10
-12447584.2937
 20
14463725.0747
 10
-12451639.1693
 20
14461830.7525
 10
-12454270.5142
 20
14459548.6178
 10
-12455935.2212
 20
14456953.134
 10
-12457498.4653
 20
14453751.8344
 10
-12459768.3383
 20
14449475.5528
 10
-12462471.0108
 20
14445792.3716
 10
-12463529.3493
 20
14443738.1296
 10
-12464200.1369
 20
14441436.5751
 10
-12464195.5262
 20
14438633.6469
 10
-12463148.7966
 20
14435774.3334
 10
-12462338.7821
 20
14432499.0208
 10
-12462908.2743
 20
14431315.6356
 10
-12467020.324
 20
14423719.6612
 10
-12470376.7785
 20
14417611.5574
 10
-12473409.9543
 20
14411762.3067
 10
-12475781.8367
 20
14406519.0134
 10
-12479044.1923
 20
14400974.513
 10
-12484827.8271
 20
14393600.5429
 10
-12488677.5459
 20
14389346.3484
 10
-12491620.0111
 20
14386688.9221
 10
-12494867.6752
 20
14383149.1654
 10
-12496968.4749
 20
14380026.1884
 10
-12499637.5846
 20
14374454.2302
 10
-12500636.5387
 20
14369645.3066
 10
-12500097.8796
 20
14364523.8436
 10
-12499372.8285
 20
14358465.6426
 10
-12497951.0827
 20
14354813.2141
 10
-12497195.1648
 20
14352798.2405
 10
-12497769.3079
 20
14352455.2873
 10
-12501111.4114
 20
14349636.8793
 10
-12504088.1709
 20
14347080.4902
 10
-12508557.5647
 20
14341586.22
 10
-12510227.9028
 20
14339047.3405
 10
-12511735.0845
 20
14335396.1823
 10
-12512302.7132
 20
14331172.5275
 10
-12511168.527
 20
14326977.3721
 10
-12510227.742
 20
14324923.0344
 10
-12508389.4136
 20
14322402.3471
 10
-12507297.7101
 20
14321345.8166
 10
-12506668.0408
 20
14320617.1424
 10
-12503724.8578
 20
14317212.3672
 10
-12498662.7419
 20
14312623.4779
 10
-12494066.0458
 20
14307547.088
 10
-12491164.7139
 20
14304047.3304
 10
-12487396.2566
 20
14302763.8165
 10
-12483945.5999
 20
14302794.5501
 10
-12483489.803
 20
14302961.7471
 10
-12484543.0877
 20
14302039.2606
 10
-12486039.9689
 20
14298805.366
 10
-12487265.953
 20
14293170.7388
 10
-12488562.0139
 20
14289355.9138
 10
-12487474.2982
 20
14282919.0512
 10
-12484942.6095
 20
14276733.0139
 10
-12482931.54
 20
14272440.5912
 10
-12482026.8229
 20
14268233.4162
 10
-12481618.8378
 20
14266557.4438
 10
-12482768.2756
 20
14263246.3006
 10
-12485338.4513
 20
14257724.2716
 10
-12486866.573
 20
14252783.6599
 10
-12488081.5077
 20
14251279.0057
 10
-12491015.7908
 20
14247757.2541
 10
-12493246.1075
 20
14243188.7224
 10
-12494650.0665
 20
14237625.3506
 10
-12493990.9047
 20
14234171.6162
 10
-12492566.0487
 20
14230817.9837
 10
-12490379.3926
 20
14228103.983
 10
-12489343.7234
 20
14227101.3861
 10
-12487498.5788
 20
14224774.3203
 10
-12486063.1485
 20
14223586.4603
 10
-12479165.207
 20
14221069.2032
 10
-12473198.2761
 20
14220555.1539
 10
-12469010.9979
 20
14220932.6334
 10
-12465988.4328
 20
14223267.923
 10
-12463804.0937
 20
14225280.0595
 10
-12461681.2441
 20
14226121.7576
 10
-12461112.7771
 20
14223371.6766
 10
-12459183.2348
 20
14218734.5921
 10
-12458890.7492
 20
14216490.3899
 10
-12460155.572
 20
14213398.8388
 10
-12460477.2256
 20
14211670.5072
 10
-12460101.7777
 20
14203747.641
 10
-12458780.7863
 20
14199095.7119
 10
-12454193.5819
 20
14194123.2424
 10
-12448514.5244
 20
14190943.4986
 10
-12444615.86
 20
14189633.9973
 10
-12442180.5132
 20
14189380.7906
 10
-12439561.0092
 20
14190330.8265
 10
-12439137.1495
 20
14190284.13
 10
-12436931.4112
 20
14190972.0625
 10
-12433087.7978
 20
14193667.3063
 10
-12430282.7518
 20
14196730.1008
 10
-12427549.7339
 20
14198874.0458
 10
-12425081.2953
 20
14201597.6717
 10
-12424114.1014
 20
14205035.695
 10
-12423188.3768
 20
14206653.7801
 10
-12420748.6325
 20
14207831.0924
 10
-12417291.398
 20
14210577.9969
 10
-12414623.4611
 20
14213879.9021
 10
-12412418.9439
 20
14217663.0019
 10
-12411029.0866
 20
14223175.3847
 10
-12410236.5807
 20
14227453.8698
 10
-12411202.189
 20
14230346.3724
 10
-12412828.2802
 20
14232153.7636
 10
-12415126.5762
 20
14233707.9728
 10
-12415286.2944
 20
14234219.5419
 10
-12415129.8971
 20
14235441.1426
 10
-12414586.8597
 20
14235957.4417
 10
-12412775.7388
 20
14236294.3506
 10
-12408736.9059
 20
14237329.4317
 10
-12403244.6543
 20
14239157.8767
 10
-12400362.141
 20
14240966.2414
 10
-12396714.1036
 20
14242894.0902
 10
-12393861.727
 20
14246240.0961
 10
-12391505.0529
 20
14249498.0853
 10
-12389163.9751
 20
14252079.9785
 10
-12386831.4785
 20
14255373.2284
 10
-12386204.8062
 20
14257732.477
 10
-12385764.9893
 20
14258988.7124
 10
-12385495.4243
 20
14260281.7046
 10
-12385114.3974
 20
14262107.444
 10
-12384744.0988
 20
14265259.4122
 10
-12384952.746
 20
14268964.7761
 10
-12385464.5217
 20
14271613.4204
 10
-12386090.5594
 20
14273179.3103
 10
-12386745.4863
 20
14273992.3245
 10
-12385643.7044
 20
14274609.8358
 10
-12382558.6077
 20
14276649.8541
 10
-12380020.7154
 20
14279973.7023
 10
-12378447.8595
 20
14284418.3362
 10
-12376691.9136
 20
14288732.74
 10
-12375744.3204
 20
14292460.1842
 10
-12374755.942
 20
14296219.769
 10
-12374140.8164
 20
14299436.5078
 10
-12374392.7804
 20
14306068.3303
 10
-12375307.1295
 20
14309382.5072
 10
-12377131.1843
 20
14314648.4218
 10
-12376724.5945
 20
14318010.1754
 10
-12376429.5126
 20
14324332.6873
 10
-12376744.9815
 20
14326776.5521
 10
-12377161.3369
 20
14329653.5611
 10
-12377783.9374
 20
14332338.5157
 10
-12379029.3293
 20
14334622.6735
 10
-12379930.4261
 20
14336210.27
 10
-12381510.8193
 20
14337955.4797
 10
-12380531.5506
 20
14340180.2851
 10
-12378515.4557
 20
14347524.8599
 10
-12378055.4764
 20
14353067.774
 10
-12379069.2136
 20
14359256.1391
 10
-12380763.7786
 20
14364183.5118
 10
-12379640.67
 20
14370631.2995
 10
-12377921.2743
 20
14375385.4957
 10
-12377844.3815
 20
14380796.6959
 10
-12379312.4742
 20
14387076.609
 10
-12381763.3458
 20
14392637.9467
 10
-12384023.0375
 20
14397887.8937
 10
-12385051.9055
 20
14404501.6879
 10
-12386457.6889
 20
14410792.6855
 10
-12390921.9702
 20
14418392.9342
 10
-12392982.5572
 20
14419974.3589
 10
-12396422.3941
 20
14422947.2276
 10
-12397292.9679
 20
14424773.9622
 10
-12400093.5771
 20
14430120.2983
 10
-12401674.4016
 20
14431430.5442
 10
-12404624.4872
 20
14434189.2202
 10
-12407875.3705
 20
14436168.7853
 10
-12410221.1764
 20
14438502.3474
 10
-12412595.9961
 20
14442175.8452
 10
-12416738.7561
 20
14446174.5832
 10
-12418217.8648
 20
14447033.0899
 10
-12420056.4655
 20
14448203.5289
 10
-12421779.446
 20
14449399.8433
 10
-12421835.2517
 20
14449890.8754
 10
-12421923.9959
 20
14451866.8599
 10
-12423607.1325
 20
14455420.4208
 10
-12427598.9827
 20
14460042.4969
 10
-12430758.11
 20
14461974.8506
 10
-12436873.6654
 20
14463811.3522
 10
-12441931.0665
 20
14464147.4535
  0
LWPOLYLINE
  5
295
330
17
100
AcDbEntity
  8
COUNTY_BOUNDARY
100
AcDbPolyline
 90
62
 70
0
 10
4971585.5404
 20
1170063.964
 10
4971597.7112
 20
1168327.2282
 10
4972137.541
 20
1165040.067
 10
4973087.1134
 20
1161396.7604
 10
4974181.7103
 20
1158604.8481
 10
4975718.5509
 20
1156007.109
 10
4977415.5098
 20
1153823.1457
 10
4980309.4783
 20
1150697.0289
 10
4983250.4116
 20
1148055.9777
 10
4985464.3388
 20
1146425.4288
 10
4987786.3387
 20
1145423.246
 10
4989212.085
 20
1145128.1417
 10
4991673.6947
 20
1144680.5863
 10
4993461.7707
 20
1144450.3105
 10
4996111.7176
 20
1144397.6512
 10
4998675.9443
 20
1144938.1066
 10
5000347.6884
 20
1145634.4455
 10
5001661.2423
 20
1146274.8307
 10
5003004.249
 20
1147006.4479
 10
5005128.7917
 20
1148863.265
 10
5006544.1343
 20
1150070.3584
 10
5008022.0295
 20
1151957.0666
 10
5009480.656
 20
1154072.2005
 10
5010414.9845
 20
1155957.4206
 10
5011023.4217
 20
1157971.4889
 10
5011467.866
 20
1160261.5286
 10
5011673.6321
 20
1163119.7277
 10
5011692.6274
 20
1163384.9765
 10
5011589.081
 20
1165190.1513
 10
5011321.4921
 20
1167335.5537
 10
5011067.0634
 20
1168966.4989
 10
5010911.8249
 20
1169566.4198
 10
5010373.7209
 20
1171115.5172
 10
5009860.2649
 20
1173566.9884
 10
5008762.1642
 20
1178689.0771
 10
5007195.6348
 20
1181331.053
 10
5005860.0597
 20
1183393.4403
 10
5004029.477
 20
1185274.0272
 10
5002699.4104
 20
1186229.6733
 10
5001190.8162
 20
1187249.5935
 10
5000283.9005
 20
1187557.5138
 10
4999404.966
 20
1187557.3672
 10
4999054.1774
 20
1187030.1725
 10
4998528.3857
 20
1186487.4817
 10
4997442.1061
 20
1186965.1411
 10
4995772.6167
 20
1187712.1988
 10
4993932.9996
 20
1188207.8664
 10
4992023.3751
 20
1188028.6636
 10
4988213.8087
 20
1187879.6525
 10
4985448.6358
 20
1187253.1943
 10
4982689.8261
 20
1186566.2299
 10
4981088.8153
 20
1186164.6356
 10
4979303.368
 20
1184803.7387
 10
4978024.0054
 20
1183785.1311
 10
4977152.7139
 20
1183091.9772
 10
4975530.9514
 20
1181556.3967
 10
4974895.7496
 20
1180262.9966
 10
4974197.0287
 20
1178906.0674
 10
4973278.3953
 20
1176679.9987
 10
4972256.1672
 20
1174252.3314
 10
4971740.8642
 20
1171962.017
 10
4971585.5404
 20
1170063.964
  0
LWPOLYLINE
  5
296
330
17
100
AcDbEntity
  8
COUNTY_BOUNDARY
100
AcDbPolyline
 90
651
 70
0
 10
4756430.6268
 20
712986.794
 10
4756770.6152
 20
708679.863
 10
4758773.3182
 20
703733.3283
 10
4760971.8354
 20
701484.1526
 10
4762230.0187
 20
700539.4812
 10
4765569.7981
 20
698174.5473
 10
4771047.838
 20
696352.9686
 10
4779835.6979
 20
696568.7705
 10
4788143.1646
 20
701055.2405
 10
4793785.8012
 20
704519.7612
 10
4798189.0011
 20
707996.2061
 10
4798752.0809
 20
709421.2285
 10
4802521.8537
 20
712536.6567
 10
4807582.0936
 20
717324.6293
 10
4809086.4232
 20
718975.4527
 10
4810146.9741
 20
720224.9369
 10
4810439.7242
 20
721199.019
 10
4810421.8019
 20
722722.9275
 10
4813422.413
 20
722299.2539
 10
4820443.5106
 20
724093.9287
 10
4821238.5601
 20
724297.7597
 10
4826272.185
 20
727047.0605
 10
4829783.0661
 20
731602.5939
 10
4831240.5855
 20
733418.9198
 10
4831850.0074
 20
734953.855
 10
4837569.0485
 20
736201.2048
 10
4841256.36
 20
738781.6949
 10
4845047.4256
 20
741879.6341
 10
4847106.9366
 20
743821.7834
 10
4847382.0846
 20
744397.8055
 10
4853511.2009
 20
746257.9856
 10
4858791.9161
 20
750563.2848
 10
4861396.5802
 20
753804.9285
 10
4862304.6002
 20
755706.9625
 10
4863086.6074
 20
757401.2831
 10
4864770.2507
 20
756603.5566
 10
4868648.3589
 20
756393.8755
 10
4876009.6657
 20
756603.7461
 10
4881698.3847
 20
757932.8543
 10
4887584.5041
 20
762450.3892
 10
4892574.8958
 20
766747.3069
 10
4895142.6441
 20
770927.0598
 10
4895648.9343
 20
772997.7947
 10
4894979.9103
 20
773973.7395
 10
4897401.7287
 20
774468.0938
 10
4900880.2771
 20
776017.63
 10
4904820.9143
 20
778794.6232
 10
4908720.0207
 20
783078.2445
 10
4910012.9393
 20
786031.6367
 10
4909213.938
 20
789113.7239
 10
4909137.9987
 20
790345.5854
 10
4909497.0563
 20
790173.1013
 10
4911783.4991
 20
791364.644
 10
4912502.7981
 20
792847.5898
 10
4912861.2771
 20
793831.1818
 10
4912943.0655
 20
794805.9662
 10
4914928.8808
 20
795229.9934
 10
4917247.6899
 20
797075.7806
 10
4918085.441
 20
798257.5631
 10
4918655.8227
 20
799701.2025
 10
4919308.3502
 20
798600.4159
 10
4921791.3327
 20
795803.543
 10
4927277.0746
 20
791611.616
 10
4933526.334
 20
788952.5782
 10
4937857.5381
 20
787489.0526
 10
4939672.7064
 20
787937.1182
 10
4941738.6349
 20
788832.8287
 10
4942328.8037
 20
789398.9647
 10
4947719.4207
 20
789393.9195
 10
4953628.511
 20
792740.0164
 10
4956831.1908
 20
795542.6028
 10
4958914.6923
 20
797784.0569
 10
4959377.67
 20
798903.4854
 10
4959434.4339
 20
799882.3896
 10
4960417.4062
 20
799372.8983
 10
4963667.8982
 20
800753.3791
 10
4966927.7754
 20
804315.6491
 10
4969143.2088
 20
808082.9199
 10
4970329.6901
 20
811275.0567
 10
4970836.003
 20
813994.1507
 10
4971065.5397
 20
816517.2581
 10
4970315.1192
 20
818596.688
 10
4969617.0891
 20
820946.8417
 10
4968811.5143
 20
823724.9585
 10
4967209.6086
 20
826499.9864
 10
4965274.7898
 20
828917.4975
 10
4963915.7201
 20
830567.7629
 10
4963272.5031
 20
830770.653
 10
4965483.0495
 20
833657.6334
 10
4966552.7836
 20
836030.5825
 10
4966954.6862
 20
838516.704
 10
4966517.4518
 20
841963.3003
 10
4965864.5704
 20
845218.629
 10
4963666.018
 20
848793.0242
 10
4962716.7866
 20
850221.3188
 10
4963600.0156
 20
850416.8444
 10
4965666.2914
 20
851534.8567
 10
4967507.7965
 20
853237.0607
 10
4969095.3738
 20
855663.4581
 10
4971140.4297
 20
859226.1397
 10
4972226.8336
 20
862226.1934
 10
4972797.2506
 20
864190.3821
 10
4972654.7664
 20
865323.939
 10
4973632.3069
 20
865636.4095
 10
4974393.4828
 20
866836.2241
 10
4974513.9017
 20
867026.2009
 10
4975920.9919
 20
870229.4513
 10
4977082.9642
 20
873322.6804
 10
4978620.8003
 20
872312.4932
 10
4982680.9172
 20
872783.159
 10
4986135.9679
 20
874111.2076
 10
4990321.6601
 20
876582.0699
 10
4993062.6382
 20
879067.1764
 10
4995583.2427
 20
881466.6957
 10
4998044.156
 20
888584.922
 10
4998421.1454
 20
893499.7642
 10
4997393.3488
 20
896736.1857
 10
4996589.0079
 20
898365.7506
 10
4998373.1138
 20
899956.8588
 10
5000598.7035
 20
902302.9427
 10
5001396.1289
 20
904391.8035
 10
5003752.2688
 20
905076.5357
 10
5008137.6898
 20
906857.6867
 10
5012029.6075
 20
908167.592
 10
5014746.9121
 20
909690.7161
 10
5016677.6057
 20
911084.8739
 10
5018532.558
 20
913583.1521
 10
5019581.7008
 20
915548.7984
 10
5020771.9872
 20
914070.3585
 10
5022644.0026
 20
911632.6957
 10
5024180.6581
 20
909430.0458
 10
5025755.0721
 20
908405.3602
 10
5027847.58
 20
907683.2629
 10
5029730.6704
 20
907752.4399
 10
5033913.9427
 20
907213.0009
 10
5041897.8988
 20
906186.887
 10
5046443.1835
 20
906110.2096
 10
5050606.5265
 20
906041.6227
 10
5058861.9967
 20
905907.7132
 10
5068495.169
 20
901877.9695
 10
5073876.6654
 20
901049.3945
 10
5082149.2282
 20
899780.1387
 10
5104172.8655
 20
898665.9136
 10
5104738.9013
 20
898756.7992
 10
5120813.4842
 20
901345.4161
 10
5135629.0222
 20
907490.8875
 10
5141592.796
 20
912328.3113
 10
5150438.9504
 20
919514.2072
 10
5156271.2279
 20
929740.7287
 10
5158054.9782
 20
933619.3374
 10
5158144.6781
 20
934734.3294
 10
5158179.11
 20
936650.5381
 10
5159060.112
 20
936238.6648
 10
5159835.7414
 20
936393.6785
 10
5161921.8717
 20
938182.4421
 10
5164675.4267
 20
941409.6508
 10
5165690.8964
 20
943305.7015
 10
5166020.5674
 20
944398.6721
 10
5166636.9367
 20
943664.0589
 10
5168442.0654
 20
943477.9465
 10
5174102.3522
 20
943568.3211
 10
5182774.2239
 20
946227.1923
 10
5189270.7045
 20
951203.811
 10
5190768.4385
 20
954409.6042
 10
5192437.1703
 20
955941.6829
 10
5194614.7499
 20
960502.8604
 10
5195587.3287
 20
964464.1389
 10
5195230.6511
 20
965977.7491
 10
5217901.75
 20
984037.0965
 10
5218348.1981
 20
983794.9734
 10
5221367.3667
 20
984521.7163
 10
5225068.5
 20
987043.9235
 10
5226128.0624
 20
986789.5132
 10
5228865.1235
 20
987400.8936
 10
5231266.1125
 20
989141.8626
 10
5232507.6223
 20
991293.5234
 10
5233513.1662
 20
990448.5442
 10
5237148.8153
 20
989678.0313
 10
5243009.6117
 20
989481.0266
 10
5250202.224
 20
991130.4061
 10
5254556.1946
 20
993975.8504
 10
5255936.9688
 20
995490.1786
 10
5256916.1763
 20
994960.8231
 10
5259229.9038
 20
994560.9231
 10
5263183.0029
 20
994160.2009
 10
5265913.4054
 20
993974.4026
 10
5271226.8218
 20
995071.6084
 10
5273961.7288
 20
996477.5022
 10
5274502.9687
 20
996499.3251
 10
5277233.7451
 20
997357.614
 10
5279176.7447
 20
998337.2193
 10
5280340.1011
 20
997593.2465
 10
5282915.8291
 20
997618.7881
 10
5286024.7196
 20
998878.1307
 10
5290251.436
 20
1001878.2639
 10
5291665.7238
 20
1003600.4775
 10
5292085.6226
 20
1003429.815
 10
5293517.7874
 20
1003053.2127
 10
5295930.5431
 20
1003039.6629
 10
5299366.9257
 20
1004400.6537
 10
5303977.7545
 20
1007881.9264
 10
5307392.7695
 20
1011562.7916
 10
5313398.3801
 20
1017695.1019
 10
5318419.0915
 20
1023067.1134
 10
5322709.5668
 20
1027538.4026
 10
5325705.7325
 20
1031023.2278
 10
5327149.2151
 20
1034118.5416
 10
5327154.9965
 20
1035498.8179
 10
5326709.1836
 20
1036821.0621
 10
5328940.1212
 20
1038384.236
 10
5330551.832
 20
1039178.4424
 10
5334670.0773
 20
1041496.0402
 10
5338429.5571
 20
1046009.9241
 10
5342625.3186
 20
1053774.8978
 10
5347483.6765
 20
1061658.3358
 10
5351790.2895
 20
1068871.3251
 10
5357216.7401
 20
1078032.4744
 10
5361611.343
 20
1084814.5056
 10
5364125.5948
 20
1089540.5485
 10
5365385.1271
 20
1089772.0631
 10
5366534.7042
 20
1090323.3952
 10
5367872.042
 20
1091313.1598
 10
5369682.3874
 20
1093258.1726
 10
5370877.8576
 20
1095049.9985
 10
5371841.9046
 20
1094890.6825
 10
5373953.722
 20
1095491.6866
 10
5376028.4493
 20
1096610.0836
 10
5379716.2901
 20
1099732.8905
 10
5380817.6685
 20
1100681.6487
 10
5381817.8679
 20
1100794.2978
 10
5383480.8985
 20
1101298.5535
 10
5385808.1457
 20
1102616.0343
 10
5387381.8074
 20
1104407.9255
 10
5391213.5407
 20
1106693.5149
 10
5395892.4037
 20
1109765.3678
 10
5397792.0982
 20
1113458.8304
 10
5398228.8582
 20
1113487.7211
 10
5400662.6847
 20
1114251.5589
 10
5405097.0269
 20
1116354.4463
 10
5410183.2117
 20
1121523.4945
 10
5413354.5756
 20
1126075.8429
 10
5414320.316
 20
1129137.1438
 10
5417862.7283
 20
1130987.7955
 10
5419494.2379
 20
1133039.2566
 10
5421007.3258
 20
1137000.6646
 10
5421698.7224
 20
1141681.0499
 10
5421869.9688
 20
1142882.2807
 10
5422267.6483
 20
1143107.4458
 10
5423572.9791
 20
1143989.2086
 10
5425258.5937
 20
1145922.3176
 10
5427229.2096
 20
1148679.8798
 10
5428410.3873
 20
1151305.6626
 10
5429714.393
 20
1151664.7509
 10
5430600.2145
 20
1151957.1398
 10
5431270.6922
 20
1153080.0484
 10
5431988.0603
 20
1154293.609
 10
5433790.2423
 20
1155234.3887
 10
5436357.0348
 20
1156282.7239
 10
5437297.6319
 20
1156682.7615
 10
5437316.8972
 20
1156702.7871
 10
5437336.4275
 20
1156722.4813
 10
5437824.236
 20
1157221.0519
 10
5442108.7487
 20
1162520.5698
 10
5443422.7626
 20
1165821.9461
 10
5449530.2412
 20
1181193.676
 10
5449788.7457
 20
1191219.5564
 10
5444659.2039
 20
1204332.9914
 10
5444559.5241
 20
1204587.4192
 10
5439843.4332
 20
1210389.3425
 10
5438110.3446
 20
1215179.0029
 10
5438002.1525
 20
1215479.4612
 10
5437592.7328
 20
1215412.337
 10
5431202.1111
 20
1215435.7148
 10
5429111.9398
 20
1215444.2823
 10
5416515.5688
 20
1215500.4819
 10
5410740.4255
 20
1215529.7441
 10
5403920.628
 20
1215567.3799
 10
5403907.3555
 20
1215567.3872
 10
5403867.3243
 20
1215567.38
 10
5403853.7883
 20
1215567.7196
 10
5396406.6352
 20
1215611.4475
 10
5389789.9185
 20
1218685.5884
 10
5379333.9394
 20
1223552.0599
 10
5379154.3237
 20
1224865.0922
 10
5378051.9279
 20
1232919.0955
 10
5377498.6199
 20
1236963.9053
 10
5375838.1517
 20
1249099.143
 10
5375284.5684
 20
1253144.3813
 10
5373394.3865
 20
1250456.5224
 10
5372758.1183
 20
1249415.3082
 10
5372123.0603
 20
1248377.2482
 10
5370318.5593
 20
1249321.8506
 10
5367977.1674
 20
1249595.9897
 10
5365047.4029
 20
1249528.7003
 10
5363917.5763
 20
1249124.7262
 10
5362749.811
 20
1248389.8788
 10
5362610.0704
 20
1248940.6752
 10
5362343.8793
 20
1249987.6872
 10
5360408.0106
 20
1252252.2278
 10
5359660.1618
 20
1252814.4409
 10
5357924.3109
 20
1254119.763
 10
5356799.8651
 20
1254439.7276
 10
5355054.7566
 20
1254936.59
 10
5350824.8573
 20
1255929.9545
 10
5347986.4799
 20
1256224.8573
 10
5346920.2437
 20
1256335.9254
 10
5345084.1651
 20
1256190.2993
 10
5342384.861
 20
1255977.2611
 10
5342055.9105
 20
1255911.9601
 10
5337558.3098
 20
1255021.4601
 10
5333079.446
 20
1254261.5941
 10
5331691.3229
 20
1254026.5771
 10
5330069.6739
 20
1253834.1236
 10
5323922.4429
 20
1253105.8045
 10
5321793.9529
 20
1252452.3897
 10
5319874.3746
 20
1251863.5827
 10
5318804.2208
 20
1251655.5345
 10
5314497.9506
 20
1250819.972
 10
5313709.5749
 20
1250667.0317
 10
5309020.0766
 20
1250375.3058
 10
5307477.2522
 20
1250279.7238
 10
5300857.8179
 20
1249972.8124
 10
5296757.1346
 20
1249913.9067
 10
5294065.8133
 20
1249876.278
 10
5288343.3429
 20
1249597.6469
 10
5288139.2281
 20
1249587.8347
 10
5282182.6141
 20
1249379.5164
 10
5279855.3175
 20
1249270.7626
 10
5274645.3588
 20
1249029.1408
 10
5268678.5095
 20
1248296.2391
 10
5261070.5612
 20
1247834.366
 10
5254942.3915
 20
1245995.6952
 10
5254734.5803
 20
1245821.6246
 10
5251367.2923
 20
1243010.5345
 10
5249205.2885
 20
1240645.6325
 10
5248318.4507
 20
1238538.6684
 10
5248167.1711
 20
1238496.7878
 10
5245451.8433
 20
1237743.0893
 10
5242530.5456
 20
1237009.5581
 10
5240537.0584
 20
1236673.1787
 10
5235702.4975
 20
1235801.0579
 10
5229457.5112
 20
1233175.1444
 10
5226580.6548
 20
1230832.9014
 10
5224477.7556
 20
1227808.6005
 10
5222448.9643
 20
1227739.7236
 10
5221692.6574
 20
1227543.8661
 10
5217472.4704
 20
1226453.4527
 10
5213498.3489
 20
1225239.5604
 10
5211197.1731
 20
1224036.9581
 10
5210829.8908
 20
1223844.9861
 10
5209548.183
 20
1221468.3626
 10
5206227.1324
 20
1220989.7732
 10
5200259.0505
 20
1217934.0331
 10
5196243.4324
 20
1213950.4089
 10
5195890.8844
 20
1213600.9615
 10
5193270.1264
 20
1208717.4832
 10
5192890.0625
 20
1206561.4551
 10
5192834.7319
 20
1204951.5224
 10
5190655.592
 20
1204461.4457
 10
5187167.9533
 20
1202155.8617
 10
5182948.1556
 20
1199072.4239
 10
5179921.8017
 20
1195270.1294
 10
5178656.9628
 20
1191191.8389
 10
5178025.581
 20
1187021.1839
 10
5178532.8189
 20
1183232.0804
 10
5178580.1038
 20
1181561.9154
 10
5178476.4354
 20
1179621.8286
 10
5177543.8876
 20
1178514.8596
 10
5175194.697
 20
1177240.1109
 10
5171322.7376
 20
1174593.5415
 10
5168016.7242
 20
1169651.841
 10
5167725.5909
 20
1165099.77
 10
5167555.7254
 20
1161126.6122
 10
5166762.3833
 20
1157144.4963
 10
5167166.4387
 20
1152759.3954
 10
5168531.6753
 20
1149364.2597
 10
5168789.8362
 20
1148722.2676
 10
5170046.4842
 20
1146922.7079
 10
5170448.4519
 20
1142722.076
 10
5174433.2835
 20
1138624.2535
 10
5178938.6239
 20
1135989.3078
 10
5181689.414
 20
1134006.064
 10
5182873.2749
 20
1133410.9639
 10
5183889.8054
 20
1132609.8742
 10
5185140.3118
 20
1131582.371
 10
5186343.7042
 20
1130697.7751
 10
5187096.7923
 20
1129906.2768
 10
5190936.7742
 20
1119814.693
 10
5195715.261
 20
1107270.6426
 10
5194734.619
 20
1106259.5303
 10
5193578.174
 20
1103384.5414
 10
5193044.3551
 20
1101126.4283
 10
5192712.5793
 20
1098744.332
 10
5192965.4989
 20
1097290.3134
 10
5193421.631
 20
1095920.6578
 10
5193350.3103
 20
1095541.7139
 10
5192441.6444
 20
1094949.2654
 10
5190049.3377
 20
1093646.124
 10
5187026.3117
 20
1091288.9123
 10
5184046.1196
 20
1088956.8021
 10
5181433.7815
 20
1086665.3927
 10
5181324.1371
 20
1086483.4416
 10
5178051.9965
 20
1081066.5333
 10
5176436.3072
 20
1075463.3566
 10
5176517.545
 20
1070056.302
 10
5178654.6081
 20
1062144.5796
 10
5179563.9857
 20
1058862.8706
 10
5181042.9091
 20
1054808.5835
 10
5181847.1527
 20
1053647.2425
 10
5182236.4523
 20
1053115.2233
 10
5180711.3571
 20
1051843.1915
 10
5169208.5595
 20
1041591.7167
 10
5167125.618
 20
1041943.4961
 10
5163811.9878
 20
1042251.0161
 10
5161044.1379
 20
1041981.3277
 10
5159351.8618
 20
1041816.8896
 10
5155335.1504
 20
1040034.9229
 10
5148897.7269
 20
1034915.483
 10
5145320.3337
 20
1029732.2097
 10
5144113.8088
 20
1025513.3741
 10
5144055.8706
 20
1024210.1887
 10
5143889.6825
 20
1023599.3279
 10
5143786.8033
 20
1023221.108
 10
5141330.7223
 20
1022158.3525
 10
5139290.5248
 20
1020918.129
 10
5137148.0296
 20
1021486.8692
 10
5134240.7193
 20
1021569.0163
 10
5130765.3596
 20
1021477.4445
 10
5126555.696
 20
1020132.4222
 10
5122433.1615
 20
1016748.4769
 10
5122164.5117
 20
1016528.4147
 10
5118749.2194
 20
1013035.3125
 10
5117277.0085
 20
1010878.3117
 10
5116528.7808
 20
1009390.0036
 10
5116474.6216
 20
1007947.2404
 10
5115105.2321
 20
1007552.9982
 10
5112451.3478
 20
1006491.4488
 10
5110989.9377
 20
1005026.1644
 10
5108849.4622
 20
1005175.6075
 10
5105359.2843
 20
1003932.5767
 10
5101933.5533
 20
1001278.6354
 10
5099693.7816
 20
999011.5087
 10
5097354.7961
 20
997128.3559
 10
5096463.1963
 20
997035.3676
 10
5095568.0852
 20
996942.3889
 10
5093483.3036
 20
996093.374
 10
5093411.7284
 20
996044.6078
 10
5092196.0484
 20
995215.0304
 10
5092006.3299
 20
995085.6296
 10
5089178.5297
 20
994863.5179
 10
5084143.0568
 20
993693.2464
 10
5080457.0901
 20
992200.9457
 10
5079137.8693
 20
991067.6066
 10
5076653.7842
 20
988934.8963
 10
5075629.6238
 20
987044.3082
 10
5073301.1499
 20
990488.0637
 10
5073615.2045
 20
991014.4771
 10
5074321.2976
 20
992199.4307
 10
5076739.3924
 20
995450.6608
 10
5079123.1539
 20
998236.07
 10
5080686.347
 20
1001696.2904
 10
5081127.5087
 20
1002674.2582
 10
5082350.091
 20
1006264.0655
 10
5082536.2813
 20
1006811.2203
 10
5083960.1263
 20
1012307.553
 10
5084177.0527
 20
1017647.2289
 10
5083940.6115
 20
1022222.0342
 10
5083054.5634
 20
1025652.9979
 10
5081321.5873
 20
1028839.5198
 10
5079513.8141
 20
1031580.4841
 10
5077705.284
 20
1034001.7389
 10
5074640.5911
 20
1036515.7863
 10
5070894.8912
 20
1038528.7579
 10
5067373.5225
 20
1039940.2258
 10
5064476.8477
 20
1040106.2424
 10
5061987.162
 20
1040215.8376
 10
5058161.7659
 20
1040273.1688
 10
5055309.2565
 20
1039879.5967
 10
5051480.8589
 20
1039206.5465
 10
5046782.7366
 20
1038076.8593
 10
5042986.2566
 20
1037530.1282
 10
5041407.6647
 20
1037911.796
 10
5040709.375
 20
1038142.3985
 10
5039544.5441
 20
1040512.4255
 10
5036548.8549
 20
1043574.0902
 10
5033713.7902
 20
1045754.1124
 10
5030712.8583
 20
1048230.0224
 10
5028163.2415
 20
1049607.9015
 10
5025468.5229
 20
1050739.8187
 10
5022880.4827
 20
1051340.3518
 10
5020348.8019
 20
1051442.7803
 10
5018190.8062
 20
1051422.4931
 10
5015787.4335
 20
1051332.8063
 10
5013753.7054
 20
1050797.6078
 10
5011394.808
 20
1050427.0087
 10
5007620.1239
 20
1049235.269
 10
5005623.8062
 20
1048480.5148
 10
5005409.7177
 20
1048623.8731
 10
5003952.3564
 20
1049601.1753
 10
5002564.7639
 20
1050209.4164
 10
5000447.1062
 20
1050969.3677
 10
4998857.1426
 20
1051303.4684
 10
4996578.7236
 20
1051230.2071
 10
4994451.913
 20
1050692.43
 10
4991974.8385
 20
1049278.0451
 10
4988360.678
 20
1047349.5563
 10
4985885.988
 20
1045541.2788
 10
4983973.2908
 20
1044378.4212
 10
4981879.3855
 20
1043529.1209
 10
4980999.8741
 20
1042306.2124
 10
4979662.552
 20
1041058.6054
 10
4978150.3798
 20
1041044.517
 10
4976079.7992
 20
1040952.3188
 10
4974774.733
 20
1040812.7892
 10
4973094.803
 20
1039402.0855
 10
4970481.9712
 20
1037306.8046
 10
4968602.0879
 20
1036438.315
 10
4966963.2583
 20
1035868.0264
 10
4964759.2519
 20
1034297.898
 10
4961586.7896
 20
1031684.2286
 10
4959769.7951
 20
1030843.5651
 10
4958017.968
 20
1030323.0616
 10
4954556.9052
 20
1028515.3403
 10
4952290.8588
 20
1025889.536
 10
4949734.3472
 20
1022294.3449
 10
4948734.2958
 20
1018861.4946
 10
4948406.5588
 20
1016238.2247
 10
4946619.2532
 20
1016236.1109
 10
4944922.6372
 20
1015558.7072
 10
4943043.5773
 20
1013898.1073
 10
4941512.4256
 20
1012106.3847
 10
4940440.3806
 20
1012076.0324
 10
4938848.888
 20
1011847.5318
 10
4936463.139
 20
1010234.8136
 10
4932270.9683
 20
1007136.0043
 10
4928565.6895
 20
1003086.9875
 10
4928121.5123
 20
1000530.1089
 10
4927863.6647
 20
997219.7677
 10
4927293.6691
 20
994458.7425
 10
4925935.076
 20
993020.959
 10
4924507.5318
 20
991217.3519
 10
4921248.2504
 20
987128.6213
 10
4917517.4029
 20
980315.7013
 10
4915488.0827
 20
974663.2905
 10
4914372.7191
 20
969148.9016
 10
4915628.08
 20
964387.0021
 10
4917616.3228
 20
958133.7651
 10
4920057.5758
 20
954185.5518
 10
4918411.9838
 20
953360.4976
 10
4917825.7594
 20
952752.4052
 10
4917221.7283
 20
951101.0247
 10
4916402.9531
 20
949320.3658
 10
4914862.144
 20
947840.1046
 10
4894753.7732
 20
934632.7351
 10
4891188.2047
 20
932267.9906
 10
4889923.9077
 20
931714.9914
 10
4888417.6538
 20
931033.3547
 10
4886534.9796
 20
930164.5709
 10
4883552.8014
 20
928763.4349
 10
4881317.9807
 20
926873.4883
 10
4879211.4531
 20
924770.5961
 10
4876874.304
 20
922033.4875
 10
4876074.8939
 20
919669.6912
 10
4875755.3915
 20
916352.6642
 10
4875607.8272
 20
913499.8007
 10
4873393.0714
 20
913510.2396
 10
4871588.6298
 20
912901.0499
 10
4869671.6719
 20
911546.7377
 10
4867065.5004
 20
909369.4848
 10
4865154.8504
 20
907347.5028
 10
4863767.3883
 20
904796.3481
 10
4861615.9901
 20
901493.4494
 10
4860367.5972
 20
899018.0342
 10
4859141.1363
 20
897255.7141
 10
4858152.9129
 20
896526.5457
 10
4856418.2286
 20
895001.7353
 10
4854039.9883
 20
893057.3579
 10
4851537.5224
 20
889530.2222
 10
4849621.0468
 20
885981.1501
 10
4849301.508
 20
884065.153
 10
4847782.3778
 20
882313.9753
 10
4846339.6334
 20
879860.3069
 10
4844026.9358
 20
876479.5779
 10
4842420.7716
 20
872209.8483
 10
4841536.4031
 20
867639.4026
 10
4840242.6568
 20
862169.2172
 10
4840470.6529
 20
859806.8606
 10
4841115.475
 20
858871.5661
 10
4839936.9522
 20
855756.516
 10
4839550.8402
 20
852453.8652
 10
4840076.8923
 20
846882.092
 10
4842414.3283
 20
841669.9057
 10
4843749.5423
 20
839425.6643
 10
4844962.7908
 20
837527.0681
 10
4839892.1539
 20
832097.1119
 10
4838368.7845
 20
830932.6177
 10
4835983.2104
 20
831455.2655
 10
4833409.0179
 20
830618.1193
 10
4830973.7503
 20
829252.5617
 10
4828297.4891
 20
827252.959
 10
4825817.7361
 20
824271.7572
 10
4822966.4758
 20
818948.1581
 10
4820898.5706
 20
814012.1806
 10
4820189.4314
 20
810826.5366
 10
4819772.6266
 20
808956.6
 10
4819598.9488
 20
806149.7939
 10
4819479.8485
 20
805180.4655
 10
4819422.0346
 20
803766.7018
 10
4819710.5475
 20
802266.8097
 10
4820190.1235
 20
800746.3305
 10
4820366.7199
 20
800114.3523
 10
4820623.3809
 20
798839.5035
 10
4819587.57
 20
799377.3207
 10
4818376.7492
 20
799667.7848
 10
4815375.8095
 20
799887.4116
 10
4810731.9728
 20
799007.2982
 10
4806282.3066
 20
796890.8533
 10
4802715.8765
 20
794363.3047
 10
4800316.1141
 20
791920.7845
 10
4798602.4287
 20
789575.8732
 10
4797503.5572
 20
787646.7614
 10
4794704.2406
 20
788713.9021
 10
4792932.9624
 20
788857.2087
 10
4786329.2614
 20
789003.0525
 10
4785278.5248
 20
789037.0271
 10
4780666.271
 20
788789.9941
 10
4778028.9753
 20
788167.2802
 10
4773564.1454
 20
784433.7581
 10
4770616.8753
 20
780503.4938
 10
4768341.11
 20
776102.9462
 10
4766920.0311
 20
772233.8978
 10
4766250.6191
 20
768133.5961
 10
4766573.6354
 20
763192.0458
 10
4767986.6486
 20
757743.6374
 10
4771133.4145
 20
753236.3111
 10
4775088.9832
 20
749863.7095
 10
4778093.39
 20
748469.2177
 10
4780454.9286
 20
747568.3405
 10
4782677.9707
 20
746990.8914
 10
4783930.7594
 20
746846.9768
 10
4782554.3802
 20
746223.412
 10
4778757.7773
 20
743672.1509
 10
4777291.3869
 20
742632.088
 10
4773619.5045
 20
740029.8462
 10
4768207.4154
 20
736319.3294
 10
4761923.081
 20
730455.9291
 10
4759067.8895
 20
725515.6643
 10
4758531.3177
 20
724588.2513
 10
4757080.8597
 20
719772.6688
 10
4756601.9054
 20
714772.7856
 10
4756430.6268
 20
712986.794
  0
LWPOLYLINE
  5
297
330
17
100
AcDbEntity
  8
COUNTY_BOUNDARY
100
AcDbPolyline
 90
64
 70
0
 10
1664661.026
 20
954987.0179
 10
1664547.1074
 20
950322.0094
 10
1666975.06
 20
944847.7843
 10
1670051.9387
 20
941856.0708
 10
1673049.3949
 20
939074.1667
 10
1674629.0468
 20
935109.8063
 10
1679808.251
 20
930390.1089
 10
1684340.2869
 20
928645.5814
 10
1687452.9749
 20
927976.3518
 10
1688097.9321
 20
927988.7837
 10
1689511.8078
 20
925891.0952
 10
1692291.2381
 20
922379.0658
 10
1695443.5487
 20
918487.3349
 10
1699215.6513
 20
915722.2024
 10
1705861.9779
 20
911806.4237
 10
1711716.1187
 20
910261.5691
 10
1716105.2125
 20
909522.0655
 10
1718904.3247
 20
908665.6454
 10
1725050.904
 20
907162.0208
 10
1730397.8071
 20
908300.6544
 10
1736067.1749
 20
910794.4486
 10
1736971.0468
 20
911957.243
 10
1740044.4196
 20
915914.7089
 10
1742702.2484
 20
919078.1998
 10
1744334.1594
 20
921704.4366
 10
1745515.6696
 20
923237.3869
 10
1748190.679
 20
924964.9885
 10
1753680.132
 20
928674.602
 10
1757345.3819
 20
931517.917
 10
1760816.5687
 20
936601.35
 10
1764619.4422
 20
942139.8304
 10
1765879.4609
 20
945646.1513
 10
1765413.4422
 20
950817.3391
 10
1764841.475
 20
955507.937
 10
1763236.1603
 20
958987.8149
 10
1760867.1912
 20
963437.6804
 10
1759547.3079
 20
964682.5486
 10
1756681.723
 20
967879.0973
 10
1753362.6487
 20
969637.557
 10
1748576.5135
 20
970652.0457
 10
1746776.5848
 20
970723.9029
 10
1746213.8481
 20
970457.6483
 10
1744697.1026
 20
972034.4769
 10
1739121.7502
 20
974559.7676
 10
1733201.5686
 20
974871.5609
 10
1727415.3693
 20
973505.9575
 10
1723074.6811
 20
972550.2911
 10
1718616.9517
 20
972441.7439
 10
1716476.5374
 20
972176.9865
 10
1715800.8626
 20
972274.1022
 10
1710411.9122
 20
973051.9339
 10
1703070.2173
 20
974188.5263
 10
1697329.5483
 20
975856.8186
 10
1691223.9801
 20
977066.2298
 10
1687019.0551
 20
977284.4395
 10
1680128.9653
 20
976637.4818
 10
1674731.9129
 20
975105.9091
 10
1671999.5674
 20
972928.0479
 10
1670014.6382
 20
971100.4446
 10
1669253.4448
 20
969902.4829
 10
1668073.828
 20
968582.0758
 10
1666287.2813
 20
965309.5701
 10
1665061.6633
 20
960736.7433
 10
1664661.026
 20
954987.0179
  0
LWPOLYLINE
  5
298
330
17
100
AcDbEntity
  8
COUNTY_BOUNDARY
100
AcDbPolyline
 90
37
 70
0
 10
1630399.3305
 20
1163955.3772
 10
1630582.6827
 20
1162680.2492
 10
1631150.6883
 20
1160419.2024
 10
1631681.1635
 20
1155981.59
 10
1633085.5962
 20
1153026.3637
 10
1635956.51
 20
1148407.3987
 10
1639677.9219
 20
1145015.0087
 10
1642588.2806
 20
1143324.0757
 10
1644492.2538
 20
1142789.6798
 10
1646579.2795
 20
1142438.2954
 10
1649239.9252
 20
1142528.5401
 10
1654270.5688
 20
1143954.9572
 10
1654959.1304
 20
1144308.5823
 10
1658323.5879
 20
1146039.8675
 10
1662882.7939
 20
1148831.9036
 10
1666327.7964
 20
1153429.1141
 10
1668911.3674
 20
1157741.1504
 10
1670371.4028
 20
1160071.8088
 10
1670630.1595
 20
1163262.4331
 10
1670305.2584
 20
1165130.7338
 10
1668431.1429
 20
1169597.2554
 10
1667334.0859
 20
1173262.9376
 10
1665935.954
 20
1176638.0683
 10
1663463.773
 20
1179141.6177
 10
1661175.4836
 20
1180662.0655
 10
1658295.6215
 20
1182017.7057
 10
1655646.572
 20
1182788.9582
 10
1655533.8614
 20
1182788.1009
 10
1654102.891
 20
1182778.1712
 10
1652303.2923
 20
1182977.3984
 10
1648259.5324
 20
1182418.7746
 10
1641900.0813
 20
1179703.6342
 10
1638834.382
 20
1177988.7862
 10
1635422.7561
 20
1174897.8321
 10
1632045.4918
 20
1170592.6377
 10
1630675.985
 20
1167172.9844
 10
1630399.3305
 20
1163955.3772
  0
LWPOLYLINE
  5
299
330
17
100
AcDbEntity
  8
COUNTY_BOUNDARY
100
AcDbPolyline
 90
213
 70
0
 10
4548083.8511
 20
688796.4785
 10
4547975.4138
 20
684803.184
 10
4549363.4143
 20
681868.2944
 10
4550008.3209
 20
680252.1258
 10
4550319.1648
 20
676278.3917
 10
4550346.0837
 20
676158.597
 10
4551649.8946
 20
670335.4463
 10
4555113.0418
 20
664666.9568
 10
4559345.833
 20
662380.6329
 10
4563573.5295
 20
660930.2786
 10
4567415.5022
 20
660064.6734
 10
4572525.3908
 20
659406.1587
 10
4575075.557
 20
659722.9823
 10
4576303.0799
 20
660268.2768
 10
4578210.6875
 20
660034.0894
 10
4580076.0571
 20
660012.7637
 10
4584517.1633
 20
659963.7826
 10
4591816.6635
 20
660885.7759
 10
4596479.055
 20
662701.8824
 10
4600020.7639
 20
664496.7417
 10
4603362.5432
 20
666649.8103
 10
4606097.3983
 20
669303.5963
 10
4607728.3644
 20
671497.218
 10
4609435.8709
 20
674800.7789
 10
4610427.0764
 20
675859.5528
 10
4611795.8473
 20
678168.3993
 10
4613484.8706
 20
680783.7697
 10
4614249.2161
 20
683405.2252
 10
4614488.0389
 20
689286.8536
 10
4614068.7016
 20
690393.1012
 10
4615239.2319
 20
690524.061
 10
4616471.9879
 20
690552.2764
 10
4620160.1858
 20
690759.7351
 10
4623426.55
 20
691217.7494
 10
4629822.6695
 20
692623.9272
 10
4635709.123
 20
695379.245
 10
4639673.8781
 20
699081.6017
 10
4641281.1087
 20
701858.7565
 10
4642018.1069
 20
701413.077
 10
4643964.3803
 20
700870.5165
 10
4646399.7266
 20
700481.6574
 10
4647669.7071
 20
701058.5497
 10
4648378.4364
 20
700590.558
 10
4649242.6748
 20
699381.9628
 10
4651611.1898
 20
696553.0025
 10
4656180.7458
 20
693479.262
 10
4661524.4251
 20
690974.5261
 10
4666949.2539
 20
688693.6149
 10
4667043.693
 20
688654.2251
 10
4674923.0963
 20
687553.0295
 10
4679417.0371
 20
689047.2692
 10
4684168.0493
 20
692078.7005
 10
4688383.1227
 20
696310.907
 10
4690499.4574
 20
701599.8002
 10
4690848.049
 20
705917.514
 10
4691976.9276
 20
710992.963
 10
4691794.5143
 20
711564.2034
 10
4691724.275
 20
711784.0734
 10
4691513.4688
 20
712444.7765
 10
4691442.9823
 20
712664.9918
 10
4692040.3495
 20
713098.9421
 10
4693230.4628
 20
714127.3964
 10
4694053.0077
 20
715247.0483
 10
4695199.0997
 20
717069.243
 10
4697448.4371
 20
720502.6876
 10
4697450.3552
 20
725478.1117
 10
4696540.9541
 20
730036.3354
 10
4695498.6147
 20
731684.4161
 10
4695865.3969
 20
732358.9367
 10
4696141.0612
 20
733141.1372
 10
4696259.418
 20
734771.2934
 10
4696076.682
 20
738172.2289
 10
4695810.3756
 20
741752.9807
 10
4695262.6874
 20
746813.4455
 10
4694173.5117
 20
749529.3655
 10
4693506.1106
 20
752753.2355
 10
4689988.764
 20
756989.0669
 10
4688165.1181
 20
757338.2266
 10
4688487.6422
 20
758653.3443
 10
4688049.2783
 20
760535.4765
 10
4686038.5596
 20
763446.822
 10
4684730.4002
 20
765612.3056
 10
4683382.9875
 20
766342.8807
 10
4684297.2574
 20
766910.4103
 10
4685096.6944
 20
767498.5751
 10
4686149.6617
 20
769186.4673
 10
4687508.0906
 20
772294.3502
 10
4688456.0925
 20
776361.5961
 10
4688219.6266
 20
777953.8572
 10
4688841.9747
 20
778397.848
 10
4690586.7821
 20
779510.5256
 10
4692190.8692
 20
782117.5639
 10
4693346.9493
 20
786776.781
 10
4694103.3491
 20
790992.4117
 10
4693868.6783
 20
793927.3689
 10
4693670.7486
 20
794312.8071
 10
4692987.9867
 20
796208.8642
 10
4692361.6408
 20
798681.0276
 10
4692570.3811
 20
800568.2374
 10
4692373.7189
 20
801715.4273
 10
4692189.2165
 20
802791.1365
 10
4691665.6968
 20
804869.7149
 10
4690471.3243
 20
807212.6438
 10
4688815.1988
 20
809822.2376
 10
4686837.9216
 20
812940.237
 10
4685478.0286
 20
815263.1721
 10
4683119.8326
 20
817902.9855
 10
4681525.5305
 20
819007.9362
 10
4679154.3212
 20
820369.0944
 10
4677094.3706
 20
821114.6075
 10
4673501.2979
 20
822135.8692
 10
4671623.0335
 20
822702.422
 10
4670805.1967
 20
824445.0231
 10
4669528.6308
 20
826317.9513
 10
4667749.3375
 20
828935.3118
 10
4666211.5319
 20
830802.2856
 10
4665167.9083
 20
831800.6964
 10
4662669.9425
 20
833189.1763
 10
4659478.4396
 20
834819.1819
 10
4655723.5937
 20
836744.2601
 10
4653099.361
 20
837597.2139
 10
4649309.7694
 20
838471.5179
 10
4646884.5784
 20
838361.433
 10
4643447.1653
 20
837433.307
 10
4637525.3318
 20
834734.1524
 10
4637148.8656
 20
834315.1093
 10
4636567.6745
 20
833670.3035
 10
4635181.6069
 20
832186.3627
 10
4632500.6365
 20
830504.0624
 10
4627988.7538
 20
825989.5746
 10
4625808.1743
 20
820004.4871
 10
4625887.6099
 20
818129.4702
 10
4626228.9237
 20
817398.3605
 10
4625825.1069
 20
816575.3843
 10
4625347.7982
 20
814831.9998
 10
4624803.8032
 20
811972.7906
 10
4624673.6035
 20
809157.7086
 10
4624686.5847
 20
806083.3575
 10
4624927.8364
 20
803808.5185
 10
4625946.9135
 20
801740.367
 10
4627948.4784
 20
798981.2727
 10
4629550.0923
 20
796576.9077
 10
4631083.6575
 20
795044.7251
 10
4632660.2407
 20
793723.0037
 10
4634246.0018
 20
792928.3568
 10
4636073.082
 20
792308.1127
 10
4637046.4957
 20
791941.1076
 10
4636453.4187
 20
788298.6319
 10
4636323.0819
 20
786653.6441
 10
4636196.4994
 20
784753.2368
 10
4635759.4087
 20
780256.2517
 10
4636130.0209
 20
777041.778
 10
4637518.8053
 20
773688.6902
 10
4638923.6461
 20
771176.1249
 10
4640257.6
 20
768547.9968
 10
4641496.3382
 20
766795.8832
 10
4642659.5964
 20
765819.6176
 10
4640604.8236
 20
763970.7351
 10
4640244.1614
 20
764624.5043
 10
4639606.4729
 20
764890.9826
 10
4636696.5672
 20
764470.253
 10
4633689.1668
 20
763768.0282
 10
4630870.0873
 20
763233.067
 10
4627919.8088
 20
762807.6078
 10
4625226.3206
 20
760713.3854
 10
4624107.808
 20
759645.5654
 10
4623248.893
 20
758733.974
 10
4623188.2144
 20
759967.1385
 10
4623105.2298
 20
760944.1508
 10
4622344.4204
 20
763297.5616
 10
4621099.0131
 20
764756.9807
 10
4619410.2719
 20
766987.4698
 10
4617607.5204
 20
768891.9196
 10
4614750.7452
 20
771289.2529
 10
4609854.49
 20
772503.0335
 10
4606706.6692
 20
773085.0387
 10
4602700.8005
 20
773115.1676
 10
4601273.8107
 20
772342.6139
 10
4599762.3766
 20
773299.8996
 10
4596098.5431
 20
774254.0776
 10
4591393.6708
 20
774583.7753
 10
4588695.9713
 20
773990.8567
 10
4587880.4436
 20
773648.9676
 10
4586802.0467
 20
773875.4928
 10
4582562.2791
 20
773153.617
 10
4576227.2639
 20
769674.9478
 10
4573150.19
 20
767105.4625
 10
4570519.0402
 20
764684.7654
 10
4569173.8746
 20
763297.8517
 10
4568457.2124
 20
762229.2788
 10
4567327.7246
 20
761425.2708
 10
4563791.1134
 20
758406.9647
 10
4562079.4331
 20
755488.6508
 10
4559570.6694
 20
751214.7223
 10
4559069.4678
 20
744293.9968
 10
4560398.5362
 20
737971.7108
 10
4563010.3822
 20
731862.0949
 10
4566524.9588
 20
728075.528
 10
4569442.5673
 20
725322.582
 10
4571435.4839
 20
723126.5251
 10
4572034.6415
 20
722703.6125
 10
4571189.237
 20
722740.5756
 10
4564783.5068
 20
720173.1699
 10
4560525.3905
 20
716986.3364
 10
4557389.5141
 20
712292.5498
 10
4555361.7308
 20
708281.121
 10
4554075.1801
 20
704474.9228
 10
4553352.2946
 20
701577.6311
 10
4553160.2886
 20
700845.9123
 10
4552932.8911
 20
700303.2559
 10
4550706.7707
 20
698224.2723
 10
4548886.5153
 20
694622.4356
 10
4548083.8511
 20
688796.4785
  0
LWPOLYLINE
  5
29A
330
17
100
AcDbEntity
  8
COUNTY_BOUNDARY
100
AcDbPolyline
 90
88
 70
0
 10
1536749.2788
 20
1166723.0278
 10
1537069.5502
 20
1162642.6194
 10
1537973.0073
 20
1160358.2041
 10
1539058.222
 20
1159723.1038
 10
1537305.2308
 20
1155323.3899
 10
1539158.0141
 20
1148599.9311
 10
1542020.6667
 20
1142912.4359
 10
1546871.5062
 20
1137523.7208
 10
1551311.59
 20
1135610.1547
 10
1554615.5867
 20
1135190.638
 10
1556893.1224
 20
1134569.2393
 10
1557954.0378
 20
1134193.7626
 10
1556403.0639
 20
1133797.3949
 10
1552407.2057
 20
1133325.8759
 10
1547044.1966
 20
1129892.8746
 10
1542532.4124
 20
1125324.73
 10
1539236.4203
 20
1118844.8279
 10
1539169.4841
 20
1113010.9385
 10
1540428.7994
 20
1108170.82
 10
1541779.0568
 20
1104835.7098
 10
1542744.0531
 20
1101985.3759
 10
1543303.1327
 20
1100601.1558
 10
1545080.9675
 20
1098643.9379
 10
1551861.9546
 20
1094557.2571
 10
1553348.405
 20
1094525.7551
 10
1560769.7663
 20
1094370.0123
 10
1561702.714
 20
1094611.1837
 10
1569820.2632
 20
1096713.3359
 10
1575809.7407
 20
1102399.4498
 10
1579440.7419
 20
1106600.7208
 10
1580481.372
 20
1111067.6596
 10
1580498.3016
 20
1113598.5521
 10
1579630.0435
 20
1116546.1951
 10
1581548.8617
 20
1116328.7822
 10
1588883.7921
 20
1118474.8595
 10
1596001.0936
 20
1123736.3267
 10
1600599.3813
 20
1128701.429
 10
1604527.4089
 20
1134006.6721
 10
1607568.0043
 20
1137163.4101
 10
1609899.9621
 20
1138549.4838
 10
1611070.6691
 20
1140086.744
 10
1613178.3104
 20
1140324.1906
 10
1618213.2052
 20
1145642.543
 10
1621463.91
 20
1151809.0526
 10
1624874.7512
 20
1157597.3246
 10
1625090.2033
 20
1161212.3571
 10
1624795.9392
 20
1163933.2893
 10
1624390.6717
 20
1165932.8391
 10
1627753.2734
 20
1167882.6821
 10
1631174.6626
 20
1171685.1733
 10
1634515.8283
 20
1176366.8226
 10
1636754.4682
 20
1182164.1839
 10
1637969.9467
 20
1188507.8827
 10
1637148.5491
 20
1193070.6874
 10
1634479.7983
 20
1196705.562
 10
1632517.7854
 20
1199392.1335
 10
1629688.273
 20
1202173.9134
 10
1627486.8178
 20
1204527.8683
 10
1623416.1542
 20
1206244.3505
 10
1623155.2751
 20
1206354.6483
 10
1618769.1873
 20
1207221.7159
 10
1613512.8027
 20
1206943.3102
 10
1608998.8794
 20
1206913.2664
 10
1602637.7413
 20
1204364.5882
 10
1599486.2018
 20
1201942.4858
 10
1597558.468
 20
1199300.5257
 10
1596520.4112
 20
1197553.1781
 10
1596301.3481
 20
1196278.1413
 10
1594310.476
 20
1195790.5059
 10
1592755.4363
 20
1194964.7759
 10
1590254.3084
 20
1193122.6943
 10
1588614.1038
 20
1192275.8371
 10
1582860.3315
 20
1194659.2485
 10
1576992.7498
 20
1195431.6002
 10
1574226.1931
 20
1195346.9915
 10
1568360.7672
 20
1194049.7915
 10
1563763.5685
 20
1191802.7299
 10
1562148.0729
 20
1190144.2306
 10
1560365.4142
 20
1190280.3717
 10
1556660.05
 20
1190014.9861
 10
1553657.0208
 20
1189074.2165
 10
1551383.9168
 20
1187062.4739
 10
1549667.6345
 20
1184336.3968
 10
1549252.3722
 20
1183207.73
 10
1547231.9273
 20
1182618.3481
 10
1543302.9372
 20
1178424.8667
 10
1539325.6761
 20
1172159.1829
 10
1536749.2788
 20
1166723.0278
  0
LWPOLYLINE
  5
29B
330
17
100
AcDbEntity
  8
COUNTY_BOUNDARY
100
AcDbPolyline
 90
71
 70
0
 10
4408723.3814
 20
608803.5124
 10
4408648.9395
 20
605593.3152
 10
4412366.1611
 20
598686.4202
 10
4418418.1179
 20
593091.3791
 10
4424844.2523
 20
591088.1746
 10
4426745.0635
 20
590624.2367
 10
4427342.5643
 20
590560.2484
 10
4427631.1691
 20
589772.1695
 10
4427698.7265
 20
589587.0806
 10
4432158.5157
 20
586060.3622
 10
4439963.9534
 20
584857.7114
 10
4446545.9497
 20
586328.0293
 10
4451960.9885
 20
590494.304
 10
4455985.4665
 20
595090.5921
 10
4459293.8507
 20
598833.9633
 10
4462782.13
 20
603252.8774
 10
4464548.8219
 20
605059.5135
 10
4465061.0296
 20
606016.2644
 10
4466539.8863
 20
606039.6921
 10
4470015.2067
 20
606658.8486
 10
4475963.4525
 20
608723.4003
 10
4479342.5495
 20
609985.0031
 10
4486563.8191
 20
613115.8058
 10
4491810.8754
 20
617930.8343
 10
4494812.756
 20
620688.4028
 10
4500122.9492
 20
629839.7715
 10
4502966.158
 20
637820.5341
 10
4505162.7378
 20
642506.3462
 10
4506520.9368
 20
644560.4148
 10
4506777.1888
 20
645232.9328
 10
4506908.7609
 20
647110.2647
 10
4506740.0822
 20
648817.2926
 10
4506384.8918
 20
652408.2773
 10
4505632.8215
 20
658110.1284
 10
4505197.3124
 20
659503.3592
 10
4504157.1745
 20
662830.4003
 10
4503776.7115
 20
664048.4929
 10
4499840.9569
 20
670296.7122
 10
4496878.0395
 20
674778.9718
 10
4492674.7309
 20
677401.2878
 10
4490139.6281
 20
677998.5146
 10
4488862.7587
 20
678093.5656
 10
4487699.0057
 20
679145.49
 10
4483966.4487
 20
681498.5354
 10
4482547.7747
 20
681728.6618
 10
4479964.285
 20
682148.0453
 10
4477488.9497
 20
681974.8893
 10
4473298.8403
 20
683052.9931
 10
4469065.6711
 20
683813.7541
 10
4462609.8323
 20
683122.2718
 10
4458064.6607
 20
682259.4269
 10
4453845.8979
 20
679911.0231
 10
4451019.6937
 20
677694.527
 10
4449293.2515
 20
676372.0093
 10
4447195.4477
 20
674208.4022
 10
4446245.2967
 20
674293.5138
 10
4444229.3412
 20
673394.7178
 10
4438953.0661
 20
670426.0258
 10
4435680.8059
 20
667582.359
 10
4431881.2536
 20
662726.7308
 10
4429639.2885
 20
659291.9204
 10
4429119.2582
 20
657775.0422
 10
4425825.0594
 20
656000.8144
 10
4419293.4433
 20
649961.2374
 10
4416472.8509
 20
645395.9424
 10
4414612.0016
 20
642386.4781
 10
4412144.2481
 20
632379.5427
 10
4410962.273
 20
624131.6364
 10
4410840.231
 20
620867.4898
 10
4408862.4046
 20
614793.9791
 10
4408723.3814
 20
608803.5124
  0
LWPOLYLINE
  5
29C
330
17
100
AcDbEntity
  8
COUNTY_BOUNDARY
100
AcDbPolyline
 90
65
 70
0
 10
4306824.0935
 20
573472.7099
 10
4307028.0526
 20
568831.5919
 10
4309060.996
 20
561814.7335
 10
4311015.5148
 20
556997.2129
 10
4311550.4249
 20
555678.9706
 10
4314150.0916
 20
551451.2384
 10
4316204.3991
 20
549090.3337
 10
4318342.5086
 20
547848.5619
 10
4324830.8036
 20
545094.6378
 10
4330933.512
 20
542948.5733
 10
4337664.5348
 20
542693.918
 10
4341782.3251
 20
543412.7519
 10
4346003.5418
 20
544151.2473
 10
4350413.243
 20
546343.4156
 10
4352112.8355
 20
547759.4048
 10
4354453.0839
 20
549854.3763
 10
4357391.5313
 20
552762.6225
 10
4360374.1993
 20
556720.8193
 10
4360827.381
 20
557465.913
 10
4362432.0888
 20
560106.4016
 10
4364800.9397
 20
564425.8464
 10
4367107.9707
 20
571438.3756
 10
4368695.9237
 20
578265.6057
 10
4368806.6949
 20
583741.8936
 10
4368892.3958
 20
586087.1451
 10
4368751.8982
 20
587337.2926
 10
4370918.0123
 20
587757.5201
 10
4374655.9158
 20
590082.0897
 10
4378907.9297
 20
593040.0827
 10
4379281.6071
 20
593496.8027
 10
4382011.0378
 20
596835.5233
 10
4385114.8745
 20
603449.1936
 10
4385748.9559
 20
606639.51
 10
4386749.5828
 20
611677.8738
 10
4387444.7651
 20
617248.418
 10
4386882.6176
 20
621229.6876
 10
4386192.817
 20
623719.4401
 10
4384099.4249
 20
625897.5666
 10
4382392.9342
 20
627345.2438
 10
4378326.434
 20
629345.3393
 10
4375519.682
 20
631229.1
 10
4375120.2991
 20
631497.3084
 10
4369772.7703
 20
633286.0058
 10
4366003.7655
 20
634259.2864
 10
4359186.9039
 20
635010.3353
 10
4354976.3184
 20
634895.6107
 10
4351768.8696
 20
634311.2279
 10
4350586.6705
 20
634074.8413
 10
4348411.8598
 20
632611.8676
 10
4344986.3337
 20
628675.5434
 10
4342226.3653
 20
624312.8062
 10
4339313.5092
 20
618541.5399
 10
4337515.8189
 20
614587.6291
 10
4336576.9264
 20
612950.909
 10
4336602.9865
 20
611994.8839
 10
4335827.0349
 20
612055.4918
 10
4334273.5056
 20
611891.3653
 10
4329548.2487
 20
611144.3308
 10
4322673.3617
 20
607380.3594
 10
4316802.999
 20
602244.9315
 10
4315998.4912
 20
601541.9788
 10
4309698.9719
 20
594238.1016
 10
4307414.624
 20
585933.3522
 10
4306658.0531
 20
577247.1671
 10
4306824.0935
 20
573472.7099
  0
LWPOLYLINE
  5
29D
330
17
100
AcDbEntity
  8
COUNTY_BOUNDARY
100
AcDbPolyline
 90
96
 70
0
 10
4015041.0834
 20
478313.5404
 10
4015754.6453
 20
474231.25
 10
4018494.858
 20
467459.1278
 10
4020265.89
 20
465022.6862
 10
4022998.291
 20
461265.1373
 10
4025945.0959
 20
459159.7403
 10
4027941.5177
 20
458954.4124
 10
4029627.4229
 20
459528.9538
 10
4031330.299
 20
457829.3315
 10
4034958.0533
 20
456440.5932
 10
4036237.2444
 20
456205.2656
 10
4039547.5291
 20
455596.7255
 10
4042689.6803
 20
455814.8273
 10
4045522.5009
 20
456044.4381
 10
4048493.5681
 20
457156.0088
 10
4049867.9564
 20
456460.3498
 10
4055647.4118
 20
455981.9331
 10
4063182.3887
 20
457040.8771
 10
4066779.5303
 20
458741.444
 10
4069516.5187
 20
461198.148
 10
4070903.5507
 20
462950.5841
 10
4072596.3372
 20
462938.7148
 10
4076433.0325
 20
464045.1806
 10
4079965.6232
 20
465743.084
 10
4081404.5571
 20
467247.9908
 10
4085794.6378
 20
467124.1054
 10
4086290.1735
 20
467255.2496
 10
4092384.9601
 20
468872.0352
 10
4097372.2703
 20
472763.5474
 10
4099740.9917
 20
475870.4317
 10
4100920.5624
 20
477174.3226
 10
4101547.2329
 20
478086.7796
 10
4102832.3752
 20
478345.7516
 10
4106598.0355
 20
480072.301
 10
4109802.9838
 20
482150.2622
 10
4111876.6364
 20
483496.0195
 10
4115291.2297
 20
487195.3654
 10
4116267.1604
 20
489220.2307
 10
4116416.2092
 20
489643.5756
 10
4119921.1785
 20
490651.5116
 10
4124546.9716
 20
495319.8818
 10
4127293.6717
 20
500306.2144
 10
4128123.5628
 20
502845.848
 10
4127955.4316
 20
506805.6079
 10
4127788.3682
 20
507208.7545
 10
4126068.2864
 20
511357.9518
 10
4124775.8087
 20
514622.5167
 10
4124104.1867
 20
516221.5108
 10
4123900.593
 20
516748.1466
 10
4124429.7231
 20
518344.0915
 10
4124307.3501
 20
519586.3195
 10
4124063.1794
 20
522064.5932
 10
4122309.6538
 20
525809.8644
 10
4117953.6182
 20
530526.3872
 10
4112173.791
 20
534723.3886
 10
4107115.532
 20
537425.8062
 10
4102047.3217
 20
538626.6134
 10
4099015.9264
 20
539224.1344
 10
4098958.2872
 20
539258.8386
 10
4098129.5414
 20
539756.3998
 10
4097537.7469
 20
540121.7021
 10
4096152.264
 20
541752.1948
 10
4093496.7418
 20
543828.1912
 10
4088120.4612
 20
546475.9334
 10
4083648.7091
 20
547430.6144
 10
4079576.4275
 20
547087.0347
 10
4077813.0716
 20
545819.7862
 10
4077532.8516
 20
545557.6845
 10
4076309.7615
 20
545756.0249
 10
4072755.4791
 20
546374.4582
 10
4069102.645
 20
545399.3762
 10
4064922.4475
 20
543632.5766
 10
4063774.0557
 20
542162.7903
 10
4059801.9029
 20
540716.7416
 10
4055931.4642
 20
538147.7339
 10
4053087.0752
 20
535768.7262
 10
4051135.5949
 20
534319.3635
 10
4049549.5028
 20
534028.3391
 10
4045762.5462
 20
532216.2037
 10
4043363.5096
 20
530314.5396
 10
4040437.104
 20
529459.0081
 10
4038356.4851
 20
528741.1633
 10
4032495.9426
 20
524249.7763
 10
4029762.7404
 20
519371.0099
 10
4027850.2359
 20
513837.0275
 10
4026914.4151
 20
511246.8649
 10
4025550.0642
 20
509999.5465
 10
4024412.9496
 20
507426.5344
 10
4022922.8889
 20
503511.5694
 10
4022683.2902
 20
502882.9438
 10
4018541.0583
 20
496837.1319
 10
4015953.9495
 20
489458.9464
 10
4015520.0985
 20
484596.702
 10
4016652.3065
 20
482745.7801
 10
4015584.4933
 20
481092.4436
 10
4015041.0834
 20
478313.5404
  0
LWPOLYLINE
  5
29E
330
17
100
AcDbEntity
  8
COUNTY_BOUNDARY
100
AcDbPolyline
 90
32
 70
0
 10
3454570.1239
 20
451041.4966
 10
3455029.4659
 20
446534.0705
 10
3456192.5883
 20
443735.4294
 10
3457028.1273
 20
441498.0176
 10
3459109.8658
 20
435855.6701
 10
3461496.6079
 20
432484.3247
 10
3461887.3204
 20
432101.7499
 10
3465652.4297
 20
428417.983
 10
3471069.2824
 20
425679.1423
 10
3475644.651
 20
425803.8153
 10
3479908.1704
 20
426764.1073
 10
3482318.6459
 20
427650.4495
 10
3484979.984
 20
429304.0291
 10
3487581.065
 20
431064.2445
 10
3490791.2207
 20
434364.5945
 10
3493550.3595
 20
439085.9368
 10
3495366.478
 20
442017.7104
 10
3496887.9328
 20
445954.4102
 10
3496794.8159
 20
449840.7039
 10
3496788.3117
 20
450108.5719
 10
3495377.6267
 20
452970.0609
 10
3492859.8023
 20
458195.0591
 10
3488969.1565
 20
462386.2991
 10
3483271.2655
 20
466460.7091
 10
3479600.2492
 20
468169.0591
 10
3477892.5296
 20
468677.3926
 10
3475474.7727
 20
468089.4384
 10
3475398.6763
 20
468086.693
 10
3472580.111
 20
467765.9364
 10
3465550.0713
 20
465254.6656
 10
3458985.3797
 20
460634.7001
 10
3454570.1239
 20
451041.4966
  0
LWPOLYLINE
  5
29F
330
17
100
AcDbEntity
  8
COUNTY_BOUNDARY
100
AcDbPolyline
 90
37
 70
0
 10
3368396.4701
 20
432105.3041
 10
3368571.713
 20
426410.2554
 10
3369945.9241
 20
420750.6165
 10
3370961.9749
 20
418861.3593
 10
3372825.7448
 20
416878.7768
 10
3375383.9563
 20
414300.7032
 10
3379413.639
 20
410108.6243
 10
3385224.1967
 20
406596.9624
 10
3390436.951
 20
404632.1657
 10
3393488.5039
 20
404784.5655
 10
3396414.5846
 20
405408.64
 10
3398684.5734
 20
406470.1458
 10
3399386.7413
 20
406799.0729
 10
3403349.8009
 20
409680.6998
 10
3407299.8871
 20
414039.4329
 10
3409703.5362
 20
418659.7804
 10
3411203.4041
 20
422175.8549
 10
3413229.6924
 20
425774.1367
 10
3414537.7017
 20
428271.9509
 10
3414624.1718
 20
432053.7704
 10
3414210.2867
 20
433884.3125
 10
3413016.921
 20
437436.5626
 10
3411115.4135
 20
440595.8499
 10
3407105.5288
 20
444786.3672
 10
3402670.0337
 20
448562.1468
 10
3398234.6523
 20
450731.8673
 10
3395462.7564
 20
451812.8646
 10
3395360.4983
 20
451853.0217
 10
3394666.9437
 20
452190.5125
 10
3392938.0625
 20
452011.2032
 10
3391866.8385
 20
451811.4105
 10
3389635.449
 20
451860.0695
 10
3385538.9911
 20
451774.1571
 10
3380955.1976
 20
449753.3855
 10
3375150.5972
 20
445735.1026
 10
3369651.9819
 20
437835.5461
 10
3368396.4701
 20
432105.3041
  0
LWPOLYLINE
  5
2A0
330
17
100
AcDbEntity
  8
COUNTY_BOUNDARY
100
AcDbPolyline
 90
57
 70
0
 10
2930571.5426
 20
338009.3225
 10
2930458.5678
 20
335317.8996
 10
2930805.9837
 20
332892.5714
 10
2930992.4839
 20
330657.2954
 10
2931551.5086
 20
328438.8308
 10
2932489.0472
 20
327109.7301
 10
2932748.8662
 20
326265.8408
 10
2932959.0844
 20
325584.0367
 10
2934567.0328
 20
322393.5705
 10
2936520.8684
 20
319867.029
 10
2937249.7455
 20
319081.9244
 10
2938969.6852
 20
317230.2681
 10
2942662.305
 20
313640.9248
 10
2944701.7577
 20
311467.4258
 10
2948688.9245
 20
310000.9375
 10
2952736.5977
 20
310142.1785
 10
2955075.9392
 20
310057.1541
 10
2955343.9848
 20
310047.768
 10
2957550.2162
 20
310274.285
 10
2960208.0058
 20
310993.4821
 10
2961467.7031
 20
311582.4292
 10
2963603.4123
 20
312394.9557
 10
2967387.837
 20
314619.1392
 10
2968719.4366
 20
315402.2167
 10
2973054.7131
 20
318439.6954
 10
2975270.5555
 20
321105.83
 10
2977269.1807
 20
324338.9301
 10
2979007.3056
 20
327345.2602
 10
2979934.6243
 20
331632.2032
 10
2979816.549
 20
334191.9102
 10
2979747.5592
 20
335682.7927
 10
2979207.1255
 20
339236.1115
 10
2978604.7031
 20
341289.3188
 10
2977569.5673
 20
343149.4652
 10
2977216.0907
 20
344039.617
 10
2976267.1259
 20
347057.4281
 10
2974941.8196
 20
349826.095
 10
2973073.1371
 20
352226.2095
 10
2970931.9377
 20
354381.2974
 10
2968936.4182
 20
355135.5352
 10
2967992.2166
 20
355643.333
 10
2966204.8834
 20
356605.6548
 10
2960249.2786
 20
359638.8224
 10
2954643.9766
 20
361499.5504
 10
2951877.718
 20
362156.8106
 10
2950402.6458
 20
361350.3617
 10
2948905.2148
 20
360813.5877
 10
2946728.4504
 20
360359.219
 10
2944133.2144
 20
359304.4569
 10
2940570.8754
 20
356133.0014
 10
2938222.5061
 20
352820.1231
 10
2936396.4475
 20
349816.3005
 10
2934678.7068
 20
347393.0828
 10
2932802.6726
 20
345220.9813
 10
2932715.4252
 20
345120.2552
 10
2931108.0485
 20
341173.5668
 10
2930571.5426
 20
338009.3225
  0
LWPOLYLINE
  5
2A1
330
17
100
AcDbEntity
  8
COUNTY_BOUNDARY
100
AcDbPolyline
 90
49
 70
0
 10
2726861.4231
 20
187938.1942
 10
2726776.4312
 20
183362.3928
 10
2728317.5469
 20
179299.6619
 10
2729278.1345
 20
177213.744
 10
2729973.3254
 20
175521.0717
 10
2730459.4713
 20
174517.4111
 10
2731242.1238
 20
173267.8568
 10
2733778.4097
 20
171193.3903
 10
2736197.6699
 20
168518.3384
 10
2740034.929
 20
166555.1311
 10
2743712.5432
 20
165665.7411
 10
2746930.9495
 20
165641.728
 10
2748803.6031
 20
165913.9814
 10
2749436.1805
 20
165114.7381
 10
2751123.8096
 20
163864.6495
 10
2754960.7409
 20
162256.4065
 10
2760736.2434
 20
161534.9661
 10
2762206.9028
 20
161742.9797
 10
2767687.3265
 20
162520.9818
 10
2774743.0617
 20
165340.1942
 10
2779375.6017
 20
169640.2622
 10
2781215.6129
 20
174257.6315
 10
2782111.6275
 20
180140.9109
 10
2782264.2243
 20
183640.6682
 10
2781333.8561
 20
186147.4768
 10
2779170.5908
 20
191650.4495
 10
2777715.2692
 20
193639.9716
 10
2776694.0177
 20
193855.1026
 10
2776356.2096
 20
194681.8061
 10
2775092.8999
 20
197017.3799
 10
2772583.4368
 20
199527.5819
 10
2771188.1143
 20
201390.5826
 10
2767428.5427
 20
203661.9227
 10
2763586.032
 20
205691.337
 10
2762146.0749
 20
206090.8503
 10
2760850.9067
 20
206185.6599
 10
2759143.5892
 20
206311.2436
 10
2754928.8414
 20
205788.0319
 10
2752245.5242
 20
203974.8609
 10
2751801.9104
 20
204302.5836
 10
2749862.7059
 20
205170.7842
 10
2747520.0921
 20
205165.5365
 10
2743658.3473
 20
205040.9588
 10
2740534.0625
 20
203888.8243
 10
2736710.7399
 20
202234.5282
 10
2733196.7747
 20
199874.1833
 10
2728982.5553
 20
195127.0203
 10
2727498.406
 20
190929.7716
 10
2726861.4231
 20
187938.1942
  0
LWPOLYLINE
  5
2A2
330
17
100
AcDbEntity
  8
COUNTY_BOUNDARY
100
AcDbPolyline
 90
66
 70
0
 10
2611423.7083
 20
298818.3438
 10
2611928.919
 20
294273.0562
 10
2612773.5297
 20
291253.0758
 10
2613594.6985
 20
290113.8361
 10
2614529.0036
 20
288661.2896
 10
2617658.4272
 20
285294.6777
 10
2620320.8809
 20
282502.2456
 10
2622930.7814
 20
280610.0525
 10
2625041.5092
 20
279209.3179
 10
2627958.2358
 20
276483.2426
 10
2630505.3456
 20
272796.6631
 10
2633863.5157
 20
269794.3549
 10
2636522.3424
 20
267648.9902
 10
2639433.1182
 20
266263.1863
 10
2642162.9592
 20
265723.8005
 10
2644465.7838
 20
266007.8174
 10
2646629.6415
 20
265477.0474
 10
2652305.5234
 20
266224.177
 10
2657330.3008
 20
267533.342
 10
2659748.6075
 20
268441.2204
 10
2663044.1445
 20
269680.0115
 10
2666590.6805
 20
271517.1214
 10
2668547.5428
 20
273093.5391
 10
2672329.3426
 20
277196.9916
 10
2675700.8868
 20
281113.3801
 10
2677441.949
 20
284019.71
 10
2678628.2812
 20
289154.5441
 10
2680400.5398
 20
295385.2178
 10
2681798.1706
 20
299545.1135
 10
2681954.7463
 20
302861.6472
 10
2680502.0466
 20
304891.0641
 10
2679354.3047
 20
305783.1475
 10
2679220.3757
 20
306496.4008
 10
2678455.7984
 20
309175.2619
 10
2677090.3038
 20
312604.1389
 10
2674797.5106
 20
316334.7388
 10
2674202.2596
 20
317605.5253
 10
2673644.9553
 20
318768.983
 10
2672760.1452
 20
321516.5803
 10
2669424.9248
 20
324999.9579
 10
2666474.6701
 20
327497.0731
 10
2664337.1463
 20
329191.6269
 10
2661187.2939
 20
331117.2383
 10
2658672.8249
 20
332855.098
 10
2656387.7666
 20
334266.7211
 10
2655625.9173
 20
334807.1167
 10
2654646.3874
 20
335270.4658
 10
2651569.0841
 20
336333.8249
 10
2651307.2048
 20
336354.2106
 10
2645984.1722
 20
336771.6393
 10
2641750.8895
 20
337024.0235
 10
2639651.1069
 20
336961.4591
 10
2638350.7565
 20
336873.704
 10
2637787.5648
 20
336592.0631
 10
2636538.3196
 20
336061.8451
 10
2635091.303
 20
334892.9613
 10
2629006.9958
 20
332382.6884
 10
2627917.7155
 20
331870.7971
 10
2625610.116
 20
329750.9481
 10
2622059.4745
 20
326618.6541
 10
2619172.7283
 20
322526.9337
 10
2616222.0589
 20
317914.0075
 10
2614341.8377
 20
312318.2982
 10
2613095.0537
 20
306853.084
 10
2612335.8192
 20
302842.0597
 10
2611423.7083
 20
298818.3438
  0
LWPOLYLINE
  5
2A3
330
17
100
AcDbEntity
  8
COUNTY_BOUNDARY
100
AcDbPolyline
 90
135
 70
0
 10
2564674.4443
 20
226193.4609
 10
2564284.1627
 20
222516.3159
 10
2564456.0618
 20
218031.0847
 10
2565967.7849
 20
212046.4182
 10
2568887.4887
 20
206580.1155
 10
2570485.04
 20
204918.599
 10
2574355.115
 20
202699.2899
 10
2577896.1113
 20
201379.332
 10
2578966.9197
 20
201163.4562
 10
2581451.2954
 20
200875.4804
 10
2585339.2017
 20
201479.6461
 10
2588949.2692
 20
202768.0475
 10
2590359.6081
 20
203542.6414
 10
2591283.7716
 20
204007.894
 10
2593702.8452
 20
203465.8287
 10
2597275.4311
 20
204715.9373
 10
2600127.4944
 20
206219.6466
 10
2602557.4915
 20
207956.1653
 10
2604644.2324
 20
210320.3009
 10
2606945.1537
 20
213506.6914
 10
2608489.3113
 20
215902.0326
 10
2609089.0416
 20
218147.024
 10
2609766.9597
 20
219970.4764
 10
2610091.5186
 20
218523.8332
 10
2611565.5506
 20
216157.9765
 10
2613368.4598
 20
212641.4685
 10
2614985.1933
 20
209994.2836
 10
2616607.457
 20
208328.4069
 10
2617953.4945
 20
207390.3622
 10
2618432.0505
 20
207362.5718
 10
2619049.4303
 20
206113.6342
 10
2620515.0583
 20
203997.4498
 10
2623183.8099
 20
201684.6743
 10
2625872.3644
 20
200018.973
 10
2627057.3491
 20
199904.7284
 10
2627521.5118
 20
200361.8778
 10
2628275.3897
 20
198515.2751
 10
2630499.9272
 20
195831.2877
 10
2634609.2091
 20
192385.1745
 10
2637395.5464
 20
191504.5543
 10
2642771.2693
 20
189807.9739
 10
2646799.3723
 20
190279.1525
 10
2648612.0617
 20
191256.8393
 10
2649815.9058
 20
190703.316
 10
2652924.8542
 20
190455.9295
 10
2658124.6664
 20
191001.884
 10
2662330.3602
 20
191963.2803
 10
2667887.7789
 20
194285.5599
 10
2672054.3415
 20
197424.8382
 10
2673532.1625
 20
199009.0876
 10
2673934.964
 20
200368.4439
 10
2674898.3458
 20
200201.9613
 10
2677666.0712
 20
200935.8991
 10
2679787.1449
 20
202064.8206
 10
2680592.793
 20
202601.1025
 10
2684455.95
 20
199630.9376
 10
2689480.4867
 20
197177.1742
 10
2694468.3207
 20
195791.1517
 10
2700005.0125
 20
195942.5992
 10
2704253.6573
 20
198049.8581
 10
2707560.1947
 20
200110.7925
 10
2710093.7575
 20
202154.3776
 10
2710852.5404
 20
203384.8567
 10
2711454.8953
 20
204391.7793
 10
2712538.1318
 20
204265.7171
 10
2717348.327
 20
206236.9197
 10
2721849.0747
 20
207933.3282
 10
2725475.5683
 20
210538.3422
 10
2728782.6744
 20
214420.5375
 10
2729914.6258
 20
218952.891
 10
2730233.2407
 20
223680.3318
 10
2728581.7125
 20
228672.2184
 10
2727228.2566
 20
231973.2506
 10
2723714.272
 20
236217.6747
 10
2719678.9859
 20
239156.3638
 10
2715313.3238
 20
241132.2686
 10
2713228.3932
 20
241633.8297
 10
2712004.3566
 20
241196.4729
 10
2711060.7199
 20
242138.5495
 10
2709647.6875
 20
243790.3948
 10
2705818.6729
 20
246948.6152
 10
2704224.2445
 20
248339.9705
 10
2699871.7658
 20
250564.4178
 10
2695625.3597
 20
251256.4505
 10
2693862.3011
 20
250818.2571
 10
2692208.5783
 20
250189.2784
 10
2689957.908
 20
251764.3059
 10
2686295.5642
 20
253257.3572
 10
2683913.0629
 20
253984.7338
 10
2682970.0174
 20
254273.1543
 10
2677104.3478
 20
254268.2207
 10
2672945.6467
 20
253366.2372
 10
2668762.1713
 20
252005.939
 10
2662001.659
 20
250005.5777
 10
2658267.9071
 20
247028.206
 10
2655771.5136
 20
244146.6675
 10
2653651.7081
 20
241159.3031
 10
2652323.2268
 20
238916.1797
 10
2651792.0034
 20
237735.4589
 10
2651873.4937
 20
237223.7898
 10
2651383.9511
 20
237592.2702
 10
2650473.1391
 20
238087.354
 10
2648884.6185
 20
238474.6358
 10
2648124.3043
 20
238372.9325
 10
2646808.9599
 20
239895.8646
 10
2642358.7596
 20
242522.1454
 10
2638693.2117
 20
244602.9463
 10
2634852.886
 20
245565.1902
 10
2629044.5553
 20
244324.1904
 10
2624238.8489
 20
242665.6224
 10
2621153.6798
 20
240509.5161
 10
2617333.696
 20
237536.1841
 10
2614047.4565
 20
234408.5249
 10
2611629.3641
 20
231312.3718
 10
2610860.6652
 20
229331.1134
 10
2610489.7613
 20
228162.1941
 10
2610251.5102
 20
229721.1055
 10
2609295.114
 20
232308.4322
 10
2607181.3013
 20
235448.0988
 10
2605018.15
 20
238210.8616
 10
2602029.2016
 20
242131.3969
 10
2599303.7359
 20
244845.6726
 10
2595055.2474
 20
247797.2
 10
2590867.5617
 20
249512.3493
 10
2586992.9391
 20
250579.5277
 10
2584765.245
 20
250398.1988
 10
2581908.1049
 20
249943.0489
 10
2580537.7779
 20
249514.3881
 10
2578725.289
 20
248855.6665
 10
2576092.1846
 20
247488.2626
 10
2573773.5263
 20
246183.2714
 10
2571258.982
 20
244053.6393
 10
2567078.9809
 20
238135.5496
 10
2564890.8097
 20
233040.0688
 10
2564674.4443
 20
226193.4609
  0
LWPOLYLINE
  5
2A4
330
17
100
AcDbEntity
  8
COUNTY_BOUNDARY
100
AcDbPolyline
 90
89
 70
0
 10
2541531.3174
 20
120272.1109
 10
2541067.3021
 20
114301.0338
 10
2541499.5294
 20
110991.4337
 10
2541757.0075
 20
109239.5796
 10
2541778.4787
 20
108762.7954
 10
2542828.7227
 20
99770.8265
 10
2545320.355
 20
90426.1555
 10
2550529.3454
 20
83270.2255
 10
2561136.1478
 20
79630.1407
 10
2575721.1483
 20
80442.9091
 10
2587521.0757
 20
91193.4976
 10
2594580.2265
 20
100129.8705
 10
2598602.4917
 20
106020.6642
 10
2598899.0811
 20
106482.294
 10
2598592.8701
 20
107326.2665
 10
2599516.841
 20
107335.8549
 10
2601025.236
 20
107766.7606
 10
2603436.4227
 20
108543.1803
 10
2606543.9836
 20
110447.8521
 10
2608338.7134
 20
112075.2827
 10
2608862.7377
 20
112065.1981
 10
2610324.3644
 20
112395.7964
 10
2612468.1903
 20
113858.8867
 10
2615191.9657
 20
116349.5947
 10
2616991.287
 20
119524.7259
 10
2617303.7091
 20
120493.8872
 10
2618223.9531
 20
120266.7833
 10
2619983.3715
 20
120558.4337
 10
2623021.5682
 20
122050.8277
 10
2627326.3575
 20
124302.2875
 10
2630710.4692
 20
128051.5698
 10
2633010.2413
 20
130904.8466
 10
2633308.73
 20
131914.9963
 10
2633681.7932
 20
133058.4911
 10
2634241.298
 20
135032.4217
 10
2634637.1672
 20
137101.9467
 10
2634889.3472
 20
139260.7916
 10
2635197.0985
 20
141228.1949
 10
2635512.752
 20
143403.9065
 10
2635279.1506
 20
146869.7184
 10
2634851.5075
 20
148776.5231
 10
2634306.8661
 20
151964.865
 10
2634041.9192
 20
152859.0982
 10
2633425.2862
 20
155447.8403
 10
2632388.411
 20
157454.0313
 10
2631274.3252
 20
159800.5758
 10
2629835.8765
 20
162751.2231
 10
2627474.9878
 20
165986.8166
 10
2625262.1216
 20
168188.0095
 10
2623473.6058
 20
169486.1354
 10
2621225.4636
 20
171126.2998
 10
2620312.3591
 20
171346.1131
 10
2619182.6598
 20
172671.9073
 10
2618355.5463
 20
173931.8441
 10
2616257.6844
 20
175647.4018
 10
2614274.5185
 20
176748.4142
 10
2611157.5822
 20
178232.8439
 10
2608223.1304
 20
179222.988
 10
2606588.1104
 20
179947.8618
 10
2604908.0487
 20
180523.8624
 10
2603797.3999
 20
180868.5993
 10
2601882.87
 20
181064.7504
 10
2599070.9264
 20
180961.2009
 10
2595613.5814
 20
179580.326
 10
2592574.9473
 20
177398.8048
 10
2588821.6005
 20
174821.56
 10
2585022.0812
 20
171179.7572
 10
2582140.5227
 20
167356.7403
 10
2579860.07
 20
163918.8072
 10
2578251.4419
 20
160711.4255
 10
2577557.8608
 20
160314.7192
 10
2575920.1129
 20
159219.3666
 10
2574545.7863
 20
157923.5429
 10
2573112.7553
 20
153972.7215
 10
2571061.8221
 20
148658.2916
 10
2570716.5846
 20
146002.0383
 10
2570680.9701
 20
144475.0453
 10
2569240.8039
 20
144816.9404
 10
2568457.4534
 20
144945.1864
 10
2565361.6878
 20
144734.1066
 10
2560892.7433
 20
143788.9571
 10
2558619.8164
 20
142920.7519
 10
2555403.2142
 20
141253.2854
 10
2553064.1001
 20
139697.3398
 10
2549995.2389
 20
136660.5143
 10
2547298.6805
 20
133540.7028
 10
2545106.7572
 20
130158.5833
 10
2542822.5497
 20
125821.9157
 10
2541531.3174
 20
120272.1109
  0
TEXT
  5
2A5
330
17
100
AcDbEntity
  8
COUNTY_LABEL
100
AcDbText
 10
3287749.7718
 20
341712.638
 30
0.0
 40
80.0
  1
Aleutians West Census Area County
100
AcDbText
  0
LWPOLYLINE
  5
2A6
330
17
100
AcDbEntity
  8
PLSS_SECTION
100
AcDbPolyline
 90
14
 70
0
 10
3138728.6056
 20
322416.6043
 10
3133448.6949
 20
322463.2499
 10
3133404.5766
 20
317183.5838
 10
3138499.7782
 20
317138.5568
 10
3138583.4876
 20
317259.382
 10
3138688.6594
 20
317625.4489
 10
3138695.3356
 20
318424.9124
 10
3138590.4049
 20
318489.1578
 10
3138254.9913
 20
318507.9836
 10
3138699.2805
 20
318899.3498
 10
3138715.9275
 20
320895.5196
 10
3138676.3
 20
321089.9685
 10
3138718.1029
 20
321156.2677
 10
3138728.6056
 20
322416.6043
  0
LINE
  5
2A7
330
17
100
AcDbEntity
  8
PLSS_SECTION_3D
100
AcDbLine
 10
3138689.1044
 20
317678.7465
 30
19.1246
 11
3138689.5495
 21
317732.044
 31
20.2268
  0
LINE
  5
2A8
330
17
100
AcDbEntity
  8
PLSS_SECTION_3D
100
AcDbLine
 10
3138689.5495
 20
317732.044
 30
20.2268
 11
3138689.9946
 21
317785.3416
 31
23.6991
  0
LINE
  5
2A9
330
17
100
AcDbEntity
  8
PLSS_SECTION_3D
100
AcDbLine
 10
3138689.9946
 20
317785.3416
 30
23.6991
 11
3138690.4397
 21
317838.6392
 31
30.3293
  0
LINE
  5
2AA
330
17
100
AcDbEntity
  8
PLSS_SECTION_3D
100
AcDbLine
 10
3138690.4397
 20
317838.6392
 30
30.3293
 11
3138690.8848
 21
317891.9367
 31
36.4859
  0
LINE
  5
2AB
330
17
100
AcDbEntity
  8
PLSS_SECTION_3D
100
AcDbLine
 10
3138690.8848
 20
317891.9367
 30
36.4859
 11
3138691.3298
 21
317945.2343
 31
40.3437
  0
LINE
  5
2AC
330
17
100
AcDbEntity
  8
PLSS_SECTION_3D
100
AcDbLine
 10
3138691.3298
 20
317945.2343
 30
40.3437
 11
3138691.7749
 21
317998.5319
 31
41.9223
  0
LINE
  5
2AD
330
17
100
AcDbEntity
  8
PLSS_SECTION_3D
100
AcDbLine
 10
3138691.7749
 20
317998.5319
 30
41.9223
 11
3138692.22
 21
318051.8294
 31
42.003
  0
LINE
  5
2AE
330
17
100
AcDbEntity
  8
PLSS_SECTION_3D
100
AcDbLine
 10
3138692.22
 20
318051.8294
 30
42.003
 11
3138692.6651
 21
318105.127
 31
41.7084
  0
LINE
  5
2AF
330
17
100
AcDbEntity
  8
PLSS_SECTION_3D
100
AcDbLine
 10
3138692.6651
 20
318105.127
 30
41.7084
 11
3138693.1102
 21
318158.4246
 31
41.6151
  0
LINE
  5
2B0
330
17
100
AcDbEntity
  8
PLSS_SECTION_3D
100
AcDbLine
 10
3138693.1102
 20
318158.4246
 30
41.6151
 11
3138693.5552
 21
318211.7221
 31
41.8372
  0
LINE
  5
2B1
330
17
100
AcDbEntity
  8
PLSS_SECTION_3D
100
AcDbLine
 10
3138693.5552
 20
318211.7221
 30
41.8372
 11
3138694.0003
 21
318265.0197
 31
41.35
  0
LINE
  5
2B2
330
17
100
AcDbEntity
  8
PLSS_SECTION_3D
100
AcDbLine
 10
3138694.0003
 20
318265.0197
 30
41.35
 11
3138694.4454
 21
318318.3173
 31
40.8713
  0
LINE
  5
2B3
330
17
100
AcDbEntity
  8
PLSS_SECTION_3D
100
AcDbLine
 10
3138694.4454
 20
318318.3173
 30
40.8713
 11
3138694.8905
 21
318371.6148
 31
40.6187
  0
LINE
  5
2B4
330
17
100
AcDbEntity
  8
PLSS_SECTION_3D
100
AcDbLine
 10
3138694.8905
 20
318371.6148
 30
40.6187
 11
3138695.3356
 21
318424.9124
 31
40.6
  0
LINE
  5
2B5
330
17
100
AcDbEntity
  8
PLSS_SECTION_3D
100
AcDbLine
 10
3138695.3356
 20
318424.9124
 30
40.6
 11
3138695.3356
 21
318424.9124
 31
40.6
  0
LINE
  5
2B6
330
17
100
AcDbEntity
  8
PLSS_SECTION_3D
100
AcDbLine
 10
3138695.3356
 20
318424.9124
 30
40.6
 11
3138642.8702
 21
318457.0351
 31
50.5033
  0
LINE
  5
2B7
330
17
100
AcDbEntity
  8
PLSS_SECTION_3D
100
AcDbLine
 10
3138642.8702
 20
318457.0351
 30
50.5033
 11
3138590.4049
 21
318489.1578
 31
72.4057
  0
LINE
  5
2B8
330
17
100
AcDbEntity
  8
PLSS_SECTION_3D
100
AcDbLine
 10
3138590.4049
 20
318489.1578
 30
72.4057
 11
3138590.4049
 21
318489.1578
 31
72.4057
  0
LINE
  5
2B9
330
17
100
AcDbEntity
  8
PLSS_SECTION_3D
100
AcDbLine
 10
3138590.4049
 20
318489.1578
 30
72.4057
 11
3138534.5026
 21
318492.2954
 31
86.0375
  0
LINE
  5
2BA
330
17
100
AcDbEntity
  8
PLSS_SECTION_3D
100
AcDbLine
 10
3138534.5026
 20
318492.2954
 30
86.0375
 11
3138478.6004
 21
318495.433
 31
94.5782
  0
LINE
  5
2BB
330
17
100
AcDbEntity
  8
PLSS_SECTION_3D
100
AcDbLine
 10
3138478.6004
 20
318495.433
 30
94.5782
 11
3138422.6981
 21
318498.5707
 31
102.5893
  0
LINE
  5
2BC
330
17
100
AcDbEntity
  8
PLSS_SECTION_3D
100
AcDbLine
 10
3138422.6981
 20
318498.5707
 30
102.5893
 11
3138366.7958
 21
318501.7083
 31
116.9625
  0
LINE
  5
2BD
330
17
100
AcDbEntity
  8
PLSS_SECTION_3D
100
AcDbLine
 10
3138366.7958
 20
318501.7083
 30
116.9625
 11
3138310.8936
 21
318504.8459
 31
133.0914
  0
LINE
  5
2BE
330
17
100
AcDbEntity
  8
PLSS_SECTION_3D
100
AcDbLine
 10
3138310.8936
 20
318504.8459
 30
133.0914
 11
3138254.9913
 21
318507.9836
 31
135.695
  0
LINE
  5
2BF
330
17
100
AcDbEntity
  8
PLSS_SECTION_3D
100
AcDbLine
 10
3138254.9913
 20
318507.9836
 30
135.695
 11
3138254.9913
 21
318507.9836
 31
135.695
  0
LINE
  5
2C0
330
17
100
AcDbEntity
  8
PLSS_SECTION_3D
100
AcDbLine
 10
3138254.9913
 20
318507.9836
 30
135.695
 11
3138295.3812
 21
318543.5623
 31
136.1728
  0
LINE
  5
2C1
330
17
100
AcDbEntity
  8
PLSS_SECTION_3D
100
AcDbLine
 10
3138295.3812
 20
318543.5623
 30
136.1728
 11
3138335.7712
 21
318579.1411
 31
137.3517
  0
LINE
  5
2C2
330
17
100
AcDbEntity
  8
PLSS_SECTION_3D
100
AcDbLine
 10
3138335.7712
 20
318579.1411
 30
137.3517
 11
3138376.1611
 21
318614.7198
 31
142.8952
  0
LINE
  5
2C3
330
17
100
AcDbEntity
  8
PLSS_SECTION_3D
100
AcDbLine
 10
3138376.1611
 20
318614.7198
 30
142.8952
 11
3138416.551
 21
318650.2986
 31
157.2067
  0
LINE
  5
2C4
330
17
100
AcDbEntity
  8
PLSS_SECTION_3D
100
AcDbLine
 10
3138416.551
 20
318650.2986
 30
157.2067
 11
3138456.941
 21
318685.8773
 31
174.389
  0
LINE
  5
2C5
330
17
100
AcDbEntity
  8
PLSS_SECTION_3D
100
AcDbLine
 10
3138456.941
 20
318685.8773
 30
174.389
 11
3138497.3309
 21
318721.456
 31
181.9714
  0
LINE
  5
2C6
330
17
100
AcDbEntity
  8
PLSS_SECTION_3D
100
AcDbLine
 10
3138497.3309
 20
318721.456
 30
181.9714
 11
3138537.7208
 21
318757.0348
 31
181.9593
  0
LINE
  5
2C7
330
17
100
AcDbEntity
  8
PLSS_SECTION_3D
100
AcDbLine
 10
3138537.7208
 20
318757.0348
 30
181.9593
 11
3138578.1107
 21
318792.6135
 31
172.7011
  0
LINE
  5
2C8
330
17
100
AcDbEntity
  8
PLSS_SECTION_3D
100
AcDbLine
 10
3138578.1107
 20
318792.6135
 30
172.7011
 11
3138618.5007
 21
318828.1923
 31
155.8813
  0
LINE
  5
2C9
330
17
100
AcDbEntity
  8
PLSS_SECTION_3D
100
AcDbLine
 10
3138618.5007
 20
318828.1923
 30
155.8813
 11
3138658.8906
 21
318863.771
 31
128.904
  0
LINE
  5
2CA
330
17
100
AcDbEntity
  8
PLSS_SECTION_3D
100
AcDbLine
 10
3138658.8906
 20
318863.771
 30
128.904
 11
3138699.2805
 21
318899.3498
 31
93.9503
  0
LINE
  5
2CB
330
17
100
AcDbEntity
  8
PLSS_SECTION_3D
100
AcDbLine
 10
3138699.2805
 20
318899.3498
 30
93.9503
 11
3138699.2805
 21
318899.3498
 31
93.9503
  0
LINE
  5
2CC
330
17
100
AcDbEntity
  8
PLSS_SECTION_3D
100
AcDbLine
 10
3138699.2805
 20
318899.3498
 30
93.9503
 11
3138699.7074
 21
318950.5336
 31
78.1801
  0
LINE
  5
2CD
330
17
100
AcDbEntity
  8
PLSS_SECTION_3D
100
AcDbLine
 10
3138699.7074
 20
318950.5336
 30
78.1801
 11
3138700.1342
 21
319001.7174
 31
64.8155
  0
LINE
  5
2CE
330
17
100
AcDbEntity
  8
PLSS_SECTION_3D
100
AcDbLine
 10
3138700.1342
 20
319001.7174
 30
64.8155
 11
3138700.5611
 21
319052.9013
 31
55.9755
  0
LINE
  5
2CF
330
17
100
AcDbEntity
  8
PLSS_SECTION_3D
100
AcDbLine
 10
3138700.5611
 20
319052.9013
 30
55.9755
 11
3138700.9879
 21
319104.0851
 31
46.0806
  0
LINE
  5
2D0
330
17
100
AcDbEntity
  8
PLSS_SECTION_3D
100
AcDbLine
 10
3138700.9879
 20
319104.0851
 30
46.0806
 11
3138701.4148
 21
319155.269
 31
34.3329
  0
LINE
  5
2D1
330
17
100
AcDbEntity
  8
PLSS_SECTION_3D
100
AcDbLine
 10
3138701.4148
 20
319155.269
 30
34.3329
 11
3138701.8416
 21
319206.4528
 31
23.3456
  0
LINE
  5
2D2
330
17
100
AcDbEntity
  8
PLSS_SECTION_3D
100
AcDbLine
 10
3138701.8416
 20
319206.4528
 30
23.3456
 11
3138702.2684
 21
319257.6367
 31
16.1758
  0
LINE
  5
2D3
330
17
100
AcDbEntity
  8
PLSS_SECTION_3D
100
AcDbLine
 10
3138702.2684
 20
319257.6367
 30
16.1758
 11
3138702.6953
 21
319308.8205
 31
14.4715
  0
LINE
  5
2D4
330
17
100
AcDbEntity
  8
PLSS_SECTION_3D
100
AcDbLine
 10
3138702.6953
 20
319308.8205
 30
14.4715
 11
3138703.1221
 21
319360.0043
 31
17.1446
  0
LINE
  5
2D5
330
17
100
AcDbEntity
  8
PLSS_SECTION_3D
100
AcDbLine
 10
3138703.1221
 20
319360.0043
 30
17.1446
 11
3138703.549
 21
319411.1882
 31
21.342
  0
LINE
  5
2D6
330
17
100
AcDbEntity
  8
PLSS_SECTION_3D
100
AcDbLine
 10
3138703.549
 20
319411.1882
 30
21.342
 11
3138703.9758
 21
319462.372
 31
23.9704
  0
LINE
  5
2D7
330
17
100
AcDbEntity
  8
PLSS_SECTION_3D
100
AcDbLine
 10
3138703.9758
 20
319462.372
 30
23.9704
 11
3138704.4027
 21
319513.5559
 31
26.0113
  0
LINE
  5
2D8
330
17
100
AcDbEntity
  8
PLSS_SECTION_3D
100
AcDbLine
 10
3138704.4027
 20
319513.5559
 30
26.0113
 11
3138704.8295
 21
319564.7397
 31
27.1565
  0
LINE
  5
2D9
330
17
100
AcDbEntity
  8
PLSS_SECTION_3D
100
AcDbLine
 10
3138704.8295
 20
319564.7397
 30
27.1565
 11
3138705.2564
 21
319615.9236
 31
27.6239
  0
LINE
  5
2DA
330
17
100
AcDbEntity
  8
PLSS_SECTION_3D
100
AcDbLine
 10
3138705.2564
 20
319615.9236
 30
27.6239
 11
3138705.6832
 21
319667.1074
 31
28.2327
  0
LINE
  5
2DB
330
17
100
AcDbEntity
  8
PLSS_SECTION_3D
100
AcDbLine
 10
3138705.6832
 20
319667.1074
 30
28.2327
 11
3138706.11
 21
319718.2912
 31
29.3471
  0
LINE
  5
2DC
330
17
100
AcDbEntity
  8
PLSS_SECTION_3D
100
AcDbLine
 10
3138706.11
 20
319718.2912
 30
29.3471
 11
3138706.5369
 21
319769.4751
 31
29.6566
  0
LINE
  5
2DD
330
17
100
AcDbEntity
  8
PLSS_SECTION_3D
100
AcDbLine
 10
3138706.5369
 20
319769.4751
 30
29.6566
 11
3138706.9637
 21
319820.6589
 31
30.4562
  0
LINE
  5
2DE
330
17
100
AcDbEntity
  8
PLSS_SECTION_3D
100
AcDbLine
 10
3138706.9637
 20
319820.6589
 30
30.4562
 11
3138707.3906
 21
319871.8428
 31
30.5282
  0
LINE
  5
2DF
330
17
100
AcDbEntity
  8
PLSS_SECTION_3D
100
AcDbLine
 10
3138707.3906
 20
319871.8428
 30
30.5282
 11
3138707.8174
 21
319923.0266
 31
29.999
  0
LINE
  5
2E0
330
17
100
AcDbEntity
  8
PLSS_SECTION_3D
100
AcDbLine
 10
3138707.8174
 20
319923.0266
 30
29.999
 11
3138708.2443
 21
319974.2105
 31
28.8542
  0
LINE
  5
2E1
330
17
100
AcDbEntity
  8
PLSS_SECTION_3D
100
AcDbLine
 10
3138708.2443
 20
319974.2105
 30
28.8542
 11
3138708.6711
 21
320025.3943
 31
26.4417
  0
LINE
  5
2E2
330
17
100
AcDbEntity
  8
PLSS_SECTION_3D
100
AcDbLine
 10
3138708.6711
 20
320025.3943
 30
26.4417
 11
3138709.098
 21
320076.5781
 31
22.2554
  0
LINE
  5
2E3
330
17
100
AcDbEntity
  8
PLSS_SECTION_3D
100
AcDbLine
 10
3138709.098
 20
320076.5781
 30
22.2554
 11
3138709.5248
 21
320127.762
 31
17.6381
  0
LINE
  5
2E4
330
17
100
AcDbEntity
  8
PLSS_SECTION_3D
100
AcDbLine
 10
3138709.5248
 20
320127.762
 30
17.6381
 11
3138709.9516
 21
320178.9458
 31
15.0472
  0
LINE
  5
2E5
330
17
100
AcDbEntity
  8
PLSS_SECTION_3D
100
AcDbLine
 10
3138709.9516
 20
320178.9458
 30
15.0472
 11
3138710.3785
 21
320230.1297
 31
13.5565
  0
LINE
  5
2E6
330
17
100
AcDbEntity
  8
PLSS_SECTION_3D
100
AcDbLine
 10
3138710.3785
 20
320230.1297
 30
13.5565
 11
3138710.8053
 21
320281.3135
 31
12.182
  0
LINE
  5
2E7
330
17
100
AcDbEntity
  8
PLSS_SECTION_3D
100
AcDbLine
 10
3138710.8053
 20
320281.3135
 30
12.182
 11
3138711.2322
 21
320332.4974
 31
10.4135
  0
LINE
  5
2E8
330
17
100
AcDbEntity
  8
PLSS_SECTION_3D
100
AcDbLine
 10
3138711.2322
 20
320332.4974
 30
10.4135
 11
3138711.659
 21
320383.6812
 31
8.3547
  0
LINE
  5
2E9
330
17
100
AcDbEntity
  8
PLSS_SECTION_3D
100
AcDbLine
 10
3138711.659
 20
320383.6812
 30
8.3547
 11
3138712.0859
 21
320434.865
 31
6.3209
  0
LINE
  5
2EA
330
17
100
AcDbEntity
  8
PLSS_SECTION_3D
100
AcDbLine
 10
3138712.0859
 20
320434.865
 30
6.3209
 11
3138712.5127
 21
320486.0489
 31
4.8709
  0
LINE
  5
2EB
330
17
100
AcDbEntity
  8
PLSS_SECTION_3D
100
AcDbLine
 10
3138712.5127
 20
320486.0489
 30
4.8709
 11
3138712.9396
 21
320537.2327
 31
3.8234
  0
LINE
  5
2EC
330
17
100
AcDbEntity
  8
PLSS_SECTION_3D
100
AcDbLine
 10
3138712.9396
 20
320537.2327
 30
3.8234
 11
3138713.3664
 21
320588.4166
 31
4.2166
  0
LINE
  5
2ED
330
17
100
AcDbEntity
  8
PLSS_SECTION_3D
100
AcDbLine
 10
3138713.3664
 20
320588.4166
 30
4.2166
 11
3138713.7932
 21
320639.6004
 31
8.5332
  0
LINE
  5
2EE
330
17
100
AcDbEntity
  8
PLSS_SECTION_3D
100
AcDbLine
 10
3138713.7932
 20
320639.6004
 30
8.5332
 11
3138714.2201
 21
320690.7843
 31
18.7406
  0
LINE
  5
2EF
330
17
100
AcDbEntity
  8
PLSS_SECTION_3D
100
AcDbLine
 10
3138714.2201
 20
320690.7843
 30
18.7406
 11
3138714.6469
 21
320741.9681
 31
34.1323
  0
LINE
  5
2F0
330
17
100
AcDbEntity
  8
PLSS_SECTION_3D
100
AcDbLine
 10
3138714.6469
 20
320741.9681
 30
34.1323
 11
3138715.0738
 21
320793.1519
 31
48.4416
  0
LINE
  5
2F1
330
17
100
AcDbEntity
  8
PLSS_SECTION_3D
100
AcDbLine
 10
3138715.0738
 20
320793.1519
 30
48.4416
 11
3138715.5006
 21
320844.3358
 31
62.5046
  0
LINE
  5
2F2
330
17
100
AcDbEntity
  8
PLSS_SECTION_3D
100
AcDbLine
 10
3138715.5006
 20
320844.3358
 30
62.5046
 11
3138715.9275
 21
320895.5196
 31
73.2291
  0
LINE
  5
2F3
330
17
100
AcDbEntity
  8
PLSS_SECTION_3D
100
AcDbLine
 10
3138715.9275
 20
320895.5196
 30
73.2291
 11
3138715.9275
 21
320895.5196
 31
73.2291
  0
LINE
  5
2F4
330
17
100
AcDbEntity
  8
PLSS_SECTION_3D
100
AcDbLine
 10
3138715.9275
 20
320895.5196
 30
73.2291
 11
3138702.7183
 21
320960.3359
 31
84.7931
  0
LINE
  5
2F5
330
17
100
AcDbEntity
  8
PLSS_SECTION_3D
100
AcDbLine
 10
3138702.7183
 20
320960.3359
 30
84.7931
 11
3138689.5092
 21
321025.1522
 31
86.744
  0
LINE
  5
2F6
330
17
100
AcDbEntity
  8
PLSS_SECTION_3D
100
AcDbLine
 10
3138689.5092
 20
321025.1522
 30
86.744
 11
3138676.3
 21
321089.9685
 31
81.5293
  0
LINE
  5
2F7
330
17
100
AcDbEntity
  8
PLSS_SECTION_3D
100
AcDbLine
 10
3138676.3
 20
321089.9685
 30
81.5293
 11
3138676.3
 21
321089.9685
 31
81.5293
  0
LINE
  5
2F8
330
17
100
AcDbEntity
  8
PLSS_SECTION_3D
100
AcDbLine
 10
3138676.3
 20
321089.9685
 30
81.5293
 11
3138718.1029
 21
321156.2677
 31
59.6011
  0
LINE
  5
2F9
330
17
100
AcDbEntity
  8
PLSS_SECTION_3D
100
AcDbLine
 10
3138718.1029
 20
321156.2677
 30
59.6011
 11
3138718.1029
 21
321156.2677
 31
59.6011
  0
LINE
  5
2FA
330
17
100
AcDbEntity
  8
PLSS_SECTION_3D
100
AcDbLine
 10
3138718.1029
 20
321156.2677
 30
59.6011
 11
3138718.523
 21
321206.6812
 31
53.9083
  0
LINE
  5
2FB
330
17
100
AcDbEntity
  8
PLSS_SECTION_3D
100
AcDbLine
 10
3138718.523
 20
321206.6812
 30
53.9083
 11
3138718.9431
 21
321257.0946
 31
48.7857
  0
LINE
  5
2FC
330
17
100
AcDbEntity
  8
PLSS_SECTION_3D
100
AcDbLine
 10
3138718.9431
 20
321257.0946
 30
48.7857
 11
3138719.3632
 21
321307.5081
 31
44.4417
  0
LINE
  5
2FD
330
17
100
AcDbEntity
  8
PLSS_SECTION_3D
100
AcDbLine
 10
3138719.3632
 20
321307.5081
 30
44.4417
 11
3138719.7833
 21
321357.9215
 31
40.6605
  0
LINE
  5
2FE
330
17
100
AcDbEntity
  8
PLSS_SECTION_3D
100
AcDbLine
 10
3138719.7833
 20
321357.9215
 30
40.6605
 11
3138720.2034
 21
321408.335
 31
37.2897
  0
LINE
  5
2FF
330
17
100
AcDbEntity
  8
PLSS_SECTION_3D
100
AcDbLine
 10
3138720.2034
 20
321408.335
 30
37.2897
 11
3138720.6236
 21
321458.7485
 31
35.0232
  0
LINE
  5
300
330
17
100
AcDbEntity
  8
PLSS_SECTION_3D
100
AcDbLine
 10
3138720.6236
 20
321458.7485
 30
35.0232
 11
3138721.0437
 21
321509.1619
 31
34.6169
  0
LINE
  5
301
330
17
100
AcDbEntity
  8
PLSS_SECTION_3D
100
AcDbLine
 10
3138721.0437
 20
321509.1619
 30
34.6169
 11
3138721.4638
 21
321559.5754
 31
34.6596
  0
LINE
  5
302
330
17
100
AcDbEntity
  8
PLSS_SECTION_3D
100
AcDbLine
 10
3138721.4638
 20
321559.5754
 30
34.6596
 11
3138721.8839
 21
321609.9889
 31
33.7528
  0
LINE
  5
303
330
17
100
AcDbEntity
  8
PLSS_SECTION_3D
100
AcDbLine
 10
3138721.8839
 20
321609.9889
 30
33.7528
 11
3138722.304
 21
321660.4023
 31
31.928
  0
LWPOLYLINE
  5
304
330
17
100
AcDbEntity
  8
PLSS_TWP
100
AcDbPolyline
 90
430
 70
0
 10
3138946.6217
 20
321518.6766
 10
3138977.7089
 20
321969.7147
 10
3138962.2741
 20
322414.6196
 10
3138955.6284
 20
322606.2039
 10
3138981.9491
 20
323303.8954
 10
3139206.6841
 20
324020.5544
 10
3139430.9981
 20
324668.4999
 10
3139594.1602
 20
325371.8666
 10
3139544.1097
 20
325919.3122
 10
3139619.3523
 20
325946.0179
 10
3139947.8617
 20
326818.758
 10
3140238.6001
 20
327683.9351
 10
3139959.4255
 20
327686.3309
 10
3138772.1266
 20
327696.5807
 10
3133492.3583
 20
327743.2996
 10
3128212.6051
 20
327791.7349
 10
3122932.8675
 20
327841.8871
 10
3117653.1463
 20
327893.7562
 10
3112434.4316
 20
327946.7135
 10
3112380.9532
 20
322666.4546
 10
3112379.5833
 20
322534.4649
 10
3112375.1788
 20
322110.1038
 10
3112568.3837
 20
321923.4816
 10
3112956.1727
 20
321715.2195
 10
3113266.2686
 20
321685.2353
 10
3113805.7698
 20
321557.507
 10
3114091.7949
 20
321418.3025
 10
3114563.715
 20
321414.295
 10
3115112.9703
 20
320855.7427
 10
3115357.7473
 20
320703.2094
 10
3115418.3437
 20
320579.2843
 10
3115697.1934
 20
320412.8878
 10
3115938.302
 20
319822.7175
 10
3115926.016
 20
319190.5302
 10
3115874.5853
 20
318759.9591
 10
3116173.8334
 20
318545.2571
 10
3116253.0122
 20
318202.4786
 10
3116104.1772
 20
317560.8297
 10
3116119.285
 20
317348.471
 10
3116134.6815
 20
317132.2486
 10
3116630.61
 20
316751.8091
 10
3116842.4226
 20
316756.8463
 10
3117182.6984
 20
316521.3125
 10
3117554.782
 20
316156.2713
 10
3117677.847
 20
316035.5275
 10
3117590.957
 20
315461.2412
 10
3117548.2906
 20
315381.6316
 10
3117375.5036
 20
315059.2288
 10
3117210.4978
 20
314985.2954
 10
3117020.0848
 20
314288.7902
 10
3117145.7963
 20
313778.6596
 10
3117356.1457
 20
313599.1414
 10
3117339.8209
 20
313277.5174
 10
3117528.8278
 20
313057.7412
 10
3117576.9602
 20
313001.7743
 10
3117623.3516
 20
312823.5885
 10
3117786.7104
 20
312726.3682
 10
3117934.8878
 20
312451.5768
 10
3118430.6845
 20
312045.0108
 10
3118634.582
 20
311877.8057
 10
3118790.5186
 20
311691.5627
 10
3119151.6542
 20
311524.2869
 10
3119900.7112
 20
311155.5305
 10
3119836.1956
 20
310800.29
 10
3119581.2671
 20
310596.9826
 10
3119341.5219
 20
310557.973
 10
3118693.2237
 20
310734.509
 10
3118623.8508
 20
310863.5311
 10
3118082.4856
 20
311538.5437
 10
3117597.4578
 20
311583.6999
 10
3117515.61
 20
311484.6685
 10
3117327.9449
 20
311257.6235
 10
3117135.9851
 20
311224.9013
 10
3116632.0398
 20
311447.9368
 10
3116619.7429
 20
311612.5032
 10
3116340.5625
 20
311785.9899
 10
3116280.1594
 20
311930.2931
 10
3116330.5413
 20
312065.9261
 10
3116427.0153
 20
312325.6367
 10
3116196.2698
 20
312546.6204
 10
3116183.902
 20
312711.1268
 10
3116390.6737
 20
312880.5309
 10
3116413.3025
 20
313133.609
 10
3116287.2445
 20
313599.9913
 10
3116137.6086
 20
313669.5494
 10
3115962.2273
 20
313944.4473
 10
3115931.1635
 20
314314.0386
 10
3115580.4946
 20
314453.9256
 10
3115304.729
 20
314209.7702
 10
3114873.6519
 20
314151.8317
 10
3114641.9742
 20
314283.8634
 10
3114270.0192
 20
314758.8187
 10
3113866.4332
 20
314775.8417
 10
3113687.1287
 20
314606.1896
 10
3113539.4557
 20
314128.1973
 10
3113762.1629
 20
313953.3409
 10
3114092.4514
 20
313375.7987
 10
3113997.5739
 20
312964.8906
 10
3113900.2891
 20
312793.972
 10
3113935.1092
 20
312633.3348
 10
3113855.8514
 20
312435.4273
 10
3113545.7426
 20
312356.0328
 10
3113344.7172
 20
312403.6202
 10
3113167.8616
 20
312535.1727
 10
3113137.5022
 20
313000.8472
 10
3113042.1788
 20
313022.081
 10
3113005.7388
 20
312779.9804
 10
3112564.3324
 20
312300.8472
 10
3112272.1633
 20
312127.9629
 10
3112271.9457
 20
312106.8512
 10
3112267.8255
 20
311706.8913
 10
3112231.1502
 20
308146.9635
 10
3112216.3391
 20
306827.094
 10
3112161.9442
 20
301547.1915
 10
3112107.8144
 20
296267.2152
 10
3117090.6081
 20
296216.7367
 10
3117387.628
 20
296213.7757
 10
3120027.6548
 20
296187.6976
 10
3120058.0017
 20
296187.4
 10
3122370.7028
 20
296164.9114
 10
3122667.7237
 20
296162.0473
 10
3127650.814
 20
296114.8005
 10
3127902.2772
 20
296112.457
 10
3127947.7977
 20
296112.0327
 10
3133227.926
 20
296063.7318
 10
3137174.8406
 20
296028.7464
 10
3137392.6578
 20
296026.8435
 10
3137525.768
 20
296177.8215
 10
3137564.4936
 20
296263.896
 10
3137490.9876
 20
296317.7185
 10
3137431.6871
 20
296534.145
 10
3137528.886
 20
296752.3875
 10
3137541.0648
 20
296869.9044
 10
3137567.7345
 20
296909.2064
 10
3137522.2089
 20
296908.7466
 10
3137568.0467
 20
297310.1151
 10
3137708.1855
 20
297481.1065
 10
3137449.1351
 20
297941.1908
 10
3137303.6631
 20
298140.6224
 10
3137323.7815
 20
298272.4517
 10
3137165.7464
 20
298245.0695
 10
3136848.635
 20
298283.7085
 10
3136709.5295
 20
298433.763
 10
3136784.4469
 20
298805.8052
 10
3136679.4441
 20
299106.8437
 10
3136763.9761
 20
299537.4906
 10
3136652.658
 20
299580.939
 10
3136659.8765
 20
299858.6555
 10
3136801.6354
 20
300042.7215
 10
3136880.0372
 20
300384.9897
 10
3137035.7201
 20
300488.2141
 10
3137018.8212
 20
300533.3432
 10
3137047.4045
 20
300618.4646
 10
3137189.957
 20
300560.7312
 10
3137244.5065
 20
300453.7072
 10
3137313.0983
 20
300456.0456
 10
3137472.6302
 20
300318.6079
 10
3137692.3085
 20
299984.384
 10
3137777.5815
 20
299672.386
 10
3137878.92
 20
299554.1254
 10
3138009.9319
 20
299275.879
 10
3137945.4215
 20
299115.4269
 10
3137880.4154
 20
299072.4806
 10
3137867.7049
 20
298984.955
 10
3137890.1671
 20
298911.7497
 10
3137975.0777
 20
298905.6867
 10
3138149.2224
 20
298736.3671
 10
3138198.0901
 20
298480.2558
 10
3138276.0643
 20
298391.5147
 10
3138291.2285
 20
298246.4034
 10
3138278.5999
 20
297936.4821
 10
3138330.1184
 20
297823.613
 10
3138522.7536
 20
297754.7131
 10
3138617.8565
 20
297720.6937
 10
3138987.782
 20
297502.076
 10
3139054.514
 20
297243.9156
 10
3139028.5803
 20
297003.7517
 10
3139090.0751
 20
296955.9756
 10
3139173.27
 20
296767.623
 10
3139146.1359
 20
296669.6338
 10
3139181.1558
 20
296617.6186
 10
3139244.4869
 20
296615.3589
 10
3139342.6164
 20
296412.0682
 10
3139347.445
 20
296263.6202
 10
3139271.2661
 20
296175.05
 10
3139235.021
 20
296054.312
 10
3139152.3226
 20
296098.4155
 10
3139122.8881
 20
296028.4748
 10
3139127.8275
 20
296011.7861
 10
3139653.1988
 20
296007.2592
 10
3141808.095
 20
295988.8689
 10
3143250.1571
 20
295976.782
 10
3143788.0851
 20
295972.2837
 10
3143832.779
 20
301252.1498
 10
3143876.8283
 20
306532.0115
 10
3143877.0543
 20
306559.1201
 10
3143878.3262
 20
306711.5536
 10
3143549.2835
 20
306555.4955
 10
3143475.8712
 20
306535.454
 10
3143172.3431
 20
306452.5982
 10
3142749.3573
 20
306172.0721
 10
3142275.1039
 20
305878.6484
 10
3141598.2476
 20
305319.7053
 10
3141174.926
 20
304574.1157
 10
3140734.5117
 20
303869.5027
 10
3140278.26
 20
303657.9264
 10
3139754.8288
 20
303621.2334
 10
3139606.8064
 20
303485.7286
 10
3139363.9276
 20
303484.3327
 10
3139044.8568
 20
303367.2004
 10
3138812.5144
 20
303365.7823
 10
3138586.4847
 20
303292.4654
 10
3138568.9684
 20
303293.0483
 10
3138309.4463
 20
303301.5993
 10
3138090.4983
 20
303262.4374
 10
3138029.4508
 20
303310.7641
 10
3138218.9208
 20
303453.056
 10
3138337.5584
 20
303722.4611
 10
3138311.5786
 20
303883.3936
 10
3138381.0773
 20
304009.4095
 10
3138444.3586
 20
304214.3647
 10
3138577.8149
 20
304352.0442
 10
3138585.843
 20
304360.3198
 10
3138980.0921
 20
304490.3816
 10
3139279.4985
 20
304717.1049
 10
3139273.9708
 20
304867.517
 10
3139575.9167
 20
304967.6654
 10
3139838.854
 20
305324.8813
 10
3140244.2761
 20
305533.7589
 10
3140644.0645
 20
305896.6078
 10
3140853.0675
 20
305966.6082
 10
3142048.2245
 20
306547.7379
 10
3142070.5129
 20
306558.5751
 10
3143115.3841
 20
307182.679
 10
3143402.488
 20
307139.1457
 10
3143622.9452
 20
307322.0571
 10
3143884.3554
 20
307434.2515
 10
3143887.8903
 20
307857.9567
 10
3143918.8957
 20
311574.3089
 10
3143920.878
 20
311811.9242
 10
3143922.7559
 20
312036.9943
 10
3143532.4652
 20
312307.0195
 10
3143300.1876
 20
312302.1734
 10
3143095.897
 20
312416.8599
 10
3142591.656
 20
312468.9607
 10
3142200.7843
 20
312352.4363
 10
3141589.2135
 20
312439.6854
 10
3141224.8621
 20
312617.1377
 10
3141076.5924
 20
312495.0872
 10
3141044.8211
 20
312368.9843
 10
3140910.5699
 20
312291.3063
 10
3140720.6624
 20
312060.3759
 10
3140341.4471
 20
312121.76
 10
3140053.3008
 20
312028.2733
 10
3139913.5864
 20
312056.7072
 10
3139921.2994
 20
312156.0877
 10
3139854.0495
 20
312303.8476
 10
3139882.4581
 20
312430.038
 10
3139828.2374
 20
312488.6425
 10
3139722.0909
 20
312475.848
 10
3139651.9831
 20
312277.9861
 10
3139475.298
 20
312378.5277
 10
3139343.2309
 20
312519.8106
 10
3139086.7729
 20
312532.1853
 10
3138753.7176
 20
312391.1295
 10
3138655.4032
 20
312508.5027
 10
3138645.9589
 20
312512.292
 10
3138576.9996
 20
312539.9652
 10
3138418.3384
 20
312349.9757
 10
3138243.2033
 20
312279.5285
 10
3138010.9025
 20
312329.4675
 10
3137914.2187
 20
312237.6559
 10
3137825.1336
 20
312235.0055
 10
3137740.1311
 20
312318.0583
 10
3137363.3085
 20
312054.1588
 10
3137103.9898
 20
312152.2658
 10
3136877.6238
 20
312109.638
 10
3136560.6343
 20
312255.9944
 10
3136420.7219
 20
312257.1644
 10
3136298.0954
 20
312306.041
 10
3136092.5274
 20
312249.5931
 10
3136071.0114
 20
312143.4817
 10
3136158.5809
 20
311978.514
 10
3136167.2356
 20
311879.0002
 10
3136171.1063
 20
311834.5265
 10
3136050.6213
 20
311722.7397
 10
3135961.7295
 20
311716.6092
 10
3135882.8355
 20
311679.6082
 10
3135936.3031
 20
311528.4044
 10
3135809.1717
 20
311488.3416
 10
3135887.0163
 20
311385.0239
 10
3135824.5563
 20
311269.4216
 10
3135871.3624
 20
311131.9848
 10
3135952.5447
 20
311028.699
 10
3136041.5468
 20
311003.9843
 10
3136184.5966
 20
310910.3737
 10
3136204.4452
 20
310831.6205
 10
3136135.4635
 20
310767.2366
 10
3136025.2138
 20
310699.4833
 10
3135902.1538
 20
310734.8413
 10
3135776.0611
 20
310752.9693
 10
3135666.305
 20
310702.595
 10
3135562.074
 20
310501.6242
 10
3135547.7548
 20
310429.7821
 10
3135523.5889
 20
310423.0807
 10
3135357.48
 20
310592.0528
 10
3135214.3923
 20
310634.2034
 10
3135128.892
 20
310669.2338
 10
3135105.8158
 20
310772.3131
 10
3135144.2118
 20
310857.772
 10
3135144.9361
 20
310943.5662
 10
3135073.3385
 20
310981.8388
 10
3135008.2807
 20
310975.5631
 10
3134990.6398
 20
310914.0316
 10
3135003.4541
 20
310807.8615
 10
3134883.7674
 20
310791.7904
 10
3134508.6431
 20
310880.4431
 10
3134323.779
 20
310895.6798
 10
3134223.808
 20
310821.0546
 10
3134172.4476
 20
310824.9406
 10
3133995.3514
 20
310911.9585
 10
3133883.4707
 20
311039.519
 10
3133676.4593
 20
311243.1467
 10
3133403.2037
 20
311303.617
 10
3133355.309
 20
311289.81
 10
3133276.3607
 20
311267.0598
 10
3133229.9926
 20
311038.044
 10
3133140.002
 20
310902.1369
 10
3133024.5196
 20
310797.6099
 10
3132846.3826
 20
310739.3029
 10
3132733.6352
 20
310782.6706
 10
3132591.7605
 20
310857.4514
 10
3132607.6278
 20
310876.8919
 10
3132603.7578
 20
310901.6512
 10
3132245.817
 20
311316.3896
 10
3132220.2209
 20
311319.1918
 10
3132195.5961
 20
311295.3031
 10
3132158.1556
 20
311362.8386
 10
3132356.5933
 20
311461.8952
 10
3132678.4305
 20
311107.7659
 10
3132719.6741
 20
311116.8792
 10
3132747.5044
 20
311088.6603
 10
3132751.7656
 20
311090.4576
 10
3132727.0412
 20
311131.0103
 10
3132736.0593
 20
311181.0508
 10
3132793.5802
 20
311200.543
 10
3132891.1367
 20
311158.3541
 10
3132913.1248
 20
311129.5148
 10
3132930.3726
 20
311134.0105
 10
3133101.0717
 20
311381.1211
 10
3133123.1494
 20
311572.5344
 10
3133060.1924
 20
311815.9986
 10
3133038.9531
 20
311906.6692
 10
3132944.5781
 20
312309.5667
 10
3132911.7709
 20
312369.8371
 10
3132903.5691
 20
312384.9044
 10
3132876.7307
 20
312388.4514
 10
3132858.7554
 20
312454.3407
 10
3132851.4342
 20
312482.9866
 10
3132778.3699
 20
312852.6732
 10
3132854.1196
 20
312944.2151
 10
3132841.4996
 20
313074.3147
 10
3132912.5024
 20
313374.8929
 10
3133083.3183
 20
314167.2189
 10
3133043.6294
 20
314321.2462
 10
3133084.4551
 20
314402.639
 10
3133107.2018
 20
314344.9075
 10
3133169.5046
 20
314244.5309
 10
3133241.7749
 20
314232.5585
 10
3133346.333
 20
314241.8381
 10
3133380.0306
 20
314246.4623
 10
3133442.4373
 20
314254.9881
 10
3133499.1086
 20
314303.4984
 10
3133600.8357
 20
314314.09
 10
3133616.8059
 20
314429.8558
 10
3133788.1468
 20
314504.2045
 10
3133940.6422
 20
314568.9316
 10
3134041.3136
 20
314550.7103
 10
3134140.3547
 20
314587.3996
 10
3134172.7107
 20
314603.8172
 10
3134206.8869
 20
314679.6424
 10
3134329.4599
 20
314724.9959
 10
3134510.9188
 20
314728.0266
 10
3134726.569
 20
314753.5809
 10
3134737.3486
 20
314704.5874
 10
3134758.827
 20
314708.0677
 10
3134788.2036
 20
314734.6107
 10
3134928.1227
 20
314732.3857
 10
3134931.7449
 20
314662.5265
 10
3134946.5595
 20
314653.8269
 10
3134962.0447
 20
314852.5225
 10
3135037.5889
 20
314931.8973
 10
3135193.2759
 20
314964.4789
 10
3135927.1059
 20
314977.8042
 10
3135956.2425
 20
314990.3372
 10
3136104.5274
 20
315206.3418
 10
3136099.434
 20
315371.9281
 10
3136147.2634
 20
315437.539
 10
3136671.7147
 20
315454.4601
 10
3136710.1177
 20
315452.2869
 10
3137338.157
 20
315485.9447
 10
3137438.9636
 20
315492.1002
 10
3137830.9835
 20
315504.8935
 10
3137881.2114
 20
315516.1443
 10
3138434.2474
 20
315526.6307
 10
3138484.0772
 20
314514.1045
 10
3138530.7637
 20
314509.966
 10
3138508.4903
 20
315633.0831
 10
3138523.3607
 20
315805.3488
 10
3138621.4541
 20
316080.0729
 10
3138676.4533
 20
316163.016
 10
3138870.9182
 20
316456.298
 10
3138930.4897
 20
316615.142
 10
3139061.0895
 20
317101.5152
 10
3139090.6631
 20
317133.5068
 10
3139285.5418
 20
317344.3051
 10
3139384.7587
 20
317545.5853
 10
3139449.9135
 20
317777.514
 10
3139465.7139
 20
318037.1018
 10
3139380.3223
 20
318256.6828
 10
3139293.29
 20
318483.4386
 10
3138964.4982
 20
318754.8801
 10
3138931.7704
 20
318926.0284
 10
3138915.4461
 20
319425.4228
 10
3138906.3686
 20
319979.6846
 10
3138788.0738
 20
320541.5551
 10
3138715.9275
 20
320895.5196
 10
3138676.3
 20
321089.9685
 10
3138718.1029
 20
321156.2677
 10
3138946.6217
 20
321518.6766
  0
LINE
  5
305
330
17
100
AcDbEntity
  8
PLSS_TWP_3D
100
AcDbLine
 10
3139358.5642
 20
318313.3717
 30
3.184
 11
3139336.8061
 21
318370.0607
 31
9.647
  0
LINE
  5
306
330
17
100
AcDbEntity
  8
PLSS_TWP_3D
100
AcDbLine
 10
3139336.8061
 20
318370.0607
 30
9.647
 11
3139315.0481
 21
318426.7496
 31
15.9994
  0
LINE
  5
307
330
17
100
AcDbEntity
  8
PLSS_TWP_3D
100
AcDbLine
 10
3139315.0481
 20
318426.7496
 30
15.9994
 11
3139293.29
 21
318483.4386
 31
20.1686
  0
LINE
  5
308
330
17
100
AcDbEntity
  8
PLSS_TWP_3D
100
AcDbLine
 10
3139293.29
 20
318483.4386
 30
20.1686
 11
3139293.29
 21
318483.4386
 31
20.1686
  0
LINE
  5
309
330
17
100
AcDbEntity
  8
PLSS_TWP_3D
100
AcDbLine
 10
3139293.29
 20
318483.4386
 30
20.1686
 11
3139252.191
 21
318517.3688
 31
22.4718
  0
LINE
  5
30A
330
17
100
AcDbEntity
  8
PLSS_TWP_3D
100
AcDbLine
 10
3139252.191
 20
318517.3688
 30
22.4718
 11
3139211.092
 21
318551.299
 31
24.3551
  0
LINE
  5
30B
330
17
100
AcDbEntity
  8
PLSS_TWP_3D
100
AcDbLine
 10
3139211.092
 20
318551.299
 30
24.3551
 11
3139169.9931
 21
318585.2292
 31
26.2931
  0
LINE
  5
30C
330
17
100
AcDbEntity
  8
PLSS_TWP_3D
100
AcDbLine
 10
3139169.9931
 20
318585.2292
 30
26.2931
 11
3139128.8941
 21
318619.1594
 31
28.4527
  0
LINE
  5
30D
330
17
100
AcDbEntity
  8
PLSS_TWP_3D
100
AcDbLine
 10
3139128.8941
 20
318619.1594
 30
28.4527
 11
3139087.7951
 21
318653.0896
 31
30.6194
  0
LINE
  5
30E
330
17
100
AcDbEntity
  8
PLSS_TWP_3D
100
AcDbLine
 10
3139087.7951
 20
318653.0896
 30
30.6194
 11
3139046.6961
 21
318687.0198
 31
32.5862
  0
LINE
  5
30F
330
17
100
AcDbEntity
  8
PLSS_TWP_3D
100
AcDbLine
 10
3139046.6961
 20
318687.0198
 30
32.5862
 11
3139005.5972
 21
318720.9499
 31
35.8652
  0
LINE
  5
310
330
17
100
AcDbEntity
  8
PLSS_TWP_3D
100
AcDbLine
 10
3139005.5972
 20
318720.9499
 30
35.8652
 11
3138964.4982
 21
318754.8801
 31
40.0738
  0
LINE
  5
311
330
17
100
AcDbEntity
  8
PLSS_TWP_3D
100
AcDbLine
 10
3138964.4982
 20
318754.8801
 30
40.0738
 11
3138964.4982
 21
318754.8801
 31
40.0738
  0
LINE
  5
312
330
17
100
AcDbEntity
  8
PLSS_TWP_3D
100
AcDbLine
 10
3138964.4982
 20
318754.8801
 30
40.0738
 11
3138953.5889
 21
318811.9296
 31
47.6454
  0
LINE
  5
313
330
17
100
AcDbEntity
  8
PLSS_TWP_3D
100
AcDbLine
 10
3138953.5889
 20
318811.9296
 30
47.6454
 11
3138942.6797
 21
318868.979
 31
54.1002
  0
LINE
  5
314
330
17
100
AcDbEntity
  8
PLSS_TWP_3D
100
AcDbLine
 10
3138942.6797
 20
318868.979
 30
54.1002
 11
3138931.7704
 21
318926.0284
 31
58.713
  0
LINE
  5
315
330
17
100
AcDbEntity
  8
PLSS_TWP_3D
100
AcDbLine
 10
3138931.7704
 20
318926.0284
 30
58.713
 11
3138931.7704
 21
318926.0284
 31
58.713
  0
LINE
  5
316
330
17
100
AcDbEntity
  8
PLSS_TWP_3D
100
AcDbLine
 10
3138931.7704
 20
318926.0284
 30
58.713
 11
3138929.9566
 21
318981.5167
 31
60.2507
  0
LINE
  5
317
330
17
100
AcDbEntity
  8
PLSS_TWP_3D
100
AcDbLine
 10
3138929.9566
 20
318981.5167
 30
60.2507
 11
3138928.1428
 21
319037.005
 31
54.969
  0
LINE
  5
318
330
17
100
AcDbEntity
  8
PLSS_TWP_3D
100
AcDbLine
 10
3138928.1428
 20
319037.005
 30
54.969
 11
3138926.329
 21
319092.4932
 31
39.816
  0
LINE
  5
319
330
17
100
AcDbEntity
  8
PLSS_TWP_3D
100
AcDbLine
 10
3138926.329
 20
319092.4932
 30
39.816
 11
3138924.5151
 21
319147.9815
 31
20.106
  0
LINE
  5
31A
330
17
100
AcDbEntity
  8
PLSS_TWP_3D
100
AcDbLine
 10
3138924.5151
 20
319147.9815
 30
20.106
 11
3138922.7013
 21
319203.4697
 31
6.9696
  0
LINE
  5
31B
330
17
100
AcDbEntity
  8
PLSS_TWP_3D
100
AcDbLine
 10
3138922.7013
 20
319203.4697
 30
6.9696
 11
3138920.8875
 21
319258.958
 31
3.4802
  0
LINE
  5
31C
330
17
100
AcDbEntity
  8
PLSS_TWP_3D
100
AcDbLine
 10
3138920.8875
 20
319258.958
 30
3.4802
 11
3138919.0737
 21
319314.4463
 31
2.8151
  0
LINE
  5
31D
330
17
100
AcDbEntity
  8
PLSS_TWP_3D
100
AcDbLine
 10
3138919.0737
 20
319314.4463
 30
2.8151
 11
3138917.2599
 21
319369.9345
 31
2.4754
  0
LINE
  5
31E
330
17
100
AcDbEntity
  8
PLSS_TWP_3D
100
AcDbLine
 10
3138917.2599
 20
319369.9345
 30
2.4754
 11
3138915.4461
 21
319425.4228
 31
2.6339
  0
LINE
  5
31F
330
17
100
AcDbEntity
  8
PLSS_TWP_3D
100
AcDbLine
 10
3138915.4461
 20
319425.4228
 30
2.6339
 11
3138915.4461
 21
319425.4228
 31
2.6339
  0
LINE
  5
320
330
17
100
AcDbEntity
  8
PLSS_TWP_3D
100
AcDbLine
 10
3138915.4461
 20
319425.4228
 30
2.6339
 11
3138914.6209
 21
319475.8102
 31
2.6996
  0
LINE
  5
321
330
17
100
AcDbEntity
  8
PLSS_TWP_3D
100
AcDbLine
 10
3138914.6209
 20
319475.8102
 30
2.6996
 11
3138913.7957
 21
319526.1977
 31
2.7234
  0
LINE
  5
322
330
17
100
AcDbEntity
  8
PLSS_TWP_3D
100
AcDbLine
 10
3138913.7957
 20
319526.1977
 30
2.7234
 11
3138912.9704
 21
319576.5851
 31
3.3062
  0
LINE
  5
323
330
17
100
AcDbEntity
  8
PLSS_TWP_3D
100
AcDbLine
 10
3138912.9704
 20
319576.5851
 30
3.3062
 11
3138912.1452
 21
319626.9725
 31
3.7583
  0
LINE
  5
324
330
17
100
AcDbEntity
  8
PLSS_TWP_3D
100
AcDbLine
 10
3138912.1452
 20
319626.9725
 30
3.7583
 11
3138911.32
 21
319677.36
 31
3.9758
  0
LINE
  5
325
330
17
100
AcDbEntity
  8
PLSS_TWP_3D
100
AcDbLine
 10
3138911.32
 20
319677.36
 30
3.9758
 11
3138910.4947
 21
319727.7474
 31
4.2356
  0
LINE
  5
326
330
17
100
AcDbEntity
  8
PLSS_TWP_3D
100
AcDbLine
 10
3138910.4947
 20
319727.7474
 30
4.2356
 11
3138909.6695
 21
319778.1349
 31
4.5677
  0
LINE
  5
327
330
17
100
AcDbEntity
  8
PLSS_TWP_3D
100
AcDbLine
 10
3138909.6695
 20
319778.1349
 30
4.5677
 11
3138908.8443
 21
319828.5223
 31
4.0396
  0
LINE
  5
328
330
17
100
AcDbEntity
  8
PLSS_TWP_3D
100
AcDbLine
 10
3138908.8443
 20
319828.5223
 30
4.0396
 11
3138908.0191
 21
319878.9097
 31
3.4626
  0
LINE
  5
329
330
17
100
AcDbEntity
  8
PLSS_TWP_3D
100
AcDbLine
 10
3138908.0191
 20
319878.9097
 30
3.4626
 11
3138907.1938
 21
319929.2972
 31
2.8283
  0
LINE
  5
32A
330
17
100
AcDbEntity
  8
PLSS_TWP_3D
100
AcDbLine
 10
3138907.1938
 20
319929.2972
 30
2.8283
 11
3138906.3686
 21
319979.6846
 31
2.1381
  0
LINE
  5
32B
330
17
100
AcDbEntity
  8
PLSS_TWP_3D
100
AcDbLine
 10
3138906.3686
 20
319979.6846
 30
2.1381
 11
3138906.3686
 21
319979.6846
 31
2.1381
  0
LINE
  5
32C
330
17
100
AcDbEntity
  8
PLSS_TWP_3D
100
AcDbLine
 10
3138906.3686
 20
319979.6846
 30
2.1381
 11
3138895.6145
 21
320030.7637
 31
1.7323
  0
LINE
  5
32D
330
17
100
AcDbEntity
  8
PLSS_TWP_3D
100
AcDbLine
 10
3138895.6145
 20
320030.7637
 30
1.7323
 11
3138884.8605
 21
320081.8429
 31
1.3273
  0
LINE
  5
32E
330
17
100
AcDbEntity
  8
PLSS_TWP_3D
100
AcDbLine
 10
3138884.8605
 20
320081.8429
 30
1.3273
 11
3138874.1064
 21
320132.922
 31
1.2931
  0
LINE
  5
32F
330
17
100
AcDbEntity
  8
PLSS_TWP_3D
100
AcDbLine
 10
3138874.1064
 20
320132.922
 30
1.2931
 11
3138863.3523
 21
320184.0012
 31
1.2549
  0
LINE
  5
330
330
17
100
AcDbEntity
  8
PLSS_TWP_3D
100
AcDbLine
 10
3138863.3523
 20
320184.0012
 30
1.2549
 11
3138852.5983
 21
320235.0803
 31
1.1844
  0
LINE
  5
331
330
17
100
AcDbEntity
  8
PLSS_TWP_3D
100
AcDbLine
 10
3138852.5983
 20
320235.0803
 30
1.1844
 11
3138841.8442
 21
320286.1594
 31
1.0337
  0
LINE
  5
332
330
17
100
AcDbEntity
  8
PLSS_TWP_3D
100
AcDbLine
 10
3138841.8442
 20
320286.1594
 30
1.0337
 11
3138831.0901
 21
320337.2386
 31
0.7617
  0
LINE
  5
333
330
17
100
AcDbEntity
  8
PLSS_TWP_3D
100
AcDbLine
 10
3138831.0901
 20
320337.2386
 30
0.7617
 11
3138820.336
 21
320388.3177
 31
0.7151
  0
LINE
  5
334
330
17
100
AcDbEntity
  8
PLSS_TWP_3D
100
AcDbLine
 10
3138820.336
 20
320388.3177
 30
0.7151
 11
3138809.582
 21
320439.3969
 31
0.6958
  0
LINE
  5
335
330
17
100
AcDbEntity
  8
PLSS_TWP_3D
100
AcDbLine
 10
3138809.582
 20
320439.3969
 30
0.6958
 11
3138798.8279
 21
320490.476
 31
0.6585
  0
LINE
  5
336
330
17
100
AcDbEntity
  8
PLSS_TWP_3D
100
AcDbLine
 10
3138798.8279
 20
320490.476
 30
0.6585
 11
3138788.0738
 21
320541.5551
 31
0.5
  0
LINE
  5
337
330
17
100
AcDbEntity
  8
PLSS_TWP_3D
100
AcDbLine
 10
3138788.0738
 20
320541.5551
 30
0.5
 11
3138788.0738
 21
320541.5551
 31
0.5
  0
LINE
  5
338
330
17
100
AcDbEntity
  8
PLSS_TWP_3D
100
AcDbLine
 10
3138788.0738
 20
320541.5551
 30
0.5
 11
3138777.7672
 21
320592.1215
 31
0.6214
  0
LINE
  5
339
330
17
100
AcDbEntity
  8
PLSS_TWP_3D
100
AcDbLine
 10
3138777.7672
 20
320592.1215
 30
0.6214
 11
3138767.4606
 21
320642.6879
 31
3.0188
  0
LINE
  5
33A
330
17
100
AcDbEntity
  8
PLSS_TWP_3D
100
AcDbLine
 10
3138767.4606
 20
320642.6879
 30
3.0188
 11
3138757.154
 21
320693.2542
 31
11.6303
  0
LINE
  5
33B
330
17
100
AcDbEntity
  8
PLSS_TWP_3D
100
AcDbLine
 10
3138757.154
 20
320693.2542
 30
11.6303
 11
3138746.8473
 21
320743.8206
 31
27.3142
  0
LINE
  5
33C
330
17
100
AcDbEntity
  8
PLSS_TWP_3D
100
AcDbLine
 10
3138746.8473
 20
320743.8206
 30
27.3142
 11
3138736.5407
 21
320794.3869
 31
44.5116
  0
LINE
  5
33D
330
17
100
AcDbEntity
  8
PLSS_TWP_3D
100
AcDbLine
 10
3138736.5407
 20
320794.3869
 30
44.5116
 11
3138726.2341
 21
320844.9533
 31
59.8786
  0
LINE
  5
33E
330
17
100
AcDbEntity
  8
PLSS_TWP_3D
100
AcDbLine
 10
3138726.2341
 20
320844.9533
 30
59.8786
 11
3138715.9275
 21
320895.5196
 31
73.2291
  0
LINE
  5
33F
330
17
100
AcDbEntity
  8
PLSS_TWP_3D
100
AcDbLine
 10
3138715.9275
 20
320895.5196
 30
73.2291
 11
3138715.9275
 21
320895.5196
 31
73.2291
  0
LINE
  5
340
330
17
100
AcDbEntity
  8
PLSS_TWP_3D
100
AcDbLine
 10
3138715.9275
 20
320895.5196
 30
73.2291
 11
3138702.7183
 21
320960.3359
 31
84.7931
  0
LINE
  5
341
330
17
100
AcDbEntity
  8
PLSS_TWP_3D
100
AcDbLine
 10
3138702.7183
 20
320960.3359
 30
84.7931
 11
3138689.5092
 21
321025.1522
 31
86.744
  0
LINE
  5
342
330
17
100
AcDbEntity
  8
PLSS_TWP_3D
100
AcDbLine
 10
3138689.5092
 20
321025.1522
 30
86.744
 11
3138676.3
 21
321089.9685
 31
81.5293
  0
LINE
  5
343
330
17
100
AcDbEntity
  8
PLSS_TWP_3D
100
AcDbLine
 10
3138676.3
 20
321089.9685
 30
81.5293
 11
3138676.3
 21
321089.9685
 31
81.5293
  0
LINE
  5
344
330
17
100
AcDbEntity
  8
PLSS_TWP_3D
100
AcDbLine
 10
3138676.3
 20
321089.9685
 30
81.5293
 11
3138718.1029
 21
321156.2677
 31
59.6011
  0
LINE
  5
345
330
17
100
AcDbEntity
  8
PLSS_TWP_3D
100
AcDbLine
 10
3138718.1029
 20
321156.2677
 30
59.6011
 11
3138718.1029
 21
321156.2677
 31
59.6011
  0
LINE
  5
346
330
17
100
AcDbEntity
  8
PLSS_TWP_3D
100
AcDbLine
 10
3138718.1029
 20
321156.2677
 30
59.6011
 11
3138746.6678
 21
321201.5688
 31
48.809
  0
LINE
  5
347
330
17
100
AcDbEntity
  8
PLSS_TWP_3D
100
AcDbLine
 10
3138746.6678
 20
321201.5688
 30
48.809
 11
3138775.2326
 21
321246.8699
 31
40.178
  0
LINE
  5
348
330
17
100
AcDbEntity
  8
PLSS_TWP_3D
100
AcDbLine
 10
3138775.2326
 20
321246.8699
 30
40.178
 11
3138803.7975
 21
321292.171
 31
33.3574
  0
LINE
  5
349
330
17
100
AcDbEntity
  8
PLSS_TWP_3D
100
AcDbLine
 10
3138803.7975
 20
321292.171
 30
33.3574
 11
3138832.3623
 21
321337.4721
 31
26.3885
  0
LINE
  5
34A
330
17
100
AcDbEntity
  8
PLSS_TWP_3D
100
AcDbLine
 10
3138832.3623
 20
321337.4721
 30
26.3885
 11
3138860.9272
 21
321382.7733
 31
17.3864
  0
LINE
  5
34B
330
17
100
AcDbEntity
  8
PLSS_TWP_3D
100
AcDbLine
 10
3138860.9272
 20
321382.7733
 30
17.3864
 11
3138889.492
 21
321428.0744
 31
9.1146
  0
LINE
  5
34C
330
17
100
AcDbEntity
  8
PLSS_TWP_3D
100
AcDbLine
 10
3138889.492
 20
321428.0744
 30
9.1146
 11
3138918.0569
 21
321473.3755
 31
4.4737
  0
LINE
  5
34D
330
17
100
AcDbEntity
  8
PLSS_TWP_3D
100
AcDbLine
 10
3138918.0569
 20
321473.3755
 30
4.4737
 11
3138946.6217
 21
321518.6766
 31
0.551
  0
LINE
  5
34E
330
17
100
AcDbEntity
  8
PLSS_TWP_3D
100
AcDbLine
 10
3138946.6217
 20
321518.6766
 30
0.551
 11
3138946.6217
 21
321518.6766
 31
0.551
  0
LWPOLYLINE
  5
34F
330
17
100
AcDbEntity
  8
PLSS_TWP
100
AcDbPolyline
 90
4
 70
0
 10
3137669.9629
 20
296791.0589
 10
3137657.19
 20
296801.0234
 10
3137653.2748
 20
296787.0432
 10
3137669.9629
 20
296791.0589
  0
LWPOLYLINE
  5
350
330
17
100
AcDbEntity
  8
PLSS_TWP
100
AcDbPolyline
 90
5
 70
0
 10
3135669.1212
 20
308296.9847
 10
3135666.0882
 20
308309.8018
 10
3135648.4096
 20
308312.5285
 10
3135656.5007
 20
308292.9959
 10
3135669.1212
 20
308296.9847
  0
LWPOLYLINE
  5
351
330
17
100
AcDbEntity
  8
PLSS_TWP
100
AcDbPolyline
 90
7
 70
0
 10
3133989.5922
 20
307703.4959
 10
3133950.9305
 20
307716.8774
 10
3133937.706
 20
307734.4377
 10
3133934.6531
 20
307719.5324
 10
3133953.9525
 20
307698.7357
 10
3133985.4245
 20
307686.8261
 10
3133989.5922
 20
307703.4959
  0
LWPOLYLINE
  5
352
330
17
100
AcDbEntity
  8
PLSS_TWP
100
AcDbPolyline
 90
5
 70
0
 10
3138035.0712
 20
296649.5122
 10
3138009.3671
 20
296668.829
 10
3137971.645
 20
296641.0058
 10
3138016.7232
 20
296620.4799
 10
3138035.0712
 20
296649.5122
  0
LWPOLYLINE
  5
353
330
17
100
AcDbEntity
  8
PLSS_TWP
100
AcDbPolyline
 90
8
 70
0
 10
3138337.4884
 20
297086.2303
 10
3138341.5932
 20
297139.5596
 10
3138316.11
 20
297162.4243
 10
3138291.0291
 20
297161.6626
 10
3138245.3705
 20
297119.6485
 10
3138241.605
 20
297083.513
 10
3138293.6981
 20
297071.4944
 10
3138337.4884
 20
297086.2303
  0
LWPOLYLINE
  5
354
330
17
100
AcDbEntity
  8
PLSS_TWP
100
AcDbPolyline
 90
8
 70
0
 10
3138970.7473
 20
296013.143
 10
3138989.0933
 20
296064.1466
 10
3138931.2502
 20
296104.6696
 10
3138866.0016
 20
296152.9691
 10
3138814.4565
 20
296123.4886
 10
3138796.1874
 20
296037.6015
 10
3138785.9361
 20
296014.7406
 10
3138970.7473
 20
296013.143
  0
LWPOLYLINE
  5
355
330
17
100
AcDbEntity
  8
PLSS_TWP
100
AcDbPolyline
 90
15
 70
0
 10
3138167.8614
 20
296913.3481
 10
3138162.0086
 20
296964.4998
 10
3138154.9673
 20
296996.7508
 10
3138181.6102
 20
297050.6193
 10
3138202.9347
 20
297112.3668
 10
3138192.1377
 20
297140.1832
 10
3138185.7506
 20
297138.5867
 10
3138145.8847
 20
297103.9886
 10
3138105.5101
 20
297089.468
 10
3138070.6416
 20
297058.1312
 10
3138069.455
 20
297013.2832
 10
3138070.2336
 20
296954.5258
 10
3138076.4146
 20
296888.8062
 10
3138133.5169
 20
296868.1756
 10
3138167.8614
 20
296913.3481
  0
LINE
  5
356
330
17
100
AcDbEntity
  8
CENTER
100
AcDbLine
 10
3137388.6474
 20
319658.3832
 30
0.0
 11
3137748.6474
 21
319658.3832
 31
0.0
  0
LINE
  5
357
330
17
100
AcDbEntity
  8
CENTER
100
AcDbLine
 10
3137568.6474
 20
319478.3832
 30
0.0
 11
3137568.6474
 21
319838.3832
 31
0.0
  0
CIRCLE
  5
358
330
17
100
AcDbEntity
  8
CENTER
100
AcDbCircle
 10
3137568.6474
 20
319658.3832
 30
0.0
 40
144.0
  0
LINE
  5
359
330
17
100
AcDbEntity
  8
IMG_ALIGN_NEAR
100
AcDbLine
 10
3137028.6474
 20
319958.3832
 30
0.0
 11
3137508.6474
 21
319958.3832
 31
0.0
  0
LINE
  5
35A
330
17
100
AcDbEntity
  8
IMG_ALIGN_NEAR
100
AcDbLine
 10
3137268.6474
 20
319718.3832
 30
0.0
 11
3137268.6474
 21
320198.3832
 31
0.0
  0
CIRCLE
  5
35B
330
17
100
AcDbEntity
  8
IMG_ALIGN_NEAR
100
AcDbCircle
 10
3137268.6474
 20
319958.3832
 30
0.0
 40
144.0
  0
LINE
  5
35C
330
17
100
AcDbEntity
  8
IMG_ALIGN_NEAR
100
AcDbLine
 10
3137628.6474
 20
319958.3832
 30
0.0
 11
3138108.6474
 21
319958.3832
 31
0.0
  0
LINE
  5
35D
330
17
100
AcDbEntity
  8
IMG_ALIGN_NEAR
100
AcDbLine
 10
3137868.6474
 20
319718.3832
 30
0.0
 11
3137868.6474
 21
320198.3832
 31
0.0
  0
CIRCLE
  5
35E
330
17
100
AcDbEntity
  8
IMG_ALIGN_NEAR
100
AcDbCircle
 10
3137868.6474
 20
319958.3832
 30
0.0
 40
144.0
  0
LINE
  5
35F
330
17
100
AcDbEntity
  8
IMG_ALIGN_NEAR
100
AcDbLine
 10
3137028.6474
 20
319358.3832
 30
0.0
 11
3137508.6474
 21
319358.3832
 31
0.0
  0
LINE
  5
360
330
17
100
AcDbEntity
  8
IMG_ALIGN_NEAR
100
AcDbLine
 10
3137268.6474
 20
319118.3832
 30
0.0
 11
3137268.6474
 21
319598.3832
 31
0.0
  0
CIRCLE
  5
361
330
17
100
AcDbEntity
  8
IMG_ALIGN_NEAR
100
AcDbCircle
 10
3137268.6474
 20
319358.3832
 30
0.0
 40
144.0
  0
LINE
  5
362
330
17
100
AcDbEntity
  8
IMG_ALIGN_NEAR
100
AcDbLine
 10
3137628.6474
 20
319358.3832
 30
0.0
 11
3138108.6474
 21
319358.3832
 31
0.0
  0
LINE
  5
363
330
17
100
AcDbEntity
  8
IMG_ALIGN_NEAR
100
AcDbLine
 10
3137868.6474
 20
319118.3832
 30
0.0
 11
3137868.6474
 21
319598.3832
 31
0.0
  0
CIRCLE
  5
364
330
17
100
AcDbEntity
  8
IMG_ALIGN_NEAR
100
AcDbCircle
 10
3137868.6474
 20
319358.3832
 30
0.0
 40
144.0
  0
LINE
  5
365
330
17
100
AcDbEntity
  8
IMG_ALIGN_FAR
100
AcDbLine
 10
3135828.6474
 20
321158.3832
 30
0.0
 11
3136308.6474
 21
321158.3832
 31
0.0
  0
LINE
  5
366
330
17
100
AcDbEntity
  8
IMG_ALIGN_FAR
100
AcDbLine
 10
3136068.6474
 20
320918.3832
 30
0.0
 11
3136068.6474
 21
321398.3832
 31
0.0
  0
CIRCLE
  5
367
330
17
100
AcDbEntity
  8
IMG_ALIGN_FAR
100
AcDbCircle
 10
3136068.6474
 20
321158.3832
 30
0.0
 40
144.0
  0
LINE
  5
368
330
17
100
AcDbEntity
  8
IMG_ALIGN_FAR
100
AcDbLine
 10
3138828.6474
 20
321158.3832
 30
0.0
 11
3139308.6474
 21
321158.3832
 31
0.0
  0
LINE
  5
369
330
17
100
AcDbEntity
  8
IMG_ALIGN_FAR
100
AcDbLine
 10
3139068.6474
 20
320918.3832
 30
0.0
 11
3139068.6474
 21
321398.3832
 31
0.0
  0
CIRCLE
  5
36A
330
17
100
AcDbEntity
  8
IMG_ALIGN_FAR
100
AcDbCircle
 10
3139068.6474
 20
321158.3832
 30
0.0
 40
144.0
  0
LINE
  5
36B
330
17
100
AcDbEntity
  8
IMG_ALIGN_FAR
100
AcDbLine
 10
3135828.6474
 20
318158.3832
 30
0.0
 11
3136308.6474
 21
318158.3832
 31
0.0
  0
LINE
  5
36C
330
17
100
AcDbEntity
  8
IMG_ALIGN_FAR
100
AcDbLine
 10
3136068.6474
 20
317918.3832
 30
0.0
 11
3136068.6474
 21
318398.3832
 31
0.0
  0
CIRCLE
  5
36D
330
17
100
AcDbEntity
  8
IMG_ALIGN_FAR
100
AcDbCircle
 10
3136068.6474
 20
318158.3832
 30
0.0
 40
144.0
  0
LINE
  5
36E
330
17
100
AcDbEntity
  8
IMG_ALIGN_FAR
100
AcDbLine
 10
3138828.6474
 20
318158.3832
 30
0.0
 11
3139308.6474
 21
318158.3832
 31
0.0
  0
LINE
  5
36F
330
17
100
AcDbEntity
  8
IMG_ALIGN_FAR
100
AcDbLine
 10
3139068.6474
 20
317918.3832
 30
0.0
 11
3139068.6474
 21
318398.3832
 31
0.0
  0
CIRCLE
  5
370
330
17
100
AcDbEntity
  8
IMG_ALIGN_FAR
100
AcDbCircle
 10
3139068.6474
 20
318158.3832
 30
0.0
 40
144.0
  0
LINE
  5
371
330
17
100
AcDbEntity
  8
BENCHMARKS
100
AcDbLine
 10
3134997.8577
 20
322326.9949
 30
10.3
 11
3135177.8577
 21
322326.9949
 31
10.3
  0
LINE
  5
372
330
17
100
AcDbEntity
  8
BENCHMARKS
100
AcDbLine
 10
3135087.8577
 20
322236.9949
 30
10.3
 11
3135087.8577
 21
322416.9949
 31
10.3
  0
CIRCLE
  5
373
330
17
100
AcDbEntity
  8
BENCHMARKS
100
AcDbCircle
 10
3135087.8577
 20
322326.9949
 30
10.3
 40
90.0
  0
TEXT
  5
374
330
17
100
AcDbEntity
  8
BM_LABELS
100
AcDbText
 10
3135195.8577
 20
322353.9949
 30
10.3
 40
36.0
  1
DN6711 ADK A
100
AcDbText
  0
TEXT
  5
375
330
17
100
AcDbEntity
  8
BM_LABELS
100
AcDbText
 10
3135195.8577
 20
322281.9949
 30
10.3
 40
36.0
  1
10.30'
100
AcDbText
  0
LINE
  5
376
330
17
100
AcDbEntity
  8
BENCHMARKS
100
AcDbLine
 10
3137978.5722
 20
315794.7848
 30
36.1
 11
3138158.5722
 21
315794.7848
 31
36.1
  0
LINE
  5
377
330
17
100
AcDbEntity
  8
BENCHMARKS
100
AcDbLine
 10
3138068.5722
 20
315704.7848
 30
36.1
 11
3138068.5722
 21
315884.7848
 31
36.1
  0
CIRCLE
  5
378
330
17
100
AcDbEntity
  8
BENCHMARKS
100
AcDbCircle
 10
3138068.5722
 20
315794.7848
 30
36.1
 40
90.0
  0
TEXT
  5
379
330
17
100
AcDbEntity
  8
BM_LABELS
100
AcDbText
 10
3138176.5722
 20
315821.7848
 30
36.1
 40
36.0
  1
TT4891 NET
100
AcDbText
  0
TEXT
  5
37A
330
17
100
AcDbEntity
  8
BM_LABELS
100
AcDbText
 10
3138176.5722
 20
315749.7848
 30
36.1
 40
36.0
  1
36.10'
100
AcDbText
  0
LINE
  5
37B
330
17
100
AcDbEntity
  8
BENCHMARKS
100
AcDbLine
 10
3133196.0002
 20
319221.53
 30
105.0
 11
3133376.0002
 21
319221.53
 31
105.0
  0
LINE
  5
37C
330
17
100
AcDbEntity
  8
BENCHMARKS
100
AcDbLine
 10
3133286.0002
 20
319131.53
 30
105.0
 11
3133286.0002
 21
319311.53
 31
105.0
  0
CIRCLE
  5
37D
330
17
100
AcDbEntity
  8
BENCHMARKS
100
AcDbCircle
 10
3133286.0002
 20
319221.53
 30
105.0
 40
90.0
  0
TEXT
  5
37E
330
17
100
AcDbEntity
  8
BM_LABELS
100
AcDbText
 10
3133394.0002
 20
319248.53
 30
105.0
 40
36.0
  1
TT4872 COMPASS ROSE MAG 43
100
AcDbText
  0
TEXT
  5
37F
330
17
100
AcDbEntity
  8
BM_LABELS
100
AcDbText
 10
3133394.0002
 20
319176.53
 30
105.0
 40
36.0
  1
105.00'
100
AcDbText
  0
LINE
  5
380
330
17
100
AcDbEntity
  8
BENCHMARKS
100
AcDbLine
 10
3137988.7162
 20
314945.6527
 30
9.8
 11
3138168.7162
 21
314945.6527
 31
9.8
  0
LINE
  5
381
330
17
100
AcDbEntity
  8
BENCHMARKS
100
AcDbLine
 10
3138078.7162
 20
314855.6527
 30
9.8
 11
3138078.7162
 21
315035.6527
 31
9.8
  0
CIRCLE
  5
382
330
17
100
AcDbEntity
  8
BENCHMARKS
100
AcDbCircle
 10
3138078.7162
 20
314945.6527
 30
9.8
 40
90.0
  0
TEXT
  5
383
330
17
100
AcDbEntity
  8
BM_LABELS
100
AcDbText
 10
3138186.7162
 20
314972.6527
 30
9.8
 40
36.0
  1
TT4885 ONE
100
AcDbText
  0
TEXT
  5
384
330
17
100
AcDbEntity
  8
BM_LABELS
100
AcDbText
 10
3138186.7162
 20
314900.6527
 30
9.8
 40
36.0
  1
9.80'
100
AcDbText
  0
LINE
  5
385
330
17
100
AcDbEntity
  8
BENCHMARKS
100
AcDbLine
 10
3136034.3929
 20
324205.7333
 30
157.5
 11
3136214.3929
 21
324205.7333
 31
157.5
  0
LINE
  5
386
330
17
100
AcDbEntity
  8
BENCHMARKS
100
AcDbLine
 10
3136124.3929
 20
324115.7333
 30
157.5
 11
3136124.3929
 21
324295.7333
 31
157.5
  0
CIRCLE
  5
387
330
17
100
AcDbEntity
  8
BENCHMARKS
100
AcDbCircle
 10
3136124.3929
 20
324205.7333
 30
157.5
 40
90.0
  0
TEXT
  5
388
330
17
100
AcDbEntity
  8
BM_LABELS
100
AcDbText
 10
3136232.3929
 20
324232.7333
 30
157.5
 40
36.0
  1
TT4900 RED
100
AcDbText
  0
TEXT
  5
389
330
17
100
AcDbEntity
  8
BM_LABELS
100
AcDbText
 10
3136232.3929
 20
324160.7333
 30
157.5
 40
36.0
  1
157.50'
100
AcDbText
  0
TEXT
  5
38A
330
17
100
AcDbEntity
  8
SITE_INFO
100
AcDbText
 10
3140088.6474
 20
321938.3832
 30
0.0
 40
60.0
  1
TOPOSCOUT SITE DXF
100
AcDbText
  0
TEXT
  5
38B
330
17
100
AcDbEntity
  8
SITE_INFO
100
AcDbText
 10
3140088.6474
 20
321842.3832
 30
0.0
 40
60.0
  1
Lat: 51.873878  Lng: -176.63406
100
AcDbText
  0
TEXT
  5
38C
330
17
100
AcDbEntity
  8
SITE_INFO
100
AcDbText
 10
3140088.6474
 20
321746.3832
 30
0.0
 40
60.0
  1
SPC AK Zone 10 (Aleutians) (5010) NAD83
100
AcDbText
  0
TEXT
  5
38D
330
17
100
AcDbEntity
  8
SITE_INFO
100
AcDbText
 10
3140088.6474
 20
321650.3832
 30
0.0
 40
60.0
  1
N 319658.38  E 3137568.65 (US ft)
100
AcDbText
  0
TEXT
  5
38E
330
17
100
AcDbEntity
  8
SITE_INFO
100
AcDbText
 10
3140088.6474
 20
321554.3832
 30
0.0
 40
60.0
  1
Elev: 0.0 - 218.0 ft NAVD88
100
AcDbText
  0
TEXT
  5
38F
330
17
100
AcDbEntity
  8
SITE_INFO
100
AcDbText
 10
3140088.6474
 20
321458.3832
 30
0.0
 40
60.0
  1
Radius: 2400ft  Interval: 5ft
100
AcDbText
  0
TEXT
  5
390
330
17
100
AcDbEntity
  8
SITE_INFO
100
AcDbText
 10
3140088.6474
 20
321362.3832
 30
0.0
 40
60.0
  1
Source: USGS 3DEP + NGS Benchmarks
100
AcDbText
  0
TEXT
  5
391
330
17
100
AcDbEntity
  8
SITE_INFO
100
AcDbText
 10
3140088.6474
 20
321074.3832
 30
0.0
 40
60.0
  1
NGS BENCHMARKS
100
AcDbText
  0
LWPOLYLINE
  5
392
330
17
100
AcDbEntity
  8
SITE_INFO
100
AcDbPolyline
 90
5
 70
0
 10
3140088.6474
 20
321025.7832
 10
3142032.6474
 20
321025.7832
 10
3142032.6474
 20
320944.7832
 10
3140088.6474
 20
320944.7832
 10
3140088.6474
 20
321025.7832
  0
TEXT
  5
393
330
17
100
AcDbEntity
  8
SITE_INFO
100
AcDbText
 10
3140131.8474
 20
320960.9832
 30
0.0
 40
43.2
  1
PID
100
AcDbText
  0
TEXT
  5
394
330
17
100
AcDbEntity
  8
SITE_INFO
100
AcDbText
 10
3140574.6474
 20
320960.9832
 30
0.0
 40
43.2
  1
NAME
100
AcDbText
  0
TEXT
  5
395
330
17
100
AcDbEntity
  8
SITE_INFO
100
AcDbText
 10
3141622.2474
 20
320960.9832
 30
0.0
 40
43.2
  1
ELEV
100
AcDbText
  0
LWPOLYLINE
  5
396
330
17
100
AcDbEntity
  8
SITE_INFO
100
AcDbPolyline
 90
5
 70
0
 10
3140088.6474
 20
320944.7832
 10
3142032.6474
 20
320944.7832
 10
3142032.6474
 20
320863.7832
 10
3140088.6474
 20
320863.7832
 10
3140088.6474
 20
320944.7832
  0
TEXT
  5
397
330
17
100
AcDbEntity
  8
SITE_INFO
100
AcDbText
 10
3140131.8474
 20
320879.9832
 30
0.0
 40
40.5
  1
DN6711
100
AcDbText
  0
TEXT
  5
398
330
17
100
AcDbEntity
  8
SITE_INFO
100
AcDbText
 10
3140574.6474
 20
320879.9832
 30
0.0
 40
40.5
  1
ADK A
100
AcDbText
  0
TEXT
  5
399
330
17
100
AcDbEntity
  8
SITE_INFO
100
AcDbText
 10
3141622.2474
 20
320879.9832
 30
0.0
 40
40.5
  1
10.3ft
100
AcDbText
  0
LWPOLYLINE
  5
39A
330
17
100
AcDbEntity
  8
SITE_INFO
100
AcDbPolyline
 90
5
 70
0
 10
3140088.6474
 20
320863.7832
 10
3142032.6474
 20
320863.7832
 10
3142032.6474
 20
320782.7832
 10
3140088.6474
 20
320782.7832
 10
3140088.6474
 20
320863.7832
  0
TEXT
  5
39B
330
17
100
AcDbEntity
  8
SITE_INFO
100
AcDbText
 10
3140131.8474
 20
320798.9832
 30
0.0
 40
40.5
  1
TT4891
100
AcDbText
  0
TEXT
  5
39C
330
17
100
AcDbEntity
  8
SITE_INFO
100
AcDbText
 10
3140574.6474
 20
320798.9832
 30
0.0
 40
40.5
  1
NET
100
AcDbText
  0
TEXT
  5
39D
330
17
100
AcDbEntity
  8
SITE_INFO
100
AcDbText
 10
3141622.2474
 20
320798.9832
 30
0.0
 40
40.5
  1
36.1ft
100
AcDbText
  0
LWPOLYLINE
  5
39E
330
17
100
AcDbEntity
  8
SITE_INFO
100
AcDbPolyline
 90
5
 70
0
 10
3140088.6474
 20
320782.7832
 10
3142032.6474
 20
320782.7832
 10
3142032.6474
 20
320701.7832
 10
3140088.6474
 20
320701.7832
 10
3140088.6474
 20
320782.7832
  0
TEXT
  5
39F
330
17
100
AcDbEntity
  8
SITE_INFO
100
AcDbText
 10
3140131.8474
 20
320717.9832
 30
0.0
 40
40.5
  1
TT4872
100
AcDbText
  0
TEXT
  5
3A0
330
17
100
AcDbEntity
  8
SITE_INFO
100
AcDbText
 10
3140574.6474
 20
320717.9832
 30
0.0
 40
40.5
  1
COMPASS ROSE MAG 43
100
AcDbText
  0
TEXT
  5
3A1
330
17
100
AcDbEntity
  8
SITE_INFO
100
AcDbText
 10
3141622.2474
 20
320717.9832
 30
0.0
 40
40.5
  1
105.0ft
100
AcDbText
  0
LWPOLYLINE
  5
3A2
330
17
100
AcDbEntity
  8
SITE_INFO
100
AcDbPolyline
 90
5
 70
0
 10
3140088.6474
 20
320701.7832
 10
3142032.6474
 20
320701.7832
 10
3142032.6474
 20
320620.7832
 10
3140088.6474
 20
320620.7832
 10
3140088.6474
 20
320701.7832
  0
TEXT
  5
3A3
330
17
100
AcDbEntity
  8
SITE_INFO
100
AcDbText
 10
3140131.8474
 20
320636.9832
 30
0.0
 40
40.5
  1
TT4885
100
AcDbText
  0
TEXT
  5
3A4
330
17
100
AcDbEntity
  8
SITE_INFO
100
AcDbText
 10
3140574.6474
 20
320636.9832
 30
0.0
 40
40.5
  1
ONE
100
AcDbText
  0
TEXT
  5
3A5
330
17
100
AcDbEntity
  8
SITE_INFO
100
AcDbText
 10
3141622.2474
 20
320636.9832
 30
0.0
 40
40.5
  1
9.8ft
100
AcDbText
  0
LWPOLYLINE
  5
3A6
330
17
100
AcDbEntity
  8
SITE_INFO
100
AcDbPolyline
 90
5
 70
0
 10
3140088.6474
 20
320620.7832
 10
3142032.6474
 20
320620.7832
 10
3142032.6474
 20
320539.7832
 10
3140088.6474
 20
320539.7832
 10
3140088.6474
 20
320620.7832
  0
TEXT
  5
3A7
330
17
100
AcDbEntity
  8
SITE_INFO
100
AcDbText
 10
3140131.8474
 20
320555.9832
 30
0.0
 40
40.5
  1
TT4900
100
AcDbText
  0
TEXT
  5
3A8
330
17
100
AcDbEntity
  8
SITE_INFO
100
AcDbText
 10
3140574.6474
 20
320555.9832
 30
0.0
 40
40.5
  1
RED
100
AcDbText
  0
TEXT
  5
3A9
330
17
100
AcDbEntity
  8
SITE_INFO
100
AcDbText
 10
3141622.2474
 20
320555.9832
 30
0.0
 40
40.5
  1
157.5ft
100
AcDbText
  0
TEXT
  5
3AA
330
17
100
AcDbEntity
  8
SITE_INFO
100
AcDbText
 10
3140088.6474
 20
320434.4832
 30
0.0
 40
60.0
  1
CORS STATIONS
100
AcDbText
  0
LWPOLYLINE
  5
3AB
330
17
100
AcDbEntity
  8
SITE_INFO
100
AcDbPolyline
 90
5
 70
0
 10
3140088.6474
 20
320385.8832
 10
3142032.6474
 20
320385.8832
 10
3142032.6474
 20
320304.8832
 10
3140088.6474
 20
320304.8832
 10
3140088.6474
 20
320385.8832
  0
TEXT
  5
3AC
330
17
100
AcDbEntity
  8
SITE_INFO
100
AcDbText
 10
3140131.8474
 20
320321.0832
 30
0.0
 40
43.2
  1
ID
100
AcDbText
  0
TEXT
  5
3AD
330
17
100
AcDbEntity
  8
SITE_INFO
100
AcDbText
 10
3140574.6474
 20
320321.0832
 30
0.0
 40
43.2
  1
NAME
100
AcDbText
  0
TEXT
  5
3AE
330
17
100
AcDbEntity
  8
SITE_INFO
100
AcDbText
 10
3141622.2474
 20
320321.0832
 30
0.0
 40
43.2
  1
DIST
100
AcDbText
  0
LWPOLYLINE
  5
3AF
330
17
100
AcDbEntity
  8
SITE_INFO
100
AcDbPolyline
 90
5
 70
0
 10
3140088.6474
 20
320304.8832
 10
3142032.6474
 20
320304.8832
 10
3142032.6474
 20
320223.8832
 10
3140088.6474
 20
320223.8832
 10
3140088.6474
 20
320304.8832
  0
TEXT
  5
3B0
330
17
100
AcDbEntity
  8
SITE_INFO
100
AcDbText
 10
3140131.8474
 20
320240.0832
 30
0.0
 40
40.5
  1
AB21
100
AcDbText
  0
TEXT
  5
3B1
330
17
100
AcDbEntity
  8
SITE_INFO
100
AcDbText
 10
3140574.6474
 20
320240.0832
 30
0.0
 40
40.5
  1
AB21
100
AcDbText
  0
TEXT
  5
3B2
330
17
100
AcDbEntity
  8
SITE_INFO
100
AcDbText
 10
3141622.2474
 20
320240.0832
 30
0.0
 40
40.5
  1
1.4mi
100
AcDbText
  0
TEXT
  5
3B3
330
17
100
AcDbEntity
  8
SITE_INFO
100
AcDbText
 10
3140088.6474
 20
320118.5832
 30
0.0
 40
60.0
  1
PARCEL INFO
100
AcDbText
  0
LWPOLYLINE
  5
3B4
330
17
100
AcDbEntity
  8
SITE_INFO
100
AcDbPolyline
 90
5
 70
0
 10
3140088.6474
 20
320069.9832
 10
3142032.6474
 20
320069.9832
 10
3142032.6474
 20
319988.9832
 10
3140088.6474
 20
319988.9832
 10
3140088.6474
 20
320069.9832
  0
TEXT
  5
3B5
330
17
100
AcDbEntity
  8
SITE_INFO
100
AcDbText
 10
3140131.8474
 20
320005.1832
 30
0.0
 40
43.2
  1
FIELD
100
AcDbText
  0
TEXT
  5
3B6
330
17
100
AcDbEntity
  8
SITE_INFO
100
AcDbText
 10
3140574.6474
 20
320005.1832
 30
0.0
 40
43.2
  1
VALUE
100
AcDbText
  0
TEXT
  5
3B7
330
17
100
AcDbEntity
  8
SITE_INFO
100
AcDbText
 10
3141622.2474
 20
320005.1832
 30
0.0
 40
43.2
  1

100
AcDbText
  0
LWPOLYLINE
  5
3B8
330
17
100
AcDbEntity
  8
SITE_INFO
100
AcDbPolyline
 90
5
 70
0
 10
3140088.6474
 20
319988.9832
 10
3142032.6474
 20
319988.9832
 10
3142032.6474
 20
319907.9832
 10
3140088.6474
 20
319907.9832
 10
3140088.6474
 20
319988.9832
  0
TEXT
  5
3B9
330
17
100
AcDbEntity
  8
SITE_INFO
100
AcDbText
 10
3140131.8474
 20
319924.1832
 30
0.0
 40
40.5
  1
ACRES
100
AcDbText
  0
TEXT
  5
3BA
330
17
100
AcDbEntity
  8
SITE_INFO
100
AcDbText
 10
3140574.6474
 20
319924.1832
 30
0.0
 40
40.5
  1
165016.474
100
AcDbText
  0
TEXT
  5
3BB
330
17
100
AcDbEntity
  8
SITE_INFO
100
AcDbText
 10
3141622.2474
 20
319924.1832
 30
0.0
 40
40.5
  1

100
AcDbText
  0
LINE
  5
3BC
330
17
100
AcDbEntity
  8
NORTH_ARROW
100
AcDbLine
 10
3139488.6474
 20
321218.3832
 30
0.0
 11
3139488.6474
 21
321698.3832
 31
0.0
  0
LINE
  5
3BD
330
17
100
AcDbEntity
  8
NORTH_ARROW
100
AcDbLine
 10
3139488.6474
 20
321698.3832
 30
0.0
 11
3139392.6474
 21
321506.3832
 31
0.0
  0
LINE
  5
3BE
330
17
100
AcDbEntity
  8
NORTH_ARROW
100
AcDbLine
 10
3139488.6474
 20
321698.3832
 30
0.0
 11
3139584.6474
 21
321506.3832
 31
0.0
  0
LWPOLYLINE
  5
3BF
330
17
100
AcDbEntity
  8
PLSS_SECTION
100
AcDbPolyline
 90
14
 70
0
 10
3138728.6056
 20
322416.6043
 10
3133448.6949
 20
322463.2499
 10
3133404.5766
 20
317183.5838
 10
3138499.7782
 20
317138.5568
 10
3138583.4876
 20
317259.382
 10
3138688.6594
 20
317625.4489
 10
3138695.3356
 20
318424.9124
 10
3138590.4049
 20
318489.1578
 10
3138254.9913
 20
318507.9836
 10
3138699.2805
 20
318899.3498
 10
3138715.9275
 20
320895.5196
 10
3138676.3
 20
321089.9685
 10
3138718.1029
 20
321156.2677
 10
3138728.6056
 20
322416.6043
  0
LWPOLYLINE
  5
3C0
330
17
100
AcDbEntity
  8
PLSS_TWP
100
AcDbPolyline
 90
430
 70
0
 10
3138946.6217
 20
321518.6766
 10
3138977.7089
 20
321969.7147
 10
3138962.2741
 20
322414.6196
 10
3138955.6284
 20
322606.2039
 10
3138981.9491
 20
323303.8954
 10
3139206.6841
 20
324020.5544
 10
3139430.9981
 20
324668.4999
 10
3139594.1602
 20
325371.8666
 10
3139544.1097
 20
325919.3122
 10
3139619.3523
 20
325946.0179
 10
3139947.8617
 20
326818.758
 10
3140238.6001
 20
327683.9351
 10
3139959.4255
 20
327686.3309
 10
3138772.1266
 20
327696.5807
 10
3133492.3583
 20
327743.2996
 10
3128212.6051
 20
327791.7349
 10
3122932.8675
 20
327841.8871
 10
3117653.1463
 20
327893.7562
 10
3112434.4316
 20
327946.7135
 10
3112380.9532
 20
322666.4546
 10
3112379.5833
 20
322534.4649
 10
3112375.1788
 20
322110.1038
 10
3112568.3837
 20
321923.4816
 10
3112956.1727
 20
321715.2195
 10
3113266.2686
 20
321685.2353
 10
3113805.7698
 20
321557.507
 10
3114091.7949
 20
321418.3025
 10
3114563.715
 20
321414.295
 10
3115112.9703
 20
320855.7427
 10
3115357.7473
 20
320703.2094
 10
3115418.3437
 20
320579.2843
 10
3115697.1934
 20
320412.8878
 10
3115938.302
 20
319822.7175
 10
3115926.016
 20
319190.5302
 10
3115874.5853
 20
318759.9591
 10
3116173.8334
 20
318545.2571
 10
3116253.0122
 20
318202.4786
 10
3116104.1772
 20
317560.8297
 10
3116119.285
 20
317348.471
 10
3116134.6815
 20
317132.2486
 10
3116630.61
 20
316751.8091
 10
3116842.4226
 20
316756.8463
 10
3117182.6984
 20
316521.3125
 10
3117554.782
 20
316156.2713
 10
3117677.847
 20
316035.5275
 10
3117590.957
 20
315461.2412
 10
3117548.2906
 20
315381.6316
 10
3117375.5036
 20
315059.2288
 10
3117210.4978
 20
314985.2954
 10
3117020.0848
 20
314288.7902
 10
3117145.7963
 20
313778.6596
 10
3117356.1457
 20
313599.1414
 10
3117339.8209
 20
313277.5174
 10
3117528.8278
 20
313057.7412
 10
3117576.9602
 20
313001.7743
 10
3117623.3516
 20
312823.5885
 10
3117786.7104
 20
312726.3682
 10
3117934.8878
 20
312451.5768
 10
3118430.6845
 20
312045.0108
 10
3118634.582
 20
311877.8057
 10
3118790.5186
 20
311691.5627
 10
3119151.6542
 20
311524.2869
 10
3119900.7112
 20
311155.5305
 10
3119836.1956
 20
310800.29
 10
3119581.2671
 20
310596.9826
 10
3119341.5219
 20
310557.973
 10
3118693.2237
 20
310734.509
 10
3118623.8508
 20
310863.5311
 10
3118082.4856
 20
311538.5437
 10
3117597.4578
 20
311583.6999
 10
3117515.61
 20
311484.6685
 10
3117327.9449
 20
311257.6235
 10
3117135.9851
 20
311224.9013
 10
3116632.0398
 20
311447.9368
 10
3116619.7429
 20
311612.5032
 10
3116340.5625
 20
311785.9899
 10
3116280.1594
 20
311930.2931
 10
3116330.5413
 20
312065.9261
 10
3116427.0153
 20
312325.6367
 10
3116196.2698
 20
312546.6204
 10
3116183.902
 20
312711.1268
 10
3116390.6737
 20
312880.5309
 10
3116413.3025
 20
313133.609
 10
3116287.2445
 20
313599.9913
 10
3116137.6086
 20
313669.5494
 10
3115962.2273
 20
313944.4473
 10
3115931.1635
 20
314314.0386
 10
3115580.4946
 20
314453.9256
 10
3115304.729
 20
314209.7702
 10
3114873.6519
 20
314151.8317
 10
3114641.9742
 20
314283.8634
 10
3114270.0192
 20
314758.8187
 10
3113866.4332
 20
314775.8417
 10
3113687.1287
 20
314606.1896
 10
3113539.4557
 20
314128.1973
 10
3113762.1629
 20
313953.3409
 10
3114092.4514
 20
313375.7987
 10
3113997.5739
 20
312964.8906
 10
3113900.2891
 20
312793.972
 10
3113935.1092
 20
312633.3348
 10
3113855.8514
 20
312435.4273
 10
3113545.7426
 20
312356.0328
 10
3113344.7172
 20
312403.6202
 10
3113167.8616
 20
312535.1727
 10
3113137.5022
 20
313000.8472
 10
3113042.1788
 20
313022.081
 10
3113005.7388
 20
312779.9804
 10
3112564.3324
 20
312300.8472
 10
3112272.1633
 20
312127.9629
 10
3112271.9457
 20
312106.8512
 10
3112267.8255
 20
311706.8913
 10
3112231.1502
 20
308146.9635
 10
3112216.3391
 20
306827.094
 10
3112161.9442
 20
301547.1915
 10
3112107.8144
 20
296267.2152
 10
3117090.6081
 20
296216.7367
 10
3117387.628
 20
296213.7757
 10
3120027.6548
 20
296187.6976
 10
3120058.0017
 20
296187.4
 10
3122370.7028
 20
296164.9114
 10
3122667.7237
 20
296162.0473
 10
3127650.814
 20
296114.8005
 10
3127902.2772
 20
296112.457
 10
3127947.7977
 20
296112.0327
 10
3133227.926
 20
296063.7318
 10
3137174.8406
 20
296028.7464
 10
3137392.6578
 20
296026.8435
 10
3137525.768
 20
296177.8215
 10
3137564.4936
 20
296263.896
 10
3137490.9876
 20
296317.7185
 10
3137431.6871
 20
296534.145
 10
3137528.886
 20
296752.3875
 10
3137541.0648
 20
296869.9044
 10
3137567.7345
 20
296909.2064
 10
3137522.2089
 20
296908.7466
 10
3137568.0467
 20
297310.1151
 10
3137708.1855
 20
297481.1065
 10
3137449.1351
 20
297941.1908
 10
3137303.6631
 20
298140.6224
 10
3137323.7815
 20
298272.4517
 10
3137165.7464
 20
298245.0695
 10
3136848.635
 20
298283.7085
 10
3136709.5295
 20
298433.763
 10
3136784.4469
 20
298805.8052
 10
3136679.4441
 20
299106.8437
 10
3136763.9761
 20
299537.4906
 10
3136652.658
 20
299580.939
 10
3136659.8765
 20
299858.6555
 10
3136801.6354
 20
300042.7215
 10
3136880.0372
 20
300384.9897
 10
3137035.7201
 20
300488.2141
 10
3137018.8212
 20
300533.3432
 10
3137047.4045
 20
300618.4646
 10
3137189.957
 20
300560.7312
 10
3137244.5065
 20
300453.7072
 10
3137313.0983
 20
300456.0456
 10
3137472.6302
 20
300318.6079
 10
3137692.3085
 20
299984.384
 10
3137777.5815
 20
299672.386
 10
3137878.92
 20
299554.1254
 10
3138009.9319
 20
299275.879
 10
3137945.4215
 20
299115.4269
 10
3137880.4154
 20
299072.4806
 10
3137867.7049
 20
298984.955
 10
3137890.1671
 20
298911.7497
 10
3137975.0777
 20
298905.6867
 10
3138149.2224
 20
298736.3671
 10
3138198.0901
 20
298480.2558
 10
3138276.0643
 20
298391.5147
 10
3138291.2285
 20
298246.4034
 10
3138278.5999
 20
297936.4821
 10
3138330.1184
 20
297823.613
 10
3138522.7536
 20
297754.7131
 10
3138617.8565
 20
297720.6937
 10
3138987.782
 20
297502.076
 10
3139054.514
 20
297243.9156
 10
3139028.5803
 20
297003.7517
 10
3139090.0751
 20
296955.9756
 10
3139173.27
 20
296767.623
 10
3139146.1359
 20
296669.6338
 10
3139181.1558
 20
296617.6186
 10
3139244.4869
 20
296615.3589
 10
3139342.6164
 20
296412.0682
 10
3139347.445
 20
296263.6202
 10
3139271.2661
 20
296175.05
 10
3139235.021
 20
296054.312
 10
3139152.3226
 20
296098.4155
 10
3139122.8881
 20
296028.4748
 10
3139127.8275
 20
296011.7861
 10
3139653.1988
 20
296007.2592
 10
3141808.095
 20
295988.8689
 10
3143250.1571
 20
295976.782
 10
3143788.0851
 20
295972.2837
 10
3143832.779
 20
301252.1498
 10
3143876.8283
 20
306532.0115
 10
3143877.0543
 20
306559.1201
 10
3143878.3262
 20
306711.5536
 10
3143549.2835
 20
306555.4955
 10
3143475.8712
 20
306535.454
 10
3143172.3431
 20
306452.5982
 10
3142749.3573
 20
306172.0721
 10
3142275.1039
 20
305878.6484
 10
3141598.2476
 20
305319.7053
 10
3141174.926
 20
304574.1157
 10
3140734.5117
 20
303869.5027
 10
3140278.26
 20
303657.9264
 10
3139754.8288
 20
303621.2334
 10
3139606.8064
 20
303485.7286
 10
3139363.9276
 20
303484.3327
 10
3139044.8568
 20
303367.2004
 10
3138812.5144
 20
303365.7823
 10
3138586.4847
 20
303292.4654
 10
3138568.9684
 20
303293.0483
 10
3138309.4463
 20
303301.5993
 10
3138090.4983
 20
303262.4374
 10
3138029.4508
 20
303310.7641
 10
3138218.9208
 20
303453.056
 10
3138337.5584
 20
303722.4611
 10
3138311.5786
 20
303883.3936
 10
3138381.0773
 20
304009.4095
 10
3138444.3586
 20
304214.3647
 10
3138577.8149
 20
304352.0442
 10
3138585.843
 20
304360.3198
 10
3138980.0921
 20
304490.3816
 10
3139279.4985
 20
304717.1049
 10
3139273.9708
 20
304867.517
 10
3139575.9167
 20
304967.6654
 10
3139838.854
 20
305324.8813
 10
3140244.2761
 20
305533.7589
 10
3140644.0645
 20
305896.6078
 10
3140853.0675
 20
305966.6082
 10
3142048.2245
 20
306547.7379
 10
3142070.5129
 20
306558.5751
 10
3143115.3841
 20
307182.679
 10
3143402.488
 20
307139.1457
 10
3143622.9452
 20
307322.0571
 10
3143884.3554
 20
307434.2515
 10
3143887.8903
 20
307857.9567
 10
3143918.8957
 20
311574.3089
 10
3143920.878
 20
311811.9242
 10
3143922.7559
 20
312036.9943
 10
3143532.4652
 20
312307.0195
 10
3143300.1876
 20
312302.1734
 10
3143095.897
 20
312416.8599
 10
3142591.656
 20
312468.9607
 10
3142200.7843
 20
312352.4363
 10
3141589.2135
 20
312439.6854
 10
3141224.8621
 20
312617.1377
 10
3141076.5924
 20
312495.0872
 10
3141044.8211
 20
312368.9843
 10
3140910.5699
 20
312291.3063
 10
3140720.6624
 20
312060.3759
 10
3140341.4471
 20
312121.76
 10
3140053.3008
 20
312028.2733
 10
3139913.5864
 20
312056.7072
 10
3139921.2994
 20
312156.0877
 10
3139854.0495
 20
312303.8476
 10
3139882.4581
 20
312430.038
 10
3139828.2374
 20
312488.6425
 10
3139722.0909
 20
312475.848
 10
3139651.9831
 20
312277.9861
 10
3139475.298
 20
312378.5277
 10
3139343.2309
 20
312519.8106
 10
3139086.7729
 20
312532.1853
 10
3138753.7176
 20
312391.1295
 10
3138655.4032
 20
312508.5027
 10
3138645.9589
 20
312512.292
 10
3138576.9996
 20
312539.9652
 10
3138418.3384
 20
312349.9757
 10
3138243.2033
 20
312279.5285
 10
3138010.9025
 20
312329.4675
 10
3137914.2187
 20
312237.6559
 10
3137825.1336
 20
312235.0055
 10
3137740.1311
 20
312318.0583
 10
3137363.3085
 20
312054.1588
 10
3137103.9898
 20
312152.2658
 10
3136877.6238
 20
312109.638
 10
3136560.6343
 20
312255.9944
 10
3136420.7219
 20
312257.1644
 10
3136298.0954
 20
312306.041
 10
3136092.5274
 20
312249.5931
 10
3136071.0114
 20
312143.4817
 10
3136158.5809
 20
311978.514
 10
3136167.2356
 20
311879.0002
 10
3136171.1063
 20
311834.5265
 10
3136050.6213
 20
311722.7397
 10
3135961.7295
 20
311716.6092
 10
3135882.8355
 20
311679.6082
 10
3135936.3031
 20
311528.4044
 10
3135809.1717
 20
311488.3416
 10
3135887.0163
 20
311385.0239
 10
3135824.5563
 20
311269.4216
 10
3135871.3624
 20
311131.9848
 10
3135952.5447
 20
311028.699
 10
3136041.5468
 20
311003.9843
 10
3136184.5966
 20
310910.3737
 10
3136204.4452
 20
310831.6205
 10
3136135.4635
 20
310767.2366
 10
3136025.2138
 20
310699.4833
 10
3135902.1538
 20
310734.8413
 10
3135776.0611
 20
310752.9693
 10
3135666.305
 20
310702.595
 10
3135562.074
 20
310501.6242
 10
3135547.7548
 20
310429.7821
 10
3135523.5889
 20
310423.0807
 10
3135357.48
 20
310592.0528
 10
3135214.3923
 20
310634.2034
 10
3135128.892
 20
310669.2338
 10
3135105.8158
 20
310772.3131
 10
3135144.2118
 20
310857.772
 10
3135144.9361
 20
310943.5662
 10
3135073.3385
 20
310981.8388
 10
3135008.2807
 20
310975.5631
 10
3134990.6398
 20
310914.0316
 10
3135003.4541
 20
310807.8615
 10
3134883.7674
 20
310791.7904
 10
3134508.6431
 20
310880.4431
 10
3134323.779
 20
310895.6798
 10
3134223.808
 20
310821.0546
 10
3134172.4476
 20
310824.9406
 10
3133995.3514
 20
310911.9585
 10
3133883.4707
 20
311039.519
 10
3133676.4593
 20
311243.1467
 10
3133403.2037
 20
311303.617
 10
3133355.309
 20
311289.81
 10
3133276.3607
 20
311267.0598
 10
3133229.9926
 20
311038.044
 10
3133140.002
 20
310902.1369
 10
3133024.5196
 20
310797.6099
 10
3132846.3826
 20
310739.3029
 10
3132733.6352
 20
310782.6706
 10
3132591.7605
 20
310857.4514
 10
3132607.6278
 20
310876.8919
 10
3132603.7578
 20
310901.6512
 10
3132245.817
 20
311316.3896
 10
3132220.2209
 20
311319.1918
 10
3132195.5961
 20
311295.3031
 10
3132158.1556
 20
311362.8386
 10
3132356.5933
 20
311461.8952
 10
3132678.4305
 20
311107.7659
 10
3132719.6741
 20
311116.8792
 10
3132747.5044
 20
311088.6603
 10
3132751.7656
 20
311090.4576
 10
3132727.0412
 20
311131.0103
 10
3132736.0593
 20
311181.0508
 10
3132793.5802
 20
311200.543
 10
3132891.1367
 20
311158.3541
 10
3132913.1248
 20
311129.5148
 10
3132930.3726
 20
311134.0105
 10
3133101.0717
 20
311381.1211
 10
3133123.1494
 20
311572.5344
 10
3133060.1924
 20
311815.9986
 10
3133038.9531
 20
311906.6692
 10
3132944.5781
 20
312309.5667
 10
3132911.7709
 20
312369.8371
 10
3132903.5691
 20
312384.9044
 10
3132876.7307
 20
312388.4514
 10
3132858.7554
 20
312454.3407
 10
3132851.4342
 20
312482.9866
 10
3132778.3699
 20
312852.6732
 10
3132854.1196
 20
312944.2151
 10
3132841.4996
 20
313074.3147
 10
3132912.5024
 20
313374.8929
 10
3133083.3183
 20
314167.2189
 10
3133043.6294
 20
314321.2462
 10
3133084.4551
 20
314402.639
 10
3133107.2018
 20
314344.9075
 10
3133169.5046
 20
314244.5309
 10
3133241.7749
 20
314232.5585
 10
3133346.333
 20
314241.8381
 10
3133380.0306
 20
314246.4623
 10
3133442.4373
 20
314254.9881
 10
3133499.1086
 20
314303.4984
 10
3133600.8357
 20
314314.09
 10
3133616.8059
 20
314429.8558
 10
3133788.1468
 20
314504.2045
 10
3133940.6422
 20
314568.9316
 10
3134041.3136
 20
314550.7103
 10
3134140.3547
 20
314587.3996
 10
3134172.7107
 20
314603.8172
 10
3134206.8869
 20
314679.6424
 10
3134329.4599
 20
314724.9959
 10
3134510.9188
 20
314728.0266
 10
3134726.569
 20
314753.5809
 10
3134737.3486
 20
314704.5874
 10
3134758.827
 20
314708.0677
 10
3134788.2036
 20
314734.6107
 10
3134928.1227
 20
314732.3857
 10
3134931.7449
 20
314662.5265
 10
3134946.5595
 20
314653.8269
 10
3134962.0447
 20
314852.5225
 10
3135037.5889
 20
314931.8973
 10
3135193.2759
 20
314964.4789
 10
3135927.1059
 20
314977.8042
 10
3135956.2425
 20
314990.3372
 10
3136104.5274
 20
315206.3418
 10
3136099.434
 20
315371.9281
 10
3136147.2634
 20
315437.539
 10
3136671.7147
 20
315454.4601
 10
3136710.1177
 20
315452.2869
 10
3137338.157
 20
315485.9447
 10
3137438.9636
 20
315492.1002
 10
3137830.9835
 20
315504.8935
 10
3137881.2114
 20
315516.1443
 10
3138434.2474
 20
315526.6307
 10
3138484.0772
 20
314514.1045
 10
3138530.7637
 20
314509.966
 10
3138508.4903
 20
315633.0831
 10
3138523.3607
 20
315805.3488
 10
3138621.4541
 20
316080.0729
 10
3138676.4533
 20
316163.016
 10
3138870.9182
 20
316456.298
 10
3138930.4897
 20
316615.142
 10
3139061.0895
 20
317101.5152
 10
3139090.6631
 20
317133.5068
 10
3139285.5418
 20
317344.3051
 10
3139384.7587
 20
317545.5853
 10
3139449.9135
 20
317777.514
 10
3139465.7139
 20
318037.1018
 10
3139380.3223
 20
318256.6828
 10
3139293.29
 20
318483.4386
 10
3138964.4982
 20
318754.8801
 10
3138931.7704
 20
318926.0284
 10
3138915.4461
 20
319425.4228
 10
3138906.3686
 20
319979.6846
 10
3138788.0738
 20
320541.5551
 10
3138715.9275
 20
320895.5196
 10
3138676.3
 20
321089.9685
 10
3138718.1029
 20
321156.2677
 10
3138946.6217
 20
321518.6766
  0
LWPOLYLINE
  5
3C1
330
17
100
AcDbEntity
  8
PLSS_TWP
100
AcDbPolyline
 90
4
 70
0
 10
3137669.9629
 20
296791.0589
 10
3137657.19
 20
296801.0234
 10
3137653.2748
 20
296787.0432
 10
3137669.9629
 20
296791.0589
  0
LWPOLYLINE
  5
3C2
330
17
100
AcDbEntity
  8
PLSS_TWP
100
AcDbPolyline
 90
5
 70
0
 10
3135669.1212
 20
308296.9847
 10
3135666.0882
 20
308309.8018
 10
3135648.4096
 20
308312.5285
 10
3135656.5007
 20
308292.9959
 10
3135669.1212
 20
308296.9847
  0
LWPOLYLINE
  5
3C3
330
17
100
AcDbEntity
  8
PLSS_TWP
100
AcDbPolyline
 90
7
 70
0
 10
3133989.5922
 20
307703.4959
 10
3133950.9305
 20
307716.8774
 10
3133937.706
 20
307734.4377
 10
3133934.6531
 20
307719.5324
 10
3133953.9525
 20
307698.7357
 10
3133985.4245
 20
307686.8261
 10
3133989.5922
 20
307703.4959
  0
LWPOLYLINE
  5
3C4
330
17
100
AcDbEntity
  8
PLSS_TWP
100
AcDbPolyline
 90
5
 70
0
 10
3138035.0712
 20
296649.5122
 10
3138009.3671
 20
296668.829
 10
3137971.645
 20
296641.0058
 10
3138016.7232
 20
296620.4799
 10
3138035.0712
 20
296649.5122
  0
LWPOLYLINE
  5
3C5
330
17
100
AcDbEntity
  8
PLSS_TWP
100
AcDbPolyline
 90
8
 70
0
 10
3138337.4884
 20
297086.2303
 10
3138341.5932
 20
297139.5596
 10
3138316.11
 20
297162.4243
 10
3138291.0291
 20
297161.6626
 10
3138245.3705
 20
297119.6485
 10
3138241.605
 20
297083.513
 10
3138293.6981
 20
297071.4944
 10
3138337.4884
 20
297086.2303
  0
LWPOLYLINE
  5
3C6
330
17
100
AcDbEntity
  8
PLSS_TWP
100
AcDbPolyline
 90
8
 70
0
 10
3138970.7473
 20
296013.143
 10
3138989.0933
 20
296064.1466
 10
3138931.2502
 20
296104.6696
 10
3138866.0016
 20
296152.9691
 10
3138814.4565
 20
296123.4886
 10
3138796.1874
 20
296037.6015
 10
3138785.9361
 20
296014.7406
 10
3138970.7473
 20
296013.143
  0
LWPOLYLINE
  5
3C7
330
17
100
AcDbEntity
  8
PLSS_TWP
100
AcDbPolyline
 90
15
 70
0
 10
3138167.8614
 20
296913.3481
 10
3138162.0086
 20
296964.4998
 10
3138154.9673
 20
296996.7508
 10
3138181.6102
 20
297050.6193
 10
3138202.9347
 20
297112.3668
 10
3138192.1377
 20
297140.1832
 10
3138185.7506
 20
297138.5867
 10
3138145.8847
 20
297103.9886
 10
3138105.5101
 20
297089.468
 10
3138070.6416
 20
297058.1312
 10
3138069.455
 20
297013.2832
 10
3138070.2336
 20
296954.5258
 10
3138076.4146
 20
296888.8062
 10
3138133.5169
 20
296868.1756
 10
3138167.8614
 20
296913.3481
  0
LWPOLYLINE
  5
3C8
330
17
100
AcDbEntity
  8
PLSS_QQ
100
AcDbPolyline
 90
14
 70
0
 10
3138728.6056
 20
322416.6043
 10
3133448.6949
 20
322463.2499
 10
3133404.5766
 20
317183.5838
 10
3138499.7782
 20
317138.5568
 10
3138583.4876
 20
317259.382
 10
3138688.6594
 20
317625.4489
 10
3138695.3356
 20
318424.9124
 10
3138590.4049
 20
318489.1578
 10
3138254.9913
 20
318507.9836
 10
3138699.2805
 20
318899.3498
 10
3138715.9275
 20
320895.5196
 10
3138676.3
 20
321089.9685
 10
3138718.1029
 20
321156.2677
 10
3138728.6056
 20
322416.6043
  0
LINE
  5
3C9
330
17
100
AcDbEntity
  8
PLSS_QQ_3D
100
AcDbLine
 10
3138689.1044
 20
317678.7465
 30
19.1246
 11
3138689.5495
 21
317732.044
 31
20.2268
  0
LINE
  5
3CA
330
17
100
AcDbEntity
  8
PLSS_QQ_3D
100
AcDbLine
 10
3138689.5495
 20
317732.044
 30
20.2268
 11
3138689.9946
 21
317785.3416
 31
23.6991
  0
LINE
  5
3CB
330
17
100
AcDbEntity
  8
PLSS_QQ_3D
100
AcDbLine
 10
3138689.9946
 20
317785.3416
 30
23.6991
 11
3138690.4397
 21
317838.6392
 31
30.3293
  0
LINE
  5
3CC
330
17
100
AcDbEntity
  8
PLSS_QQ_3D
100
AcDbLine
 10
3138690.4397
 20
317838.6392
 30
30.3293
 11
3138690.8848
 21
317891.9367
 31
36.4859
  0
LINE
  5
3CD
330
17
100
AcDbEntity
  8
PLSS_QQ_3D
100
AcDbLine
 10
3138690.8848
 20
317891.9367
 30
36.4859
 11
3138691.3298
 21
317945.2343
 31
40.3437
  0
LINE
  5
3CE
330
17
100
AcDbEntity
  8
PLSS_QQ_3D
100
AcDbLine
 10
3138691.3298
 20
317945.2343
 30
40.3437
 11
3138691.7749
 21
317998.5319
 31
41.9223
  0
LINE
  5
3CF
330
17
100
AcDbEntity
  8
PLSS_QQ_3D
100
AcDbLine
 10
3138691.7749
 20
317998.5319
 30
41.9223
 11
3138692.22
 21
318051.8294
 31
42.003
  0
LINE
  5
3D0
330
17
100
AcDbEntity
  8
PLSS_QQ_3D
100
AcDbLine
 10
3138692.22
 20
318051.8294
 30
42.003
 11
3138692.6651
 21
318105.127
 31
41.7084
  0
LINE
  5
3D1
330
17
100
AcDbEntity
  8
PLSS_QQ_3D
100
AcDbLine
 10
3138692.6651
 20
318105.127
 30
41.7084
 11
3138693.1102
 21
318158.4246
 31
41.6151
  0
LINE
  5
3D2
330
17
100
AcDbEntity
  8
PLSS_QQ_3D
100
AcDbLine
 10
3138693.1102
 20
318158.4246
 30
41.6151
 11
3138693.5552
 21
318211.7221
 31
41.8372
  0
LINE
  5
3D3
330
17
100
AcDbEntity
  8
PLSS_QQ_3D
100
AcDbLine
 10
3138693.5552
 20
318211.7221
 30
41.8372
 11
3138694.0003
 21
318265.0197
 31
41.35
  0
LINE
  5
3D4
330
17
100
AcDbEntity
  8
PLSS_QQ_3D
100
AcDbLine
 10
3138694.0003
 20
318265.0197
 30
41.35
 11
3138694.4454
 21
318318.3173
 31
40.8713
  0
LINE
  5
3D5
330
17
100
AcDbEntity
  8
PLSS_QQ_3D
100
AcDbLine
 10
3138694.4454
 20
318318.3173
 30
40.8713
 11
3138694.8905
 21
318371.6148
 31
40.6187
  0
LINE
  5
3D6
330
17
100
AcDbEntity
  8
PLSS_QQ_3D
100
AcDbLine
 10
3138694.8905
 20
318371.6148
 30
40.6187
 11
3138695.3356
 21
318424.9124
 31
40.6
  0
LINE
  5
3D7
330
17
100
AcDbEntity
  8
PLSS_QQ_3D
100
AcDbLine
 10
3138695.3356
 20
318424.9124
 30
40.6
 11
3138695.3356
 21
318424.9124
 31
40.6
  0
LINE
  5
3D8
330
17
100
AcDbEntity
  8
PLSS_QQ_3D
100
AcDbLine
 10
3138695.3356
 20
318424.9124
 30
40.6
 11
3138642.8702
 21
318457.0351
 31
50.5033
  0
LINE
  5
3D9
330
17
100
AcDbEntity
  8
PLSS_QQ_3D
100
AcDbLine
 10
3138642.8702
 20
318457.0351
 30
50.5033
 11
3138590.4049
 21
318489.1578
 31
72.4057
  0
LINE
  5
3DA
330
17
100
AcDbEntity
  8
PLSS_QQ_3D
100
AcDbLine
 10
3138590.4049
 20
318489.1578
 30
72.4057
 11
3138590.4049
 21
318489.1578
 31
72.4057
  0
LINE
  5
3DB
330
17
100
AcDbEntity
  8
PLSS_QQ_3D
100
AcDbLine
 10
3138590.4049
 20
318489.1578
 30
72.4057
 11
3138534.5026
 21
318492.2954
 31
86.0375
  0
LINE
  5
3DC
330
17
100
AcDbEntity
  8
PLSS_QQ_3D
100
AcDbLine
 10
3138534.5026
 20
318492.2954
 30
86.0375
 11
3138478.6004
 21
318495.433
 31
94.5782
  0
LINE
  5
3DD
330
17
100
AcDbEntity
  8
PLSS_QQ_3D
100
AcDbLine
 10
3138478.6004
 20
318495.433
 30
94.5782
 11
3138422.6981
 21
318498.5707
 31
102.5893
  0
LINE
  5
3DE
330
17
100
AcDbEntity
  8
PLSS_QQ_3D
100
AcDbLine
 10
3138422.6981
 20
318498.5707
 30
102.5893
 11
3138366.7958
 21
318501.7083
 31
116.9625
  0
LINE
  5
3DF
330
17
100
AcDbEntity
  8
PLSS_QQ_3D
100
AcDbLine
 10
3138366.7958
 20
318501.7083
 30
116.9625
 11
3138310.8936
 21
318504.8459
 31
133.0914
  0
LINE
  5
3E0
330
17
100
AcDbEntity
  8
PLSS_QQ_3D
100
AcDbLine
 10
3138310.8936
 20
318504.8459
 30
133.0914
 11
3138254.9913
 21
318507.9836
 31
135.695
  0
LINE
  5
3E1
330
17
100
AcDbEntity
  8
PLSS_QQ_3D
100
AcDbLine
 10
3138254.9913
 20
318507.9836
 30
135.695
 11
3138254.9913
 21
318507.9836
 31
135.695
  0
LINE
  5
3E2
330
17
100
AcDbEntity
  8
PLSS_QQ_3D
100
AcDbLine
 10
3138254.9913
 20
318507.9836
 30
135.695
 11
3138295.3812
 21
318543.5623
 31
136.1728
  0
LINE
  5
3E3
330
17
100
AcDbEntity
  8
PLSS_QQ_3D
100
AcDbLine
 10
3138295.3812
 20
318543.5623
 30
136.1728
 11
3138335.7712
 21
318579.1411
 31
137.3517
  0
LINE
  5
3E4
330
17
100
AcDbEntity
  8
PLSS_QQ_3D
100
AcDbLine
 10
3138335.7712
 20
318579.1411
 30
137.3517
 11
3138376.1611
 21
318614.7198
 31
142.8952
  0
LINE
  5
3E5
330
17
100
AcDbEntity
  8
PLSS_QQ_3D
100
AcDbLine
 10
3138376.1611
 20
318614.7198
 30
142.8952
 11
3138416.551
 21
318650.2986
 31
157.2067
  0
LINE
  5
3E6
330
17
100
AcDbEntity
  8
PLSS_QQ_3D
100
AcDbLine
 10
3138416.551
 20
318650.2986
 30
157.2067
 11
3138456.941
 21
318685.8773
 31
174.389
  0
LINE
  5
3E7
330
17
100
AcDbEntity
  8
PLSS_QQ_3D
100
AcDbLine
 10
3138456.941
 20
318685.8773
 30
174.389
 11
3138497.3309
 21
318721.456
 31
181.9714
  0
LINE
  5
3E8
330
17
100
AcDbEntity
  8
PLSS_QQ_3D
100
AcDbLine
 10
3138497.3309
 20
318721.456
 30
181.9714
 11
3138537.7208
 21
318757.0348
 31
181.9593
  0
LINE
  5
3E9
330
17
100
AcDbEntity
  8
PLSS_QQ_3D
100
AcDbLine
 10
3138537.7208
 20
318757.0348
 30
181.9593
 11
3138578.1107
 21
318792.6135
 31
172.7011
  0
LINE
  5
3EA
330
17
100
AcDbEntity
  8
PLSS_QQ_3D
100
AcDbLine
 10
3138578.1107
 20
318792.6135
 30
172.7011
 11
3138618.5007
 21
318828.1923
 31
155.8813
  0
LINE
  5
3EB
330
17
100
AcDbEntity
  8
PLSS_QQ_3D
100
AcDbLine
 10
3138618.5007
 20
318828.1923
 30
155.8813
 11
3138658.8906
 21
318863.771
 31
128.904
  0
LINE
  5
3EC
330
17
100
AcDbEntity
  8
PLSS_QQ_3D
100
AcDbLine
 10
3138658.8906
 20
318863.771
 30
128.904
 11
3138699.2805
 21
318899.3498
 31
93.9503
  0
LINE
  5
3ED
330
17
100
AcDbEntity
  8
PLSS_QQ_3D
100
AcDbLine
 10
3138699.2805
 20
318899.3498
 30
93.9503
 11
3138699.2805
 21
318899.3498
 31
93.9503
  0
LINE
  5
3EE
330
17
100
AcDbEntity
  8
PLSS_QQ_3D
100
AcDbLine
 10
3138699.2805
 20
318899.3498
 30
93.9503
 11
3138699.7074
 21
318950.5336
 31
78.1801
  0
LINE
  5
3EF
330
17
100
AcDbEntity
  8
PLSS_QQ_3D
100
AcDbLine
 10
3138699.7074
 20
318950.5336
 30
78.1801
 11
3138700.1342
 21
319001.7174
 31
64.8155
  0
LINE
  5
3F0
330
17
100
AcDbEntity
  8
PLSS_QQ_3D
100
AcDbLine
 10
3138700.1342
 20
319001.7174
 30
64.8155
 11
3138700.5611
 21
319052.9013
 31
55.9755
  0
LINE
  5
3F1
330
17
100
AcDbEntity
  8
PLSS_QQ_3D
100
AcDbLine
 10
3138700.5611
 20
319052.9013
 30
55.9755
 11
3138700.9879
 21
319104.0851
 31
46.0806
  0
LINE
  5
3F2
330
17
100
AcDbEntity
  8
PLSS_QQ_3D
100
AcDbLine
 10
3138700.9879
 20
319104.0851
 30
46.0806
 11
3138701.4148
 21
319155.269
 31
34.3329
  0
LINE
  5
3F3
330
17
100
AcDbEntity
  8
PLSS_QQ_3D
100
AcDbLine
 10
3138701.4148
 20
319155.269
 30
34.3329
 11
3138701.8416
 21
319206.4528
 31
23.3456
  0
LINE
  5
3F4
330
17
100
AcDbEntity
  8
PLSS_QQ_3D
100
AcDbLine
 10
3138701.8416
 20
319206.4528
 30
23.3456
 11
3138702.2684
 21
319257.6367
 31
16.1758
  0
LINE
  5
3F5
330
17
100
AcDbEntity
  8
PLSS_QQ_3D
100
AcDbLine
 10
3138702.2684
 20
319257.6367
 30
16.1758
 11
3138702.6953
 21
319308.8205
 31
14.4715
  0
LINE
  5
3F6
330
17
100
AcDbEntity
  8
PLSS_QQ_3D
100
AcDbLine
 10
3138702.6953
 20
319308.8205
 30
14.4715
 11
3138703.1221
 21
319360.0043
 31
17.1446
  0
LINE
  5
3F7
330
17
100
AcDbEntity
  8
PLSS_QQ_3D
100
AcDbLine
 10
3138703.1221
 20
319360.0043
 30
17.1446
 11
3138703.549
 21
319411.1882
 31
21.342
  0
LINE
  5
3F8
330
17
100
AcDbEntity
  8
PLSS_QQ_3D
100
AcDbLine
 10
3138703.549
 20
319411.1882
 30
21.342
 11
3138703.9758
 21
319462.372
 31
23.9704
  0
LINE
  5
3F9
330
17
100
AcDbEntity
  8
PLSS_QQ_3D
100
AcDbLine
 10
3138703.9758
 20
319462.372
 30
23.9704
 11
3138704.4027
 21
319513.5559
 31
26.0113
  0
LINE
  5
3FA
330
17
100
AcDbEntity
  8
PLSS_QQ_3D
100
AcDbLine
 10
3138704.4027
 20
319513.5559
 30
26.0113
 11
3138704.8295
 21
319564.7397
 31
27.1565
  0
LINE
  5
3FB
330
17
100
AcDbEntity
  8
PLSS_QQ_3D
100
AcDbLine
 10
3138704.8295
 20
319564.7397
 30
27.1565
 11
3138705.2564
 21
319615.9236
 31
27.6239
  0
LINE
  5
3FC
330
17
100
AcDbEntity
  8
PLSS_QQ_3D
100
AcDbLine
 10
3138705.2564
 20
319615.9236
 30
27.6239
 11
3138705.6832
 21
319667.1074
 31
28.2327
  0
LINE
  5
3FD
330
17
100
AcDbEntity
  8
PLSS_QQ_3D
100
AcDbLine
 10
3138705.6832
 20
319667.1074
 30
28.2327
 11
3138706.11
 21
319718.2912
 31
29.3471
  0
LINE
  5
3FE
330
17
100
AcDbEntity
  8
PLSS_QQ_3D
100
AcDbLine
 10
3138706.11
 20
319718.2912
 30
29.3471
 11
3138706.5369
 21
319769.4751
 31
29.6566
  0
LINE
  5
3FF
330
17
100
AcDbEntity
  8
PLSS_QQ_3D
100
AcDbLine
 10
3138706.5369
 20
319769.4751
 30
29.6566
 11
3138706.9637
 21
319820.6589
 31
30.4562
  0
LINE
  5
400
330
17
100
AcDbEntity
  8
PLSS_QQ_3D
100
AcDbLine
 10
3138706.9637
 20
319820.6589
 30
30.4562
 11
3138707.3906
 21
319871.8428
 31
30.5282
  0
LINE
  5
401
330
17
100
AcDbEntity
  8
PLSS_QQ_3D
100
AcDbLine
 10
3138707.3906
 20
319871.8428
 30
30.5282
 11
3138707.8174
 21
319923.0266
 31
29.999
  0
LINE
  5
402
330
17
100
AcDbEntity
  8
PLSS_QQ_3D
100
AcDbLine
 10
3138707.8174
 20
319923.0266
 30
29.999
 11
3138708.2443
 21
319974.2105
 31
28.8542
  0
LINE
  5
403
330
17
100
AcDbEntity
  8
PLSS_QQ_3D
100
AcDbLine
 10
3138708.2443
 20
319974.2105
 30
28.8542
 11
3138708.6711
 21
320025.3943
 31
26.4417
  0
LINE
  5
404
330
17
100
AcDbEntity
  8
PLSS_QQ_3D
100
AcDbLine
 10
3138708.6711
 20
320025.3943
 30
26.4417
 11
3138709.098
 21
320076.5781
 31
22.2554
  0
LINE
  5
405
330
17
100
AcDbEntity
  8
PLSS_QQ_3D
100
AcDbLine
 10
3138709.098
 20
320076.5781
 30
22.2554
 11
3138709.5248
 21
320127.762
 31
17.6381
  0
LINE
  5
406
330
17
100
AcDbEntity
  8
PLSS_QQ_3D
100
AcDbLine
 10
3138709.5248
 20
320127.762
 30
17.6381
 11
3138709.9516
 21
320178.9458
 31
15.0472
  0
LINE
  5
407
330
17
100
AcDbEntity
  8
PLSS_QQ_3D
100
AcDbLine
 10
3138709.9516
 20
320178.9458
 30
15.0472
 11
3138710.3785
 21
320230.1297
 31
13.5565
  0
LINE
  5
408
330
17
100
AcDbEntity
  8
PLSS_QQ_3D
100
AcDbLine
 10
3138710.3785
 20
320230.1297
 30
13.5565
 11
3138710.8053
 21
320281.3135
 31
12.182
  0
LINE
  5
409
330
17
100
AcDbEntity
  8
PLSS_QQ_3D
100
AcDbLine
 10
3138710.8053
 20
320281.3135
 30
12.182
 11
3138711.2322
 21
320332.4974
 31
10.4135
  0
LINE
  5
40A
330
17
100
AcDbEntity
  8
PLSS_QQ_3D
100
AcDbLine
 10
3138711.2322
 20
320332.4974
 30
10.4135
 11
3138711.659
 21
320383.6812
 31
8.3547
  0
LINE
  5
40B
330
17
100
AcDbEntity
  8
PLSS_QQ_3D
100
AcDbLine
 10
3138711.659
 20
320383.6812
 30
8.3547
 11
3138712.0859
 21
320434.865
 31
6.3209
  0
LINE
  5
40C
330
17
100
AcDbEntity
  8
PLSS_QQ_3D
100
AcDbLine
 10
3138712.0859
 20
320434.865
 30
6.3209
 11
3138712.5127
 21
320486.0489
 31
4.8709
  0
LINE
  5
40D
330
17
100
AcDbEntity
  8
PLSS_QQ_3D
100
AcDbLine
 10
3138712.5127
 20
320486.0489
 30
4.8709
 11
3138712.9396
 21
320537.2327
 31
3.8234
  0
LINE
  5
40E
330
17
100
AcDbEntity
  8
PLSS_QQ_3D
100
AcDbLine
 10
3138712.9396
 20
320537.2327
 30
3.8234
 11
3138713.3664
 21
320588.4166
 31
4.2166
  0
LINE
  5
40F
330
17
100
AcDbEntity
  8
PLSS_QQ_3D
100
AcDbLine
 10
3138713.3664
 20
320588.4166
 30
4.2166
 11
3138713.7932
 21
320639.6004
 31
8.5332
  0
LINE
  5
410
330
17
100
AcDbEntity
  8
PLSS_QQ_3D
100
AcDbLine
 10
3138713.7932
 20
320639.6004
 30
8.5332
 11
3138714.2201
 21
320690.7843
 31
18.7406
  0
LINE
  5
411
330
17
100
AcDbEntity
  8
PLSS_QQ_3D
100
AcDbLine
 10
3138714.2201
 20
320690.7843
 30
18.7406
 11
3138714.6469
 21
320741.9681
 31
34.1323
  0
LINE
  5
412
330
17
100
AcDbEntity
  8
PLSS_QQ_3D
100
AcDbLine
 10
3138714.6469
 20
320741.9681
 30
34.1323
 11
3138715.0738
 21
320793.1519
 31
48.4416
  0
LINE
  5
413
330
17
100
AcDbEntity
  8
PLSS_QQ_3D
100
AcDbLine
 10
3138715.0738
 20
320793.1519
 30
48.4416
 11
3138715.5006
 21
320844.3358
 31
62.5046
  0
LINE
  5
414
330
17
100
AcDbEntity
  8
PLSS_QQ_3D
100
AcDbLine
 10
3138715.5006
 20
320844.3358
 30
62.5046
 11
3138715.9275
 21
320895.5196
 31
73.2291
  0
LINE
  5
415
330
17
100
AcDbEntity
  8
PLSS_QQ_3D
100
AcDbLine
 10
3138715.9275
 20
320895.5196
 30
73.2291
 11
3138715.9275
 21
320895.5196
 31
73.2291
  0
LINE
  5
416
330
17
100
AcDbEntity
  8
PLSS_QQ_3D
100
AcDbLine
 10
3138715.9275
 20
320895.5196
 30
73.2291
 11
3138702.7183
 21
320960.3359
 31
84.7931
  0
LINE
  5
417
330
17
100
AcDbEntity
  8
PLSS_QQ_3D
100
AcDbLine
 10
3138702.7183
 20
320960.3359
 30
84.7931
 11
3138689.5092
 21
321025.1522
 31
86.744
  0
LINE
  5
418
330
17
100
AcDbEntity
  8
PLSS_QQ_3D
100
AcDbLine
 10
3138689.5092
 20
321025.1522
 30
86.744
 11
3138676.3
 21
321089.9685
 31
81.5293
  0
LINE
  5
419
330
17
100
AcDbEntity
  8
PLSS_QQ_3D
100
AcDbLine
 10
3138676.3
 20
321089.9685
 30
81.5293
 11
3138676.3
 21
321089.9685
 31
81.5293
  0
LINE
  5
41A
330
17
100
AcDbEntity
  8
PLSS_QQ_3D
100
AcDbLine
 10
3138676.3
 20
321089.9685
 30
81.5293
 11
3138718.1029
 21
321156.2677
 31
59.6011
  0
LINE
  5
41B
330
17
100
AcDbEntity
  8
PLSS_QQ_3D
100
AcDbLine
 10
3138718.1029
 20
321156.2677
 30
59.6011
 11
3138718.1029
 21
321156.2677
 31
59.6011
  0
LINE
  5
41C
330
17
100
AcDbEntity
  8
PLSS_QQ_3D
100
AcDbLine
 10
3138718.1029
 20
321156.2677
 30
59.6011
 11
3138718.523
 21
321206.6812
 31
53.9083
  0
LINE
  5
41D
330
17
100
AcDbEntity
  8
PLSS_QQ_3D
100
AcDbLine
 10
3138718.523
 20
321206.6812
 30
53.9083
 11
3138718.9431
 21
321257.0946
 31
48.7857
  0
LINE
  5
41E
330
17
100
AcDbEntity
  8
PLSS_QQ_3D
100
AcDbLine
 10
3138718.9431
 20
321257.0946
 30
48.7857
 11
3138719.3632
 21
321307.5081
 31
44.4417
  0
LINE
  5
41F
330
17
100
AcDbEntity
  8
PLSS_QQ_3D
100
AcDbLine
 10
3138719.3632
 20
321307.5081
 30
44.4417
 11
3138719.7833
 21
321357.9215
 31
40.6605
  0
LINE
  5
420
330
17
100
AcDbEntity
  8
PLSS_QQ_3D
100
AcDbLine
 10
3138719.7833
 20
321357.9215
 30
40.6605
 11
3138720.2034
 21
321408.335
 31
37.2897
  0
LINE
  5
421
330
17
100
AcDbEntity
  8
PLSS_QQ_3D
100
AcDbLine
 10
3138720.2034
 20
321408.335
 30
37.2897
 11
3138720.6236
 21
321458.7485
 31
35.0232
  0
LINE
  5
422
330
17
100
AcDbEntity
  8
PLSS_QQ_3D
100
AcDbLine
 10
3138720.6236
 20
321458.7485
 30
35.0232
 11
3138721.0437
 21
321509.1619
 31
34.6169
  0
LINE
  5
423
330
17
100
AcDbEntity
  8
PLSS_QQ_3D
100
AcDbLine
 10
3138721.0437
 20
321509.1619
 30
34.6169
 11
3138721.4638
 21
321559.5754
 31
34.6596
  0
LINE
  5
424
330
17
100
AcDbEntity
  8
PLSS_QQ_3D
100
AcDbLine
 10
3138721.4638
 20
321559.5754
 30
34.6596
 11
3138721.8839
 21
321609.9889
 31
33.7528
  0
LINE
  5
425
330
17
100
AcDbEntity
  8
PLSS_QQ_3D
100
AcDbLine
 10
3138721.8839
 20
321609.9889
 30
33.7528
 11
3138722.304
 21
321660.4023
 31
31.928
  0
LWPOLYLINE
  5
426
330
17
100
AcDbEntity
  8
PARCEL
100
AcDbPolyline
 90
7
 70
0
 10
3070067.4442
 20
256235.4119
 10
3094989.7555
 20
282978.2531
 10
3158409.0806
 20
266904.6979
 10
3180895.1749
 20
284320.0694
 10
3097026.2857
 20
288433.668
 10
3087099.1908
 20
270044.2006
 10
3137391.5658
 20
273101.424
  0
LWPOLYLINE
  5
427
330
17
100
AcDbEntity
  8
ADJOINING_PARCELS
100
AcDbPolyline
 90
7
 70
1
 10
3070067.4442
 20
256235.4119
 10
3094989.7555
 20
282978.2531
 10
3158409.0806
 20
266904.6979
 10
3180895.1749
 20
284320.0694
 10
3097026.2857
 20
288433.668
 10
3087099.1908
 20
270044.2006
 10
3137391.5658
 20
273101.424
  0
LWPOLYLINE
  5
428
330
17
100
AcDbEntity
  8
ADJOINING_PARCELS
100
AcDbPolyline
 90
18
 70
1
 10
3139477.6513
 20
325250.4837
 10
3139187.4188
 20
324631.879
 10
3139460.0468
 20
324720.2185
 10
3139534.5455
 20
325117.4752
 10
3139800.0884
 20
325847.6407
 10
3139975.7184
 20
326330.9031
 10
3139657.4486
 20
326107.3359
 10
3139596.5939
 20
325927.5301
 10
3139543.9746
 20
325915.5762
 10
3139532.905
 20
325513.0218
 10
3139533.7137
 20
325463.1853
 10
3139541.123
 20
325432.0916
 10
3139552.4052
 20
325417.7564
 10
3139558.1847
 20
325355.1
 10
3139547.3821
 20
325307.7374
 10
3139536.1225
 20
325298.7091
 10
3139482.9398
 20
325274.166
 10
3139477.6513
 20
325250.4837
  0
LWPOLYLINE
  5
429
330
17
100
AcDbEntity
  8
ADJOINING_PARCELS
100
AcDbPolyline
 90
17
 70
1
 10
3133510.0026
 20
313520.5471
 10
3133538.3001
 20
313737.1321
 10
3133672.027
 20
313901.8372
 10
3133913.2805
 20
314009.3526
 10
3133913.3211
 20
314126.3517
 10
3133977.4612
 20
314557.9946
 10
3133909.7925
 20
314573.5735
 10
3133591.7994
 20
314452.5163
 10
3133571.2319
 20
314340.4489
 10
3133472.5146
 20
314334.5903
 10
3133415.8275
 20
314290.0205
 10
3133221.4317
 20
314277.0005
 10
3133157.3622
 20
314290.7246
 10
3133150.0258
 20
314242.0566
 10
3132949.5202
 20
313582.5862
 10
3133501.215
 20
313498.7235
 10
3133510.0026
 20
313520.5471
  0
HATCH
  5
F3A
330
17
100
AcDbEntity
  8
BUILDINGS_HATCH
 62
251
100
AcDbHatch
 10
0.0
 20
0.0
 30
0.0
210
0.0
220
0.0
230
1.0
  2
SOLID
 70
1
 71
0
 91
1
 92
3
 72
0
 73
1
 93
12
 10
3137445.9857
 20
319595.727
 10
3137447.5906
 20
319549.7164
 10
3137483.7555
 20
319550.9669
 10
3137483.0359
 20
319571.8542
 10
3137504.4408
 20
319572.578
 10
3137505.0386
 20
319555.8168
 10
3137535.4848
 20
319556.8624
 10
3137534.7252
 20
319578.3341
 10
3137562.3684
 20
319579.2585
 10
3137563.0179
 20
319560.6716
 10
3137588.3785
 20
319561.5431
 10
3137587.0054
 20
319600.5793
 97
0
 75
0
 76
1
 98
0
  0
HATCH
  5
F3B
330
17
100
AcDbEntity
  8
BUILDINGS_SHADOW
 62
7
100
AcDbHatch
 10
0.0
 20
0.0
 30
0.0
210
0.0
220
0.0
230
1.0
  2
ANSI31
 70
0
 71
0
 91
1
 92
3
 72
0
 73
1
 93
12
 10
3137440.0689253127
 20
319603.788747782
 10
3137441.673825313
 20
319557.77814778197
 10
3137477.8387253126
 20
319559.028647782
 10
3137477.1191253127
 20
319579.915947782
 10
3137498.5240253126
 20
319580.63974778197
 10
3137499.1218253127
 20
319563.87854778196
 10
3137529.568025313
 20
319564.924147782
 10
3137528.808425313
 20
319586.39584778197
 10
3137556.4516253127
 20
319587.320247782
 10
3137557.1011253125
 20
319568.733347782
 10
3137582.4617253128
 20
319569.604847782
 10
3137581.088625313
 20
319608.641047782
 97
0
 75
1
 76
1
 52
0.0
 41
5.0
 77
0
 78
1
 53
45.0
 43
0.0
 44
0.0
 45
-11.2253201515
 46
11.2253201515
 79
0
 98
0
  0
HATCH
  5
F3C
330
17
100
AcDbEntity
  8
BUILDINGS_HATCH
 62
251
100
AcDbHatch
 10
0.0
 20
0.0
 30
0.0
210
0.0
220
0.0
230
1.0
  2
SOLID
 70
1
 71
0
 91
1
 92
3
 72
0
 73
1
 93
12
 10
3137593.9857
 20
319769.5001
 10
3137600.9777
 20
319729.6113
 10
3137736.8744
 20
319753.2736
 10
3137730.2915
 20
319790.8954
 10
3137703.7233
 20
319786.2743
 10
3137706.5197
 20
319770.2604
 10
3137681.1509
 20
319765.8478
 10
3137678.0314
 20
319783.6533
 10
3137646.2356
 20
319778.1292
 10
3137648.8818
 20
319763.0293
 10
3137624.8708
 20
319758.8603
 10
3137622.1607
 20
319774.3989
 97
0
 75
0
 76
1
 98
0
  0
HATCH
  5
F3D
330
17
100
AcDbEntity
  8
BUILDINGS_SHADOW
 62
7
100
AcDbHatch
 10
0.0
 20
0.0
 30
0.0
210
0.0
220
0.0
230
1.0
  2
ANSI31
 70
0
 71
0
 91
1
 92
3
 72
0
 73
1
 93
12
 10
3137588.0689253127
 20
319777.561847782
 10
3137595.060925313
 20
319737.673047782
 10
3137730.9576253127
 20
319761.335347782
 10
3137724.3747253125
 20
319798.95714778197
 10
3137697.806525313
 20
319794.336047782
 10
3137700.6029253127
 20
319778.322147782
 10
3137675.2341253124
 20
319773.909547782
 10
3137672.114625313
 20
319791.715047782
 10
3137640.3188253124
 20
319786.190947782
 10
3137642.9650253127
 20
319771.091047782
 10
3137618.954025313
 20
319766.922047782
 10
3137616.2439253125
 20
319782.46064778196
 97
0
 75
1
 76
1
 52
0.0
 41
5.0
 77
0
 78
1
 53
45.0
 43
0.0
 44
0.0
 45
-11.2253201515
 46
11.2253201515
 79
0
 98
0
  0
HATCH
  5
F3E
330
17
100
AcDbEntity
  8
BUILDINGS_HATCH
 62
251
100
AcDbHatch
 10
0.0
 20
0.0
 30
0.0
210
0.0
220
0.0
230
1.0
  2
SOLID
 70
1
 71
0
 91
1
 92
3
 72
0
 73
1
 93
12
 10
3137633.0362
 20
319585.4983
 10
3137663.0678
 20
319577.9691
 10
3137667.001
 20
319593.5221
 10
3137690.6068
 20
319587.5828
 10
3137686.7665
 20
319572.321
 10
3137721.2849
 20
319563.6572
 10
3137725.6163
 20
319580.8129
 10
3137751.2736
 20
319574.3445
 10
3137745.8421
 20
319552.8543
 10
3137772.6944
 20
319546.0834
 10
3137783.979
 20
319590.7394
 10
3137643.2913
 20
319626.1112
 97
0
 75
0
 76
1
 98
0
  0
HATCH
  5
F3F
330
17
100
AcDbEntity
  8
BUILDINGS_SHADOW
 62
7
100
AcDbHatch
 10
0.0
 20
0.0
 30
0.0
210
0.0
220
0.0
230
1.0
  2
ANSI31
 70
0
 71
0
 91
1
 92
3
 72
0
 73
1
 93
12
 10
3137627.1194253126
 20
319593.56004778197
 10
3137657.1510253125
 20
319586.030847782
 10
3137661.084225313
 20
319601.583847782
 10
3137684.690025313
 20
319595.64454778197
 10
3137680.8497253126
 20
319580.382747782
 10
3137715.3681253125
 20
319571.718947782
 10
3137719.6995253125
 20
319588.874647782
 10
3137745.3568253126
 20
319582.406247782
 10
3137739.9253253127
 20
319560.916047782
 10
3137766.7776253126
 20
319554.145147782
 10
3137778.0622253125
 20
319598.801147782
 10
3137637.374525313
 20
319634.172947782
 97
0
 75
1
 76
1
 52
0.0
 41
5.0
 77
0
 78
1
 53
45.0
 43
0.0
 44
0.0
 45
-11.2253201515
 46
11.2253201515
 79
0
 98
0
  0
HATCH
  5
F40
330
17
100
AcDbEntity
  8
BUILDINGS_HATCH
 62
251
100
AcDbHatch
 10
0.0
 20
0.0
 30
0.0
210
0.0
220
0.0
230
1.0
  2
SOLID
 70
1
 71
0
 91
1
 92
3
 72
0
 73
1
 93
12
 10
3137379.332
 20
319744.6725
 10
3137389.9407
 20
319707.5626
 10
3137523.6141
 20
319745.5163
 10
3137513.2026
 20
319781.9673
 10
3137483.9132
 20
319773.6835
 10
3137487.9455
 20
319759.4839
 10
3137465.9499
 20
319753.2531
 10
3137461.0186
 20
319770.5636
 10
3137431.1397
 20
319762.0661
 10
3137436.2024
 20
319744.2799
 10
3137408.7248
 20
319736.4913
 10
3137404.363
 20
319751.7525
 97
0
 75
0
 76
1
 98
0
  0
HATCH
  5
F41
330
17
100
AcDbEntity
  8
BUILDINGS_SHADOW
 62
7
100
AcDbHatch
 10
0.0
 20
0.0
 30
0.0
210
0.0
220
0.0
230
1.0
  2
ANSI31
 70
0
 71
0
 91
1
 92
3
 72
0
 73
1
 93
12
 10
3137373.4152253126
 20
319752.734247782
 10
3137384.023925313
 20
319715.624347782
 10
3137517.6973253125
 20
319753.578047782
 10
3137507.2858253126
 20
319790.029047782
 10
3137477.9964253125
 20
319781.745247782
 10
3137482.0287253126
 20
319767.545647782
 10
3137460.0331253125
 20
319761.31484778196
 10
3137455.1018253127
 20
319778.625347782
 10
3137425.222925313
 20
319770.127847782
 10
3137430.2856253125
 20
319752.341647782
 10
3137402.8080253126
 20
319744.553047782
 10
3137398.4462253125
 20
319759.814247782
 97
0
 75
1
 76
1
 52
0.0
 41
5.0
 77
0
 78
1
 53
45.0
 43
0.0
 44
0.0
 45
-11.2253201515
 46
11.2253201515
 79
0
 98
0
  0
HATCH
  5
F42
330
17
100
AcDbEntity
  8
BUILDINGS_HATCH
 62
251
100
AcDbHatch
 10
0.0
 20
0.0
 30
0.0
210
0.0
220
0.0
230
1.0
  2
SOLID
 70
1
 71
0
 91
1
 92
3
 72
0
 73
1
 93
12
 10
3137444.5791
 20
319485.0193
 10
3137447.8289
 20
319443.5937
 10
3137585.9648
 20
319454.3853
 10
3137583.1409
 20
319490.3312
 10
3137557.8835
 20
319488.3637
 10
3137559.2254
 20
319471.4134
 10
3137533.8547
 20
319469.4104
 10
3137532.1484
 20
319491.146
 10
3137502.2782
 20
319488.8177
 10
3137503.8202
 20
319468.9453
 10
3137477.8618
 20
319466.911
 10
3137476.2356
 20
319487.4778
 97
0
 75
0
 76
1
 98
0
  0
HATCH
  5
F43
330
17
100
AcDbEntity
  8
BUILDINGS_SHADOW
 62
7
100
AcDbHatch
 10
0.0
 20
0.0
 30
0.0
210
0.0
220
0.0
230
1.0
  2
ANSI31
 70
0
 71
0
 91
1
 92
3
 72
0
 73
1
 93
12
 10
3137438.662325313
 20
319493.081047782
 10
3137441.9121253127
 20
319451.655447782
 10
3137580.048025313
 20
319462.447047782
 10
3137577.2241253126
 20
319498.392947782
 10
3137551.9667253126
 20
319496.425447782
 10
3137553.3086253125
 20
319479.475147782
 10
3137527.9379253127
 20
319477.472147782
 10
3137526.2316253125
 20
319499.207747782
 10
3137496.3614253127
 20
319496.879447782
 10
3137497.9034253126
 20
319477.007047782
 10
3137471.9450253127
 20
319474.972747782
 10
3137470.3188253124
 20
319495.539547782
 97
0
 75
1
 76
1
 52
0.0
 41
5.0
 77
0
 78
1
 53
45.0
 43
0.0
 44
0.0
 45
-11.2253201515
 46
11.2253201515
 79
0
 98
0
  0
HATCH
  5
F44
330
17
100
AcDbEntity
  8
BUILDINGS_HATCH
 62
251
100
AcDbHatch
 10
0.0
 20
0.0
 30
0.0
210
0.0
220
0.0
230
1.0
  2
SOLID
 70
1
 71
0
 91
1
 92
3
 72
0
 73
1
 93
12
 10
3137628.0048
 20
319440.2522
 10
3137771.0042
 20
319408.0358
 10
3137780.6673
 20
319450.7347
 10
3137752.6582
 20
319457.0413
 10
3137747.7447
 20
319435.364
 10
3137723.231
 20
319440.8732
 10
3137727.9565
 20
319461.7125
 10
3137697.7374
 20
319468.5132
 10
3137692.9648
 20
319447.4552
 10
3137664.8206
 20
319453.7996
 10
3137671.0985
 20
319481.5612
 10
3137638.9851
 20
319488.7802
 97
0
 75
0
 76
1
 98
0
  0
HATCH
  5
F45
330
17
100
AcDbEntity
  8
BUILDINGS_SHADOW
 62
7
100
AcDbHatch
 10
0.0
 20
0.0
 30
0.0
210
0.0
220
0.0
230
1.0
  2
ANSI31
 70
0
 71
0
 91
1
 92
3
 72
0
 73
1
 93
12
 10
3137622.088025313
 20
319448.313947782
 10
3137765.0874253125
 20
319416.097547782
 10
3137774.7505253125
 20
319458.79644778196
 10
3137746.7414253126
 20
319465.103047782
 10
3137741.827925313
 20
319443.425747782
 10
3137717.314225313
 20
319448.93494778196
 10
3137722.0397253125
 20
319469.774247782
 10
3137691.8206253126
 20
319476.574947782
 10
3137687.048025313
 20
319455.516947782
 10
3137658.903825313
 20
319461.861347782
 10
3137665.1817253125
 20
319489.622947782
 10
3137633.068325313
 20
319496.84194778197
 97
0
 75
1
 76
1
 52
0.0
 41
5.0
 77
0
 78
1
 53
45.0
 43
0.0
 44
0.0
 45
-11.2253201515
 46
11.2253201515
 79
0
 98
0
  0
HATCH
  5
F46
330
17
100
AcDbEntity
  8
BUILDINGS_HATCH
 62
251
100
AcDbHatch
 10
0.0
 20
0.0
 30
0.0
210
0.0
220
0.0
230
1.0
  2
SOLID
 70
1
 71
0
 91
1
 92
3
 72
0
 73
1
 93
20
 10
3137561.7444
 20
319920.9888
 10
3137563.1782
 20
319878.5936
 10
3137587.7471
 20
319879.4356
 10
3137589.0
 20
319842.1528
 10
3137614.292
 20
319842.9884
 10
3137613.1085
 20
319877.8978
 10
3137653.2504
 20
319879.2597
 10
3137654.4893
 20
319842.9261
 10
3137688.1442
 20
319844.0532
 10
3137686.9993
 20
319878.2321
 10
3137706.6408
 20
319878.8987
 10
3137704.8995
 20
319930.0212
 10
3137684.3766
 20
319929.326
 10
3137685.0908
 20
319907.8181
 10
3137649.5375
 20
319906.6348
 10
3137648.9473
 20
319924.272
 10
3137614.8855
 20
319923.112
 10
3137615.4927
 20
319904.8541
 10
3137578.5153
 20
319903.6104
 10
3137577.9278
 20
319921.5396
 97
0
 75
0
 76
1
 98
0
  0
HATCH
  5
F47
330
17
100
AcDbEntity
  8
BUILDINGS_SHADOW
 62
7
100
AcDbHatch
 10
0.0
 20
0.0
 30
0.0
210
0.0
220
0.0
230
1.0
  2
ANSI31
 70
0
 71
0
 91
1
 92
3
 72
0
 73
1
 93
20
 10
3137555.827625313
 20
319929.050547782
 10
3137557.2614253126
 20
319886.655347782
 10
3137581.8303253124
 20
319887.497347782
 10
3137583.0832253126
 20
319850.214547782
 10
3137608.3752253125
 20
319851.05014778196
 10
3137607.1917253127
 20
319885.95954778197
 10
3137647.3336253124
 20
319887.321447782
 10
3137648.5725253127
 20
319850.987847782
 10
3137682.2274253126
 20
319852.114947782
 10
3137681.0825253124
 20
319886.293847782
 10
3137700.724025313
 20
319886.960447782
 10
3137698.9827253125
 20
319938.082947782
 10
3137678.4598253127
 20
319937.387747782
 10
3137679.1740253125
 20
319915.87984778197
 10
3137643.6207253127
 20
319914.696547782
 10
3137643.0305253128
 20
319932.333747782
 10
3137608.9687253125
 20
319931.173747782
 10
3137609.5759253125
 20
319912.915847782
 10
3137572.5985253127
 20
319911.672147782
 10
3137572.011025313
 20
319929.601347782
 97
0
 75
1
 76
1
 52
0.0
 41
5.0
 77
0
 78
1
 53
45.0
 43
0.0
 44
0.0
 45
-11.2253201515
 46
11.2253201515
 79
0
 98
0
  0
HATCH
  5
F48
330
17
100
AcDbEntity
  8
BUILDINGS_HATCH
 62
251
100
AcDbHatch
 10
0.0
 20
0.0
 30
0.0
210
0.0
220
0.0
230
1.0
  2
SOLID
 70
1
 71
0
 91
1
 92
3
 72
0
 73
1
 93
20
 10
3137317.6007
 20
319872.6208
 10
3137328.704
 20
319835.2509
 10
3137345.5139
 20
319840.2132
 10
3137357.0995
 20
319801.1598
 10
3137386.1204
 20
319809.7378
 10
3137376.882
 20
319840.8122
 10
3137409.6638
 20
319850.5252
 10
3137419.5379
 20
319817.2183
 10
3137459.8183
 20
319829.1285
 10
3137450.9529
 20
319858.9584
 10
3137466.8567
 20
319863.6732
 10
3137452.2412
 20
319912.7556
 10
3137429.4279
 20
319906.021
 10
3137435.3965
 20
319885.927
 10
3137399.4659
 20
319875.2927
 10
3137393.8046
 20
319894.3619
 10
3137364.8971
 20
319885.8194
 10
3137369.9002
 20
319868.9829
 10
3137333.3126
 20
319858.172
 10
3137328.0897
 20
319875.7041
 97
0
 75
0
 76
1
 98
0
  0
HATCH
  5
F49
330
17
100
AcDbEntity
  8
BUILDINGS_SHADOW
 62
7
100
AcDbHatch
 10
0.0
 20
0.0
 30
0.0
210
0.0
220
0.0
230
1.0
  2
ANSI31
 70
0
 71
0
 91
1
 92
3
 72
0
 73
1
 93
20
 10
3137311.6839253125
 20
319880.68254778197
 10
3137322.7872253126
 20
319843.312647782
 10
3137339.597125313
 20
319848.274947782
 10
3137351.1827253127
 20
319809.221547782
 10
3137380.2036253125
 20
319817.799547782
 10
3137370.965225313
 20
319848.873947782
 10
3137403.747025313
 20
319858.58694778197
 10
3137413.6211253125
 20
319825.280047782
 10
3137453.9015253126
 20
319837.190247782
 10
3137445.0361253126
 20
319867.020147782
 10
3137460.9399253125
 20
319871.734947782
 10
3137446.3244253127
 20
319920.81734778197
 10
3137423.5111253127
 20
319914.082747782
 10
3137429.4797253124
 20
319893.988747782
 10
3137393.549125313
 20
319883.354447782
 10
3137387.8878253126
 20
319902.423647782
 10
3137358.980325313
 20
319893.88114778197
 10
3137363.9834253127
 20
319877.044647782
 10
3137327.3958253125
 20
319866.233747782
 10
3137322.1729253125
 20
319883.76584778196
 97
0
 75
1
 76
1
 52
0.0
 41
5.0
 77
0
 78
1
 53
45.0
 43
0.0
 44
0.0
 45
-11.2253201515
 46
11.2253201515
 79
0
 98
0
  0
HATCH
  5
F4A
330
17
100
AcDbEntity
  8
BUILDINGS_HATCH
 62
251
100
AcDbHatch
 10
0.0
 20
0.0
 30
0.0
210
0.0
220
0.0
230
1.0
  2
SOLID
 70
1
 71
0
 91
1
 92
3
 72
0
 73
1
 93
12
 10
3137446.4035
 20
319402.4285
 10
3137447.987
 20
319364.2301
 10
3137474.344
 20
319365.3117
 10
3137473.8967
 20
319376.0847
 10
3137504.3226
 20
319377.3494
 10
3137504.9188
 20
319362.9611
 10
3137533.3328
 20
319364.1341
 10
3137532.7001
 20
319379.5084
 10
3137559.5093
 20
319380.6226
 10
3137560.0302
 20
319367.9507
 10
3137588.6024
 20
319369.1224
 10
3137586.981
 20
319408.1973
 97
0
 75
0
 76
1
 98
0
  0
HATCH
  5
F4B
330
17
100
AcDbEntity
  8
BUILDINGS_SHADOW
 62
7
100
AcDbHatch
 10
0.0
 20
0.0
 30
0.0
210
0.0
220
0.0
230
1.0
  2
ANSI31
 70
0
 71
0
 91
1
 92
3
 72
0
 73
1
 93
12
 10
3137440.4867253127
 20
319410.49024778197
 10
3137442.070225313
 20
319372.291847782
 10
3137468.4272253127
 20
319373.373447782
 10
3137467.9799253126
 20
319384.146447782
 10
3137498.4058253127
 20
319385.411147782
 10
3137499.0020253127
 20
319371.022847782
 10
3137527.4160253126
 20
319372.195847782
 10
3137526.7833253127
 20
319387.570147782
 10
3137553.5925253127
 20
319388.684347782
 10
3137554.1134253126
 20
319376.012447782
 10
3137582.685625313
 20
319377.184147782
 10
3137581.064225313
 20
319416.259047782
 97
0
 75
1
 76
1
 52
0.0
 41
5.0
 77
0
 78
1
 53
45.0
 43
0.0
 44
0.0
 45
-11.2253201515
 46
11.2253201515
 79
0
 98
0
  0
HATCH
  5
F4C
330
17
100
AcDbEntity
  8
BUILDINGS_HATCH
 62
251
100
AcDbHatch
 10
0.0
 20
0.0
 30
0.0
210
0.0
220
0.0
230
1.0
  2
SOLID
 70
1
 71
0
 91
1
 92
3
 72
0
 73
1
 93
12
 10
3137809.1677
 20
319551.5666
 10
3137810.8383
 20
319520.5955
 10
3137832.7445
 20
319521.7898
 10
3137834.2613
 20
319493.8865
 10
3137815.5199
 20
319492.8469
 10
3137817.2115
 20
319461.6931
 10
3137834.2571
 20
319462.6016
 10
3137835.4655
 20
319440.7244
 10
3137815.4132
 20
319439.6598
 10
3137817.2434
 20
319406.2779
 10
3137861.2139
 20
319408.6288
 10
3137853.2963
 20
319553.9525
 97
0
 75
0
 76
1
 98
0
  0
HATCH
  5
F4D
330
17
100
AcDbEntity
  8
BUILDINGS_SHADOW
 62
7
100
AcDbHatch
 10
0.0
 20
0.0
 30
0.0
210
0.0
220
0.0
230
1.0
  2
ANSI31
 70
0
 71
0
 91
1
 92
3
 72
0
 73
1
 93
12
 10
3137803.2509253128
 20
319559.628347782
 10
3137804.9215253126
 20
319528.657247782
 10
3137826.8277253127
 20
319529.851547782
 10
3137828.3445253125
 20
319501.948247782
 10
3137809.603125313
 20
319500.908647782
 10
3137811.294725313
 20
319469.75484778197
 10
3137828.3403253127
 20
319470.663347782
 10
3137829.5487253126
 20
319448.786147782
 10
3137809.4964253125
 20
319447.721547782
 10
3137811.3266253127
 20
319414.339647782
 10
3137855.2971253125
 20
319416.690547782
 10
3137847.3795253127
 20
319562.014247782
 97
0
 75
1
 76
1
 52
0.0
 41
5.0
 77
0
 78
1
 53
45.0
 43
0.0
 44
0.0
 45
-11.2253201515
 46
11.2253201515
 79
0
 98
0
  0
HATCH
  5
F4E
330
17
100
AcDbEntity
  8
BUILDINGS_HATCH
 62
251
100
AcDbHatch
 10
0.0
 20
0.0
 30
0.0
210
0.0
220
0.0
230
1.0
  2
SOLID
 70
1
 71
0
 91
1
 92
3
 72
0
 73
1
 93
4
 10
3137176.4045
 20
319571.6061
 10
3137177.8857
 20
319529.5755
 10
3137278.3565
 20
319533.068
 10
3137276.8754
 20
319575.135
 97
0
 75
0
 76
1
 98
0
  0
HATCH
  5
F4F
330
17
100
AcDbEntity
  8
BUILDINGS_SHADOW
 62
7
100
AcDbHatch
 10
0.0
 20
0.0
 30
0.0
210
0.0
220
0.0
230
1.0
  2
ANSI31
 70
0
 71
0
 91
1
 92
3
 72
0
 73
1
 93
4
 10
3137170.487725313
 20
319579.66784778197
 10
3137171.9689253126
 20
319537.63724778197
 10
3137272.439725313
 20
319541.129747782
 10
3137270.9586253124
 20
319583.196747782
 97
0
 75
1
 76
1
 52
0.0
 41
5.0
 77
0
 78
1
 53
45.0
 43
0.0
 44
0.0
 45
-11.2253201515
 46
11.2253201515
 79
0
 98
0
  0
HATCH
  5
F50
330
17
100
AcDbEntity
  8
BUILDINGS_HATCH
 62
251
100
AcDbHatch
 10
0.0
 20
0.0
 30
0.0
210
0.0
220
0.0
230
1.0
  2
SOLID
 70
1
 71
0
 91
1
 92
3
 72
0
 73
1
 93
8
 10
3137651.0338
 20
319327.8323
 10
3137681.6655
 20
319324.2404
 10
3137683.6682
 20
319341.2341
 10
3137710.6205
 20
319338.0762
 10
3137707.8634
 20
319314.9562
 10
3137740.8198
 20
319311.0519
 10
3137746.2145
 20
319356.5628
 10
3137655.6968
 20
319367.2168
 97
0
 75
0
 76
1
 98
0
  0
HATCH
  5
F51
330
17
100
AcDbEntity
  8
BUILDINGS_SHADOW
 62
7
100
AcDbHatch
 10
0.0
 20
0.0
 30
0.0
210
0.0
220
0.0
230
1.0
  2
ANSI31
 70
0
 71
0
 91
1
 92
3
 72
0
 73
1
 93
8
 10
3137645.1170253125
 20
319335.894047782
 10
3137675.7487253128
 20
319332.302147782
 10
3137677.751425313
 20
319349.295847782
 10
3137704.703725313
 20
319346.137947782
 10
3137701.946625313
 20
319323.017947782
 10
3137734.903025313
 20
319319.113647782
 10
3137740.2977253124
 20
319364.624547782
 10
3137649.7800253127
 20
319375.278547782
 97
0
 75
1
 76
1
 52
0.0
 41
5.0
 77
0
 78
1
 53
45.0
 43
0.0
 44
0.0
 45
-11.2253201515
 46
11.2253201515
 79
0
 98
0
  0
HATCH
  5
F52
330
17
100
AcDbEntity
  8
BUILDINGS_HATCH
 62
251
100
AcDbHatch
 10
0.0
 20
0.0
 30
0.0
210
0.0
220
0.0
230
1.0
  2
SOLID
 70
1
 71
0
 91
1
 92
3
 72
0
 73
1
 93
20
 10
3137493.7874
 20
320034.8638
 10
3137502.1473
 20
319988.7205
 10
3137517.4462
 20
319991.4694
 10
3137514.1503
 20
320009.7511
 10
3137557.0821
 20
320017.4765
 10
3137560.8312
 20
319996.7815
 10
3137587.9662
 20
320001.6529
 10
3137585.3811
 20
320015.9858
 10
3137623.7416
 20
320022.9121
 10
3137626.3486
 20
320008.506
 10
3137648.7763
 20
320012.5429
 10
3137639.9212
 20
320061.5014
 10
3137619.983
 20
320057.9171
 10
3137614.0148
 20
320090.8974
 10
3137576.7636
 20
320084.1804
 10
3137582.8401
 20
320050.6881
 10
3137545.9058
 20
320044.0413
 10
3137539.8516
 20
320077.497
 10
3137508.756
 20
320071.894
 10
3137514.7895
 20
320038.6575
 97
0
 75
0
 76
1
 98
0
  0
HATCH
  5
F53
330
17
100
AcDbEntity
  8
BUILDINGS_SHADOW
 62
7
100
AcDbHatch
 10
0.0
 20
0.0
 30
0.0
210
0.0
220
0.0
230
1.0
  2
ANSI31
 70
0
 71
0
 91
1
 92
3
 72
0
 73
1
 93
20
 10
3137487.8706253124
 20
320042.925547782
 10
3137496.2305253125
 20
319996.782247782
 10
3137511.5294253128
 20
319999.531147782
 10
3137508.2335253125
 20
320017.812847782
 10
3137551.165325313
 20
320025.538247782
 10
3137554.9144253125
 20
320004.843247782
 10
3137582.049425313
 20
320009.714647782
 10
3137579.4643253125
 20
320024.047547782
 10
3137617.8248253125
 20
320030.973847782
 10
3137620.431825313
 20
320016.567747782
 10
3137642.8595253127
 20
320020.604647782
 10
3137634.004425313
 20
320069.563147782
 10
3137614.0662253127
 20
320065.978847782
 10
3137608.0980253126
 20
320098.959147782
 10
3137570.846825313
 20
320092.242147782
 10
3137576.923325313
 20
320058.749847782
 10
3137539.9890253125
 20
320052.103047782
 10
3137533.934825313
 20
320085.55874778196
 10
3137502.8392253127
 20
320079.95574778196
 10
3137508.8727253126
 20
320046.71924778196
 97
0
 75
1
 76
1
 52
0.0
 41
5.0
 77
0
 78
1
 53
45.0
 43
0.0
 44
0.0
 45
-11.2253201515
 46
11.2253201515
 79
0
 98
0
  0
HATCH
  5
F54
330
17
100
AcDbEntity
  8
BUILDINGS_HATCH
 62
251
100
AcDbHatch
 10
0.0
 20
0.0
 30
0.0
210
0.0
220
0.0
230
1.0
  2
SOLID
 70
1
 71
0
 91
1
 92
3
 72
0
 73
1
 93
20
 10
3137648.663
 20
319991.9915
 10
3137676.646
 20
319980.2823
 10
3137684.4006
 20
319998.722
 10
3137707.994
 20
319988.8768
 10
3137701.601
 20
319973.674
 10
3137737.8688
 20
319958.4968
 10
3137746.2236
 20
319978.3916
 10
3137776.3232
 20
319965.8242
 10
3137769.3529
 20
319949.2028
 10
3137785.8095
 20
319942.3044
 10
3137799.2881
 20
319974.4197
 10
3137780.8952
 20
319982.1018
 10
3137797.2817
 20
320021.1275
 10
3137765.3137
 20
320034.4779
 10
3137751.0043
 20
320000.3986
 10
3137718.8562
 20
320013.8236
 10
3137735.0818
 20
320052.5222
 10
3137701.8983
 20
320066.3944
 10
3137687.8658
 20
320032.9699
 10
3137669.158
 20
320040.8008
 97
0
 75
0
 76
1
 98
0
  0
HATCH
  5
F55
330
17
100
AcDbEntity
  8
BUILDINGS_SHADOW
 62
7
100
AcDbHatch
 10
0.0
 20
0.0
 30
0.0
210
0.0
220
0.0
230
1.0
  2
ANSI31
 70
0
 71
0
 91
1
 92
3
 72
0
 73
1
 93
20
 10
3137642.746225313
 20
320000.053247782
 10
3137670.729225313
 20
319988.344047782
 10
3137678.4838253125
 20
320006.783747782
 10
3137702.0772253126
 20
319996.938547782
 10
3137695.6842253124
 20
319981.735747782
 10
3137731.9520253125
 20
319966.558547782
 10
3137740.306825313
 20
319986.45334778196
 10
3137770.4064253126
 20
319973.88594778196
 10
3137763.4361253125
 20
319957.264547782
 10
3137779.8927253126
 20
319950.366147782
 10
3137793.3713253126
 20
319982.481447782
 10
3137774.978425313
 20
319990.163547782
 10
3137791.364925313
 20
320029.189247782
 10
3137759.3969253125
 20
320042.539647782
 10
3137745.087525313
 20
320008.460347782
 10
3137712.9394253124
 20
320021.885347782
 10
3137729.1650253125
 20
320060.583947782
 10
3137695.9815253126
 20
320074.456147782
 10
3137681.9490253124
 20
320041.031647782
 10
3137663.2412253125
 20
320048.862547782
 97
0
 75
1
 76
1
 52
0.0
 41
5.0
 77
0
 78
1
 53
45.0
 43
0.0
 44
0.0
 45
-11.2253201515
 46
11.2253201515
 79
0
 98
0
  0
HATCH
  5
F56
330
17
100
AcDbEntity
  8
BUILDINGS_HATCH
 62
251
100
AcDbHatch
 10
0.0
 20
0.0
 30
0.0
210
0.0
220
0.0
230
1.0
  2
SOLID
 70
1
 71
0
 91
1
 92
3
 72
0
 73
1
 93
8
 10
3137408.6826
 20
319253.1268
 10
3137454.633
 20
319251.8816
 10
3137455.5269
 20
319284.0347
 10
3137436.9795
 20
319284.527
 10
3137437.7064
 20
319310.5488
 10
3137451.9162
 20
319310.1678
 10
3137452.7117
 20
319338.8538
 10
3137411.0994
 20
319340.0243
 97
0
 75
0
 76
1
 98
0
  0
HATCH
  5
F57
330
17
100
AcDbEntity
  8
BUILDINGS_SHADOW
 62
7
100
AcDbHatch
 10
0.0
 20
0.0
 30
0.0
210
0.0
220
0.0
230
1.0
  2
ANSI31
 70
0
 71
0
 91
1
 92
3
 72
0
 73
1
 93
8
 10
3137402.7658253126
 20
319261.188547782
 10
3137448.7162253126
 20
319259.943347782
 10
3137449.6101253126
 20
319292.096447782
 10
3137431.0627253125
 20
319292.588747782
 10
3137431.7896253127
 20
319318.610547782
 10
3137445.9994253125
 20
319318.229547782
 10
3137446.7949253125
 20
319346.915547782
 10
3137405.182625313
 20
319348.086047782
 97
0
 75
1
 76
1
 52
0.0
 41
5.0
 77
0
 78
1
 53
45.0
 43
0.0
 44
0.0
 45
-11.2253201515
 46
11.2253201515
 79
0
 98
0
  0
HATCH
  5
F58
330
17
100
AcDbEntity
  8
BUILDINGS_HATCH
 62
251
100
AcDbHatch
 10
0.0
 20
0.0
 30
0.0
210
0.0
220
0.0
230
1.0
  2
SOLID
 70
1
 71
0
 91
1
 92
3
 72
0
 73
1
 93
20
 10
3137301.3155
 20
319990.9684
 10
3137314.001
 20
319940.8807
 10
3137334.4955
 20
319946.0294
 10
3137328.9501
 20
319967.9815
 10
3137365.5685
 20
319977.1859
 10
3137368.8434
 20
319964.2342
 10
3137398.804
 20
319971.7817
 10
3137394.9612
 20
319986.9653
 10
3137434.3879
 20
319996.9116
 10
3137437.2258
 20
319985.643
 10
3137453.6669
 20
319989.8055
 10
3137444.8461
 20
320024.6727
 10
3137423.8534
 20
320019.3823
 10
3137414.705
 20
320055.5301
 10
3137382.2535
 20
320047.3475
 10
3137390.1578
 20
320016.1753
 10
3137354.2187
 20
320007.1109
 10
3137346.2057
 20
320038.7586
 10
3137314.2298
 20
320030.7179
 10
3137322.9196
 20
319996.3993
 97
0
 75
0
 76
1
 98
0
  0
HATCH
  5
F59
330
17
100
AcDbEntity
  8
BUILDINGS_SHADOW
 62
7
100
AcDbHatch
 10
0.0
 20
0.0
 30
0.0
210
0.0
220
0.0
230
1.0
  2
ANSI31
 70
0
 71
0
 91
1
 92
3
 72
0
 73
1
 93
20
 10
3137295.3987253127
 20
319999.030147782
 10
3137308.084225313
 20
319948.94244778197
 10
3137328.578725313
 20
319954.091147782
 10
3137323.0333253127
 20
319976.043247782
 10
3137359.6517253127
 20
319985.247647782
 10
3137362.926625313
 20
319972.295947782
 10
3137392.8872253126
 20
319979.843447782
 10
3137389.0444253124
 20
319995.027047782
 10
3137428.4711253126
 20
320004.973347782
 10
3137431.309025313
 20
319993.704747782
 10
3137447.7501253127
 20
319997.867247782
 10
3137438.929325313
 20
320032.734447782
 10
3137417.9366253125
 20
320027.444047782
 10
3137408.7882253127
 20
320063.59184778197
 10
3137376.3367253128
 20
320055.40924778196
 10
3137384.241025313
 20
320024.237047782
 10
3137348.3019253127
 20
320015.172647782
 10
3137340.2889253125
 20
320046.820347782
 10
3137308.3130253125
 20
320038.779647782
 10
3137317.002825313
 20
320004.461047782
 97
0
 75
1
 76
1
 52
0.0
 41
5.0
 77
0
 78
1
 53
45.0
 43
0.0
 44
0.0
 45
-11.2253201515
 46
11.2253201515
 79
0
 98
0
  0
HATCH
  5
F5A
330
17
100
AcDbEntity
  8
BUILDINGS_HATCH
 62
251
100
AcDbHatch
 10
0.0
 20
0.0
 30
0.0
210
0.0
220
0.0
230
1.0
  2
SOLID
 70
1
 71
0
 91
1
 92
3
 72
0
 73
1
 93
8
 10
3137917.4623
 20
319555.7242
 10
3137918.2402
 20
319477.1947
 10
3137959.0299
 20
319477.6025
 10
3137958.9177
 20
319490.5264
 10
3137986.2385
 20
319490.7607
 10
3137985.7484
 20
319540.3755
 10
3137958.5402
 20
319540.1037
 10
3137958.3874
 20
319556.1308
 97
0
 75
0
 76
1
 98
0
  0
HATCH
  5
F5B
330
17
100
AcDbEntity
  8
BUILDINGS_SHADOW
 62
7
100
AcDbHatch
 10
0.0
 20
0.0
 30
0.0
210
0.0
220
0.0
230
1.0
  2
ANSI31
 70
0
 71
0
 91
1
 92
3
 72
0
 73
1
 93
8
 10
3137911.5455253124
 20
319563.785947782
 10
3137912.3234253125
 20
319485.256447782
 10
3137953.1131253126
 20
319485.66424778197
 10
3137953.0009253128
 20
319498.58814778196
 10
3137980.3217253126
 20
319498.822447782
 10
3137979.8316253126
 20
319548.437247782
 10
3137952.623425313
 20
319548.16544778197
 10
3137952.4706253125
 20
319564.192547782
 97
0
 75
1
 76
1
 52
0.0
 41
5.0
 77
0
 78
1
 53
45.0
 43
0.0
 44
0.0
 45
-11.2253201515
 46
11.2253201515
 79
0
 98
0
  0
HATCH
  5
F5C
330
17
100
AcDbEntity
  8
BUILDINGS_HATCH
 62
251
100
AcDbHatch
 10
0.0
 20
0.0
 30
0.0
210
0.0
220
0.0
230
1.0
  2
SOLID
 70
1
 71
0
 91
1
 92
3
 72
0
 73
1
 93
8
 10
3137928.3559
 20
319586.8037
 10
3137964.4101
 20
319570.3513
 10
3137970.3996
 20
319583.3675
 10
3137997.6541
 20
319570.9351
 10
3138016.8207
 20
319612.638
 10
3137995.6655
 20
319622.3153
 10
3138001.471
 20
319634.9681
 10
3137959.3408
 20
319654.2482
 97
0
 75
0
 76
1
 98
0
  0
HATCH
  5
F5D
330
17
100
AcDbEntity
  8
BUILDINGS_SHADOW
 62
7
100
AcDbHatch
 10
0.0
 20
0.0
 30
0.0
210
0.0
220
0.0
230
1.0
  2
ANSI31
 70
0
 71
0
 91
1
 92
3
 72
0
 73
1
 93
8
 10
3137922.4391253125
 20
319594.865447782
 10
3137958.4933253126
 20
319578.41304778197
 10
3137964.4828253128
 20
319591.429247782
 10
3137991.7373253126
 20
319578.996847782
 10
3138010.9039253127
 20
319620.69974778197
 10
3137989.7487253128
 20
319630.377047782
 10
3137995.5542253125
 20
319643.029847782
 10
3137953.4240253125
 20
319662.30994778196
 97
0
 75
1
 76
1
 52
0.0
 41
5.0
 77
0
 78
1
 53
45.0
 43
0.0
 44
0.0
 45
-11.2253201515
 46
11.2253201515
 79
0
 98
0
  0
HATCH
  5
F5E
330
17
100
AcDbEntity
  8
BUILDINGS_HATCH
 62
251
100
AcDbHatch
 10
0.0
 20
0.0
 30
0.0
210
0.0
220
0.0
230
1.0
  2
SOLID
 70
1
 71
0
 91
1
 92
3
 72
0
 73
1
 93
12
 10
3137800.0408
 20
319202.7671
 10
3137841.1358
 20
319199.2659
 10
3137853.4566
 20
319343.6814
 10
3137810.9395
 20
319347.3046
 10
3137808.2939
 20
319316.2985
 10
3137830.7605
 20
319314.385
 10
3137828.6947
 20
319290.2002
 10
3137807.8087
 20
319291.9904
 10
3137804.8853
 20
319257.6647
 10
3137823.8746
 20
319256.0373
 10
3137822.036
 20
319234.552
 10
3137802.8884
 20
319236.1808
 97
0
 75
0
 76
1
 98
0
  0
HATCH
  5
F5F
330
17
100
AcDbEntity
  8
BUILDINGS_SHADOW
 62
7
100
AcDbHatch
 10
0.0
 20
0.0
 30
0.0
210
0.0
220
0.0
230
1.0
  2
ANSI31
 70
0
 71
0
 91
1
 92
3
 72
0
 73
1
 93
12
 10
3137794.1240253127
 20
319210.828847782
 10
3137835.2190253125
 20
319207.327647782
 10
3137847.539825313
 20
319351.743147782
 10
3137805.0227253125
 20
319355.36634778196
 10
3137802.3771253126
 20
319324.36024778197
 10
3137824.8437253125
 20
319322.446747782
 10
3137822.7779253125
 20
319298.261947782
 10
3137801.8919253126
 20
319300.052147782
 10
3137798.968525313
 20
319265.726447782
 10
3137817.957825313
 20
319264.099047782
 10
3137816.1192253125
 20
319242.613747782
 10
3137796.9716253127
 20
319244.24254778196
 97
0
 75
1
 76
1
 52
0.0
 41
5.0
 77
0
 78
1
 53
45.0
 43
0.0
 44
0.0
 45
-11.2253201515
 46
11.2253201515
 79
0
 98
0
  0
HATCH
  5
F60
330
17
100
AcDbEntity
  8
BUILDINGS_HATCH
 62
251
100
AcDbHatch
 10
0.0
 20
0.0
 30
0.0
210
0.0
220
0.0
230
1.0
  2
SOLID
 70
1
 71
0
 91
1
 92
3
 72
0
 73
1
 93
8
 10
3137914.9103
 20
319378.6601
 10
3137951.7786
 20
319377.6422
 10
3137952.2078
 20
319393.0436
 10
3137978.7523
 20
319392.3356
 10
3137980.2103
 20
319445.0727
 10
3137952.898
 20
319445.824
 10
3137953.1996
 20
319456.9919
 10
3137917.0768
 20
319457.9668
 97
0
 75
0
 76
1
 98
0
  0
HATCH
  5
F61
330
17
100
AcDbEntity
  8
BUILDINGS_SHADOW
 62
7
100
AcDbHatch
 10
0.0
 20
0.0
 30
0.0
210
0.0
220
0.0
230
1.0
  2
ANSI31
 70
0
 71
0
 91
1
 92
3
 72
0
 73
1
 93
8
 10
3137908.9935253127
 20
319386.72184778197
 10
3137945.8618253125
 20
319385.703947782
 10
3137946.2910253126
 20
319401.10534778197
 10
3137972.8355253125
 20
319400.397347782
 10
3137974.2935253126
 20
319453.134447782
 10
3137946.9812253127
 20
319453.885747782
 10
3137947.2828253126
 20
319465.053647782
 10
3137911.1600253126
 20
319466.028547782
 97
0
 75
1
 76
1
 52
0.0
 41
5.0
 77
0
 78
1
 53
45.0
 43
0.0
 44
0.0
 45
-11.2253201515
 46
11.2253201515
 79
0
 98
0
  0
HATCH
  5
F62
330
17
100
AcDbEntity
  8
BUILDINGS_HATCH
 62
251
100
AcDbHatch
 10
0.0
 20
0.0
 30
0.0
210
0.0
220
0.0
230
1.0
  2
SOLID
 70
1
 71
0
 91
1
 92
3
 72
0
 73
1
 93
12
 10
3137165.0315
 20
319987.245
 10
3137165.4249
 20
319967.8572
 10
3137182.3745
 20
319968.1819
 10
3137182.8628
 20
319944.1937
 10
3137165.1899
 20
319943.8389
 10
3137165.6873
 20
319918.3174
 10
3137184.4676
 20
319918.6989
 10
3137184.668
 20
319908.1471
 10
3137231.9464
 20
319909.0798
 10
3137229.9889
 20
320007.15
 10
3137177.0837
 20
320006.1211
 10
3137177.4613
 20
319987.5001
 97
0
 75
0
 76
1
 98
0
  0
HATCH
  5
F63
330
17
100
AcDbEntity
  8
BUILDINGS_SHADOW
 62
7
100
AcDbHatch
 10
0.0
 20
0.0
 30
0.0
210
0.0
220
0.0
230
1.0
  2
ANSI31
 70
0
 71
0
 91
1
 92
3
 72
0
 73
1
 93
12
 10
3137159.1147253127
 20
319995.306747782
 10
3137159.5081253126
 20
319975.918947782
 10
3137176.4577253126
 20
319976.243647782
 10
3137176.9460253124
 20
319952.255447782
 10
3137159.2731253128
 20
319951.90064778196
 10
3137159.7705253125
 20
319926.379147782
 10
3137178.5508253127
 20
319926.760647782
 10
3137178.7512253127
 20
319916.208847782
 10
3137226.0296253124
 20
319917.141547782
 10
3137224.072125313
 20
320015.211747782
 10
3137171.1669253125
 20
320014.182847782
 10
3137171.5445253127
 20
319995.561847782
 97
0
 75
1
 76
1
 52
0.0
 41
5.0
 77
0
 78
1
 53
45.0
 43
0.0
 44
0.0
 45
-11.2253201515
 46
11.2253201515
 79
0
 98
0
  0
HATCH
  5
F64
330
17
100
AcDbEntity
  8
BUILDINGS_HATCH
 62
251
100
AcDbHatch
 10
0.0
 20
0.0
 30
0.0
210
0.0
220
0.0
230
1.0
  2
SOLID
 70
1
 71
0
 91
1
 92
3
 72
0
 73
1
 93
12
 10
3137474.593
 20
319232.2117
 10
3137478.4084
 20
319188.2988
 10
3137621.871
 20
319200.7228
 10
3137618.3426
 20
319241.3477
 10
3137588.289
 20
319238.7653
 10
3137589.9699
 20
319219.2567
 10
3137570.3863
 20
319217.5676
 10
3137568.6841
 20
319237.2224
 10
3137535.1254
 20
319234.3425
 10
3137536.6006
 20
319217.1355
 10
3137508.8761
 20
319214.7517
 10
3137507.1117
 20
319235.0277
 97
0
 75
0
 76
1
 98
0
  0
HATCH
  5
F65
330
17
100
AcDbEntity
  8
BUILDINGS_SHADOW
 62
7
100
AcDbHatch
 10
0.0
 20
0.0
 30
0.0
210
0.0
220
0.0
230
1.0
  2
ANSI31
 70
0
 71
0
 91
1
 92
3
 72
0
 73
1
 93
12
 10
3137468.6762253125
 20
319240.273447782
 10
3137472.4916253127
 20
319196.360547782
 10
3137615.9542253125
 20
319208.784547782
 10
3137612.4258253127
 20
319249.409447782
 10
3137582.3722253125
 20
319246.827047782
 10
3137584.0531253126
 20
319227.318447782
 10
3137564.4695253125
 20
319225.629347782
 10
3137562.767325313
 20
319245.284147782
 10
3137529.2086253124
 20
319242.404247782
 10
3137530.6838253126
 20
319225.19724778197
 10
3137502.9593253126
 20
319222.813447782
 10
3137501.1949253124
 20
319243.08944778197
 97
0
 75
1
 76
1
 52
0.0
 41
5.0
 77
0
 78
1
 53
45.0
 43
0.0
 44
0.0
 45
-11.2253201515
 46
11.2253201515
 79
0
 98
0
  0
HATCH
  5
F66
330
17
100
AcDbEntity
  8
BUILDINGS_HATCH
 62
251
100
AcDbHatch
 10
0.0
 20
0.0
 30
0.0
210
0.0
220
0.0
230
1.0
  2
SOLID
 70
1
 71
0
 91
1
 92
3
 72
0
 73
1
 93
8
 10
3137675.3863
 20
319242.4876
 10
3137679.4668
 20
319205.5084
 10
3137761.3228
 20
319214.4612
 10
3137757.1391
 20
319252.5729
 10
3137725.564
 20
319249.1275
 10
3137727.8865
 20
319228.0436
 10
3137707.1229
 20
319225.7807
 10
3137704.926
 20
319245.7318
 97
0
 75
0
 76
1
 98
0
  0
HATCH
  5
F67
330
17
100
AcDbEntity
  8
BUILDINGS_SHADOW
 62
7
100
AcDbHatch
 10
0.0
 20
0.0
 30
0.0
210
0.0
220
0.0
230
1.0
  2
ANSI31
 70
0
 71
0
 91
1
 92
3
 72
0
 73
1
 93
8
 10
3137669.4695253125
 20
319250.549347782
 10
3137673.5500253127
 20
319213.570147782
 10
3137755.406025313
 20
319222.522947782
 10
3137751.2223253124
 20
319260.634647782
 10
3137719.6472253124
 20
319257.189247782
 10
3137721.9697253127
 20
319236.10534778197
 10
3137701.2061253125
 20
319233.842447782
 10
3137699.0092253126
 20
319253.793547782
 97
0
 75
1
 76
1
 52
0.0
 41
5.0
 77
0
 78
1
 53
45.0
 43
0.0
 44
0.0
 45
-11.2253201515
 46
11.2253201515
 79
0
 98
0
  0
HATCH
  5
F68
330
17
100
AcDbEntity
  8
BUILDINGS_HATCH
 62
251
100
AcDbHatch
 10
0.0
 20
0.0
 30
0.0
210
0.0
220
0.0
230
1.0
  2
SOLID
 70
1
 71
0
 91
1
 92
3
 72
0
 73
1
 93
4
 10
3138000.3127
 20
319865.5813
 10
3138008.3939
 20
319749.0223
 10
3138038.6683
 20
319751.129
 10
3138030.6094
 20
319867.6878
 97
0
 75
0
 76
1
 98
0
  0
HATCH
  5
F69
330
17
100
AcDbEntity
  8
BUILDINGS_SHADOW
 62
7
100
AcDbHatch
 10
0.0
 20
0.0
 30
0.0
210
0.0
220
0.0
230
1.0
  2
ANSI31
 70
0
 71
0
 91
1
 92
3
 72
0
 73
1
 93
4
 10
3137994.395925313
 20
319873.643047782
 10
3138002.4771253127
 20
319757.084047782
 10
3138032.7515253127
 20
319759.190747782
 10
3138024.6926253126
 20
319875.749547782
 97
0
 75
1
 76
1
 52
0.0
 41
5.0
 77
0
 78
1
 53
45.0
 43
0.0
 44
0.0
 45
-11.2253201515
 46
11.2253201515
 79
0
 98
0
  0
HATCH
  5
F6A
330
17
100
AcDbEntity
  8
BUILDINGS_HATCH
 62
251
100
AcDbHatch
 10
0.0
 20
0.0
 30
0.0
210
0.0
220
0.0
230
1.0
  2
SOLID
 70
1
 71
0
 91
1
 92
3
 72
0
 73
1
 93
8
 10
3137914.9231
 20
319367.2704
 10
3137914.7982
 20
319294.0056
 10
3137959.132
 20
319293.9442
 10
3137959.1485
 20
319306.1003
 10
3137982.6257
 20
319306.0398
 10
3137982.7071
 20
319356.4162
 10
3137956.4957
 20
319356.4642
 10
3137956.4998
 20
319367.1967
 97
0
 75
0
 76
1
 98
0
  0
HATCH
  5
F6B
330
17
100
AcDbEntity
  8
BUILDINGS_SHADOW
 62
7
100
AcDbHatch
 10
0.0
 20
0.0
 30
0.0
210
0.0
220
0.0
230
1.0
  2
ANSI31
 70
0
 71
0
 91
1
 92
3
 72
0
 73
1
 93
8
 10
3137909.0063253124
 20
319375.33214778197
 10
3137908.8814253127
 20
319302.06734778197
 10
3137953.215225313
 20
319302.005947782
 10
3137953.231725313
 20
319314.162047782
 10
3137976.708925313
 20
319314.101547782
 10
3137976.790325313
 20
319364.47794778197
 10
3137950.5789253125
 20
319364.525947782
 10
3137950.5830253125
 20
319375.25844778196
 97
0
 75
1
 76
1
 52
0.0
 41
5.0
 77
0
 78
1
 53
45.0
 43
0.0
 44
0.0
 45
-11.2253201515
 46
11.2253201515
 79
0
 98
0
  0
HATCH
  5
F6C
330
17
100
AcDbEntity
  8
BUILDINGS_HATCH
 62
251
100
AcDbHatch
 10
0.0
 20
0.0
 30
0.0
210
0.0
220
0.0
230
1.0
  2
SOLID
 70
1
 71
0
 91
1
 92
3
 72
0
 73
1
 93
12
 10
3137485.8915
 20
320166.8631
 10
3137489.6648
 20
320123.3157
 10
3137518.5635
 20
320125.7986
 10
3137517.0049
 20
320143.7728
 10
3137536.6777
 20
320145.4611
 10
3137538.0717
 20
320129.3135
 10
3137578.028
 20
320132.7576
 10
3137576.4083
 20
320151.499
 10
3137597.9806
 20
320153.3531
 10
3137599.6626
 20
320133.9905
 10
3137622.5463
 20
320135.9425
 10
3137618.8528
 20
320178.3211
 97
0
 75
0
 76
1
 98
0
  0
HATCH
  5
F6D
330
17
100
AcDbEntity
  8
BUILDINGS_SHADOW
 62
7
100
AcDbHatch
 10
0.0
 20
0.0
 30
0.0
210
0.0
220
0.0
230
1.0
  2
ANSI31
 70
0
 71
0
 91
1
 92
3
 72
0
 73
1
 93
12
 10
3137479.9747253126
 20
320174.924847782
 10
3137483.7480253126
 20
320131.37744778197
 10
3137512.646725313
 20
320133.86034778197
 10
3137511.0881253127
 20
320151.83454778197
 10
3137530.7609253125
 20
320153.522847782
 10
3137532.154925313
 20
320137.375247782
 10
3137572.1112253126
 20
320140.819347782
 10
3137570.4915253124
 20
320159.560747782
 10
3137592.0638253125
 20
320161.414847782
 10
3137593.7458253126
 20
320142.052247782
 10
3137616.6295253127
 20
320144.004247782
 10
3137612.9360253126
 20
320186.382847782
 97
0
 75
1
 76
1
 52
0.0
 41
5.0
 77
0
 78
1
 53
45.0
 43
0.0
 44
0.0
 45
-11.2253201515
 46
11.2253201515
 79
0
 98
0
  0
HATCH
  5
F6E
330
17
100
AcDbEntity
  8
BUILDINGS_HATCH
 62
251
100
AcDbHatch
 10
0.0
 20
0.0
 30
0.0
210
0.0
220
0.0
230
1.0
  2
SOLID
 70
1
 71
0
 91
1
 92
3
 72
0
 73
1
 93
12
 10
3137660.7352
 20
320126.0051
 10
3137697.1951
 20
320124.9901
 10
3137697.7839
 20
320145.6469
 10
3137723.2423
 20
320144.9115
 10
3137722.5955
 20
320122.7951
 10
3137753.1366
 20
320121.9054
 10
3137753.7856
 20
320144.2774
 10
3137776.8494
 20
320143.5997
 10
3137776.068
 20
320116.4467
 10
3137810.9693
 20
320115.4823
 10
3137812.3508
 20
320164.6061
 10
3137661.9492
 20
320168.8879
 97
0
 75
0
 76
1
 98
0
  0
HATCH
  5
F6F
330
17
100
AcDbEntity
  8
BUILDINGS_SHADOW
 62
7
100
AcDbHatch
 10
0.0
 20
0.0
 30
0.0
210
0.0
220
0.0
230
1.0
  2
ANSI31
 70
0
 71
0
 91
1
 92
3
 72
0
 73
1
 93
12
 10
3137654.8184253126
 20
320134.066847782
 10
3137691.278325313
 20
320133.051847782
 10
3137691.867125313
 20
320153.708647782
 10
3137717.3255253127
 20
320152.973247782
 10
3137716.6787253125
 20
320130.856847782
 10
3137747.2198253125
 20
320129.967147782
 10
3137747.8688253127
 20
320152.339147782
 10
3137770.932625313
 20
320151.661447782
 10
3137770.1512253126
 20
320124.50844778196
 10
3137805.0525253126
 20
320123.54404778196
 10
3137806.434025313
 20
320172.66784778197
 10
3137656.032425313
 20
320176.94964778196
 97
0
 75
1
 76
1
 52
0.0
 41
5.0
 77
0
 78
1
 53
45.0
 43
0.0
 44
0.0
 45
-11.2253201515
 46
11.2253201515
 79
0
 98
0
  0
HATCH
  5
F70
330
17
100
AcDbEntity
  8
BUILDINGS_HATCH
 62
251
100
AcDbHatch
 10
0.0
 20
0.0
 30
0.0
210
0.0
220
0.0
230
1.0
  2
SOLID
 70
1
 71
0
 91
1
 92
3
 72
0
 73
1
 93
12
 10
3137280.574
 20
320141.9545
 10
3137285.9495
 20
320100.8022
 10
3137322.5734
 20
320105.5528
 10
3137320.2036
 20
320123.7533
 10
3137343.3452
 20
320126.7613
 10
3137345.5672
 20
320109.7303
 10
3137374.2962
 20
320113.4556
 10
3137372.0112
 20
320131.0348
 10
3137398.6816
 20
320134.4863
 10
3137400.9883
 20
320116.7974
 10
3137425.9848
 20
320120.0447
 10
3137420.7577
 20
320160.137
 97
0
 75
0
 76
1
 98
0
  0
HATCH
  5
F71
330
17
100
AcDbEntity
  8
BUILDINGS_SHADOW
 62
7
100
AcDbHatch
 10
0.0
 20
0.0
 30
0.0
210
0.0
220
0.0
230
1.0
  2
ANSI31
 70
0
 71
0
 91
1
 92
3
 72
0
 73
1
 93
12
 10
3137274.6572253127
 20
320150.016247782
 10
3137280.0327253127
 20
320108.86394778197
 10
3137316.6566253128
 20
320113.614547782
 10
3137314.286825313
 20
320131.815047782
 10
3137337.4284253125
 20
320134.823047782
 10
3137339.6504253126
 20
320117.792047782
 10
3137368.379425313
 20
320121.517347782
 10
3137366.0944253127
 20
320139.096547782
 10
3137392.7648253124
 20
320142.548047782
 10
3137395.0715253125
 20
320124.859147782
 10
3137420.068025313
 20
320128.106447782
 10
3137414.8409253126
 20
320168.198747782
 97
0
 75
1
 76
1
 52
0.0
 41
5.0
 77
0
 78
1
 53
45.0
 43
0.0
 44
0.0
 45
-11.2253201515
 46
11.2253201515
 79
0
 98
0
  0
HATCH
  5
F72
330
17
100
AcDbEntity
  8
BUILDINGS_HATCH
 62
251
100
AcDbHatch
 10
0.0
 20
0.0
 30
0.0
210
0.0
220
0.0
230
1.0
  2
SOLID
 70
1
 71
0
 91
1
 92
3
 72
0
 73
1
 93
4
 10
3137996.0901
 20
320004.6665
 10
3138004.1938
 20
319888.1074
 10
3138034.445
 20
319890.1777
 10
3138026.3863
 20
320006.7365
 97
0
 75
0
 76
1
 98
0
  0
HATCH
  5
F73
330
17
100
AcDbEntity
  8
BUILDINGS_SHADOW
 62
7
100
AcDbHatch
 10
0.0
 20
0.0
 30
0.0
210
0.0
220
0.0
230
1.0
  2
ANSI31
 70
0
 71
0
 91
1
 92
3
 72
0
 73
1
 93
4
 10
3137990.173325313
 20
320012.728247782
 10
3137998.2770253127
 20
319896.16914778197
 10
3138028.5282253125
 20
319898.239447782
 10
3138020.4695253125
 20
320014.798247782
 97
0
 75
1
 76
1
 52
0.0
 41
5.0
 77
0
 78
1
 53
45.0
 43
0.0
 44
0.0
 45
-11.2253201515
 46
11.2253201515
 79
0
 98
0
  0
HATCH
  5
F74
330
17
100
AcDbEntity
  8
BUILDINGS_HATCH
 62
251
100
AcDbHatch
 10
0.0
 20
0.0
 30
0.0
210
0.0
220
0.0
230
1.0
  2
SOLID
 70
1
 71
0
 91
1
 92
3
 72
0
 73
1
 93
12
 10
3136987.2925
 20
319818.5578
 10
3136988.4086
 20
319786.3869
 10
3137013.1133
 20
319787.2268
 10
3137013.7809
 20
319768.2017
 10
3136992.9411
 20
319767.4736
 10
3136993.7509
 20
319744.1031
 10
3137017.8908
 20
319744.948
 10
3137018.2335
 20
319735.1616
 10
3137056.6584
 20
319736.5007
 10
3137053.2904
 20
319833.3787
 10
3137004.8754
 20
319831.69
 10
3137005.3068
 20
319819.1649
 97
0
 75
0
 76
1
 98
0
  0
HATCH
  5
F75
330
17
100
AcDbEntity
  8
BUILDINGS_SHADOW
 62
7
100
AcDbHatch
 10
0.0
 20
0.0
 30
0.0
210
0.0
220
0.0
230
1.0
  2
ANSI31
 70
0
 71
0
 91
1
 92
3
 72
0
 73
1
 93
12
 10
3136981.3757253126
 20
319826.619547782
 10
3136982.491825313
 20
319794.448647782
 10
3137007.1965253125
 20
319795.288547782
 10
3137007.864125313
 20
319776.26344778197
 10
3136987.0243253126
 20
319775.535347782
 10
3136987.8341253125
 20
319752.164847782
 10
3137011.974025313
 20
319753.00974778197
 10
3137012.3167253127
 20
319743.223347782
 10
3137050.7416253127
 20
319744.56244778197
 10
3137047.3736253125
 20
319841.440447782
 10
3136998.9586253124
 20
319839.751747782
 10
3136999.3900253125
 20
319827.22664778196
 97
0
 75
1
 76
1
 52
0.0
 41
5.0
 77
0
 78
1
 53
45.0
 43
0.0
 44
0.0
 45
-11.2253201515
 46
11.2253201515
 79
0
 98
0
  0
HATCH
  5
F76
330
17
100
AcDbEntity
  8
BUILDINGS_HATCH
 62
251
100
AcDbHatch
 10
0.0
 20
0.0
 30
0.0
210
0.0
220
0.0
230
1.0
  2
SOLID
 70
1
 71
0
 91
1
 92
3
 72
0
 73
1
 93
8
 10
3137564.5619
 20
319110.5858
 10
3137585.9387
 20
319061.9185
 10
3137609.0538
 20
319072.0091
 10
3137599.9717
 20
319092.7146
 10
3137627.7596
 20
319104.8449
 10
3137637.3954
 20
319082.8568
 10
3137665.4784
 20
319095.1306
 10
3137643.5479
 20
319145.0804
 97
0
 75
0
 76
1
 98
0
  0
HATCH
  5
F77
330
17
100
AcDbEntity
  8
BUILDINGS_SHADOW
 62
7
100
AcDbHatch
 10
0.0
 20
0.0
 30
0.0
210
0.0
220
0.0
230
1.0
  2
ANSI31
 70
0
 71
0
 91
1
 92
3
 72
0
 73
1
 93
8
 10
3137558.6451253127
 20
319118.647547782
 10
3137580.0219253125
 20
319069.980247782
 10
3137603.1370253125
 20
319080.070847782
 10
3137594.0549253128
 20
319100.776347782
 10
3137621.8428253126
 20
319112.906647782
 10
3137631.4786253124
 20
319090.918547782
 10
3137659.5616253125
 20
319103.19234778197
 10
3137637.6311253128
 20
319153.14214778197
 97
0
 75
1
 76
1
 52
0.0
 41
5.0
 77
0
 78
1
 53
45.0
 43
0.0
 44
0.0
 45
-11.2253201515
 46
11.2253201515
 79
0
 98
0
  0
HATCH
  5
F78
330
17
100
AcDbEntity
  8
BUILDINGS_HATCH
 62
251
100
AcDbHatch
 10
0.0
 20
0.0
 30
0.0
210
0.0
220
0.0
230
1.0
  2
SOLID
 70
1
 71
0
 91
1
 92
3
 72
0
 73
1
 93
8
 10
3137453.4753
 20
319110.4708
 10
3137468.415
 20
319062.1886
 10
3137495.4011
 20
319070.4927
 10
3137490.5241
 20
319086.3059
 10
3137513.885
 20
319093.5104
 10
3137521.6188
 20
319068.5456
 10
3137554.7
 20
319078.7308
 10
3137536.9484
 20
319136.164
 97
0
 75
0
 76
1
 98
0
  0
HATCH
  5
F79
330
17
100
AcDbEntity
  8
BUILDINGS_SHADOW
 62
7
100
AcDbHatch
 10
0.0
 20
0.0
 30
0.0
210
0.0
220
0.0
230
1.0
  2
ANSI31
 70
0
 71
0
 91
1
 92
3
 72
0
 73
1
 93
8
 10
3137447.5585253127
 20
319118.532547782
 10
3137462.4982253127
 20
319070.250347782
 10
3137489.4843253125
 20
319078.554447782
 10
3137484.6073253127
 20
319094.36764778197
 10
3137507.9682253124
 20
319101.572147782
 10
3137515.7020253125
 20
319076.607347782
 10
3137548.783225313
 20
319086.792547782
 10
3137531.0316253128
 20
319144.225747782
 97
0
 75
1
 76
1
 52
0.0
 41
5.0
 77
0
 78
1
 53
45.0
 43
0.0
 44
0.0
 45
-11.2253201515
 46
11.2253201515
 79
0
 98
0
  0
HATCH
  5
F7A
330
17
100
AcDbEntity
  8
BUILDINGS_HATCH
 62
251
100
AcDbHatch
 10
0.0
 20
0.0
 30
0.0
210
0.0
220
0.0
230
1.0
  2
SOLID
 70
1
 71
0
 91
1
 92
3
 72
0
 73
1
 93
4
 10
3137922.0717
 20
319239.768
 10
3137958.3589
 20
319239.4488
 10
3137958.6289
 20
319270.1473
 10
3137922.3417
 20
319270.4665
 97
0
 75
0
 76
1
 98
0
  0
HATCH
  5
F7B
330
17
100
AcDbEntity
  8
BUILDINGS_SHADOW
 62
7
100
AcDbHatch
 10
0.0
 20
0.0
 30
0.0
210
0.0
220
0.0
230
1.0
  2
ANSI31
 70
0
 71
0
 91
1
 92
3
 72
0
 73
1
 93
4
 10
3137916.154925313
 20
319247.829747782
 10
3137952.4421253125
 20
319247.510547782
 10
3137952.7121253125
 20
319278.209047782
 10
3137916.424925313
 20
319278.528247782
 97
0
 75
1
 76
1
 52
0.0
 41
5.0
 77
0
 78
1
 53
45.0
 43
0.0
 44
0.0
 45
-11.2253201515
 46
11.2253201515
 79
0
 98
0
  0
HATCH
  5
F7C
330
17
100
AcDbEntity
  8
BUILDINGS_HATCH
 62
251
100
AcDbHatch
 10
0.0
 20
0.0
 30
0.0
210
0.0
220
0.0
230
1.0
  2
SOLID
 70
1
 71
0
 91
1
 92
3
 72
0
 73
1
 93
8
 10
3137152.1851
 20
320128.9256
 10
3137152.6034
 20
320109.7932
 10
3137180.7172
 20
320110.3842
 10
3137181.2314
 20
320086.7608
 10
3137153.5241
 20
320086.1662
 10
3137154.0224
 20
320063.3096
 10
3137220.2396
 20
320064.7318
 10
3137218.809
 20
320130.3807
 97
0
 75
0
 76
1
 98
0
  0
HATCH
  5
F7D
330
17
100
AcDbEntity
  8
BUILDINGS_SHADOW
 62
7
100
AcDbHatch
 10
0.0
 20
0.0
 30
0.0
210
0.0
220
0.0
230
1.0
  2
ANSI31
 70
0
 71
0
 91
1
 92
3
 72
0
 73
1
 93
8
 10
3137146.2683253125
 20
320136.987347782
 10
3137146.6866253125
 20
320117.854947782
 10
3137174.8004253125
 20
320118.44594778196
 10
3137175.3146253126
 20
320094.822547782
 10
3137147.6073253127
 20
320094.22794778197
 10
3137148.105625313
 20
320071.37134778197
 10
3137214.3228253126
 20
320072.793547782
 10
3137212.8922253125
 20
320138.44244778197
 97
0
 75
1
 76
1
 52
0.0
 41
5.0
 77
0
 78
1
 53
45.0
 43
0.0
 44
0.0
 45
-11.2253201515
 46
11.2253201515
 79
0
 98
0
  0
HATCH
  5
F7E
330
17
100
AcDbEntity
  8
BUILDINGS_HATCH
 62
251
100
AcDbHatch
 10
0.0
 20
0.0
 30
0.0
210
0.0
220
0.0
230
1.0
  2
SOLID
 70
1
 71
0
 91
1
 92
3
 72
0
 73
1
 93
8
 10
3138092.8004
 20
319526.5481
 10
3138092.3986
 20
319478.2553
 10
3138122.6981
 20
319478.0256
 10
3138122.5937
 20
319463.5705
 10
3138162.9927
 20
319463.2157
 10
3138163.6427
 20
319539.7978
 10
3138123.8766
 20
319540.1471
 10
3138123.7776
 20
319526.3125
 97
0
 75
0
 76
1
 98
0
  0
HATCH
  5
F7F
330
17
100
AcDbEntity
  8
BUILDINGS_SHADOW
 62
7
100
AcDbHatch
 10
0.0
 20
0.0
 30
0.0
210
0.0
220
0.0
230
1.0
  2
ANSI31
 70
0
 71
0
 91
1
 92
3
 72
0
 73
1
 93
8
 10
3138086.8836253127
 20
319534.609847782
 10
3138086.4818253126
 20
319486.317047782
 10
3138116.781325313
 20
319486.087347782
 10
3138116.6769253127
 20
319471.63224778196
 10
3138157.0759253125
 20
319471.277447782
 10
3138157.725925313
 20
319547.859547782
 10
3138117.9598253127
 20
319548.208847782
 10
3138117.860825313
 20
319534.374247782
 97
0
 75
1
 76
1
 52
0.0
 41
5.0
 77
0
 78
1
 53
45.0
 43
0.0
 44
0.0
 45
-11.2253201515
 46
11.2253201515
 79
0
 98
0
  0
HATCH
  5
F80
330
17
100
AcDbEntity
  8
BUILDINGS_HATCH
 62
251
100
AcDbHatch
 10
0.0
 20
0.0
 30
0.0
210
0.0
220
0.0
230
1.0
  2
SOLID
 70
1
 71
0
 91
1
 92
3
 72
0
 73
1
 93
8
 10
3138110.3392
 20
319570.7478
 10
3138154.9471
 20
319550.5336
 10
3138168.61
 20
319580.5304
 10
3138147.5664
 20
319590.0605
 10
3138161.2058
 20
319619.948
 10
3138179.0083
 20
319611.87
 10
3138192.3946
 20
319641.2486
 10
3138151.0279
 20
319660.0105
 97
0
 75
0
 76
1
 98
0
  0
HATCH
  5
F81
330
17
100
AcDbEntity
  8
BUILDINGS_SHADOW
 62
7
100
AcDbHatch
 10
0.0
 20
0.0
 30
0.0
210
0.0
220
0.0
230
1.0
  2
ANSI31
 70
0
 71
0
 91
1
 92
3
 72
0
 73
1
 93
8
 10
3138104.4224253125
 20
319578.809547782
 10
3138149.0303253126
 20
319558.595347782
 10
3138162.6932253125
 20
319588.592147782
 10
3138141.6496253125
 20
319598.122247782
 10
3138155.2890253128
 20
319628.00974778197
 10
3138173.0915253125
 20
319619.931747782
 10
3138186.477825313
 20
319649.310347782
 10
3138145.1111253127
 20
319668.07224778197
 97
0
 75
1
 76
1
 52
0.0
 41
5.0
 77
0
 78
1
 53
45.0
 43
0.0
 44
0.0
 45
-11.2253201515
 46
11.2253201515
 79
0
 98
0
  0
HATCH
  5
F82
330
17
100
AcDbEntity
  8
BUILDINGS_HATCH
 62
251
100
AcDbHatch
 10
0.0
 20
0.0
 30
0.0
210
0.0
220
0.0
230
1.0
  2
SOLID
 70
1
 71
0
 91
1
 92
3
 72
0
 73
1
 93
14
 10
3138081.1735
 20
319422.2821
 10
3138082.8166
 20
319303.2608
 10
3138172.8742
 20
319304.4775
 10
3138172.3554
 20
319343.1775
 10
3138139.3382
 20
319342.7374
 10
3138139.4718
 20
319332.2227
 10
3138131.1102
 20
319332.1137
 10
3138130.9793
 20
319340.365
 10
3138124.787
 20
319340.2734
 10
3138124.4872
 20
319362.7267
 10
3138100.8032
 20
319362.3872
 10
3138100.307
 20
319398.4951
 10
3138123.2224
 20
319398.8049
 10
3138122.8914
 20
319422.8647
 97
0
 75
0
 76
1
 98
0
  0
HATCH
  5
F83
330
17
100
AcDbEntity
  8
BUILDINGS_SHADOW
 62
7
100
AcDbHatch
 10
0.0
 20
0.0
 30
0.0
210
0.0
220
0.0
230
1.0
  2
ANSI31
 70
0
 71
0
 91
1
 92
3
 72
0
 73
1
 93
14
 10
3138075.2567253127
 20
319430.343847782
 10
3138076.8998253127
 20
319311.322547782
 10
3138166.9574253126
 20
319312.53924778197
 10
3138166.4386253124
 20
319351.239247782
 10
3138133.4214253128
 20
319350.799147782
 10
3138133.5550253126
 20
319340.284447782
 10
3138125.1934253126
 20
319340.175447782
 10
3138125.0625253124
 20
319348.426747782
 10
3138118.8702253127
 20
319348.335147782
 10
3138118.5704253125
 20
319370.788447782
 10
3138094.8864253126
 20
319370.448947782
 10
3138094.3902253127
 20
319406.556847782
 10
3138117.3056253125
 20
319406.866647782
 10
3138116.9746253127
 20
319430.92644778197
 97
0
 75
1
 76
1
 52
0.0
 41
5.0
 77
0
 78
1
 53
45.0
 43
0.0
 44
0.0
 45
-11.2253201515
 46
11.2253201515
 79
0
 98
0
  0
HATCH
  5
F84
330
17
100
AcDbEntity
  8
BUILDINGS_HATCH
 62
251
100
AcDbHatch
 10
0.0
 20
0.0
 30
0.0
210
0.0
220
0.0
230
1.0
  2
SOLID
 70
1
 71
0
 91
1
 92
3
 72
0
 73
1
 93
4
 10
3138126.4066
 20
319869.2917
 10
3138134.5113
 20
319752.7326
 10
3138164.7857
 20
319754.8395
 10
3138156.7033
 20
319871.3984
 97
0
 75
0
 76
1
 98
0
  0
HATCH
  5
F85
330
17
100
AcDbEntity
  8
BUILDINGS_SHADOW
 62
7
100
AcDbHatch
 10
0.0
 20
0.0
 30
0.0
210
0.0
220
0.0
230
1.0
  2
ANSI31
 70
0
 71
0
 91
1
 92
3
 72
0
 73
1
 93
4
 10
3138120.4898253125
 20
319877.353447782
 10
3138128.5945253125
 20
319760.794347782
 10
3138158.8689253125
 20
319762.901247782
 10
3138150.786525313
 20
319879.460147782
 97
0
 75
1
 76
1
 52
0.0
 41
5.0
 77
0
 78
1
 53
45.0
 43
0.0
 44
0.0
 45
-11.2253201515
 46
11.2253201515
 79
0
 98
0
  0
HATCH
  5
F86
330
17
100
AcDbEntity
  8
BUILDINGS_HATCH
 62
251
100
AcDbHatch
 10
0.0
 20
0.0
 30
0.0
210
0.0
220
0.0
230
1.0
  2
SOLID
 70
1
 71
0
 91
1
 92
3
 72
0
 73
1
 93
4
 10
3137994.8049
 20
320043.5193
 10
3138022.2578
 20
320030.6107
 10
3138072.1965
 20
320136.3287
 10
3138044.7208
 20
320149.2009
 97
0
 75
0
 76
1
 98
0
  0
HATCH
  5
F87
330
17
100
AcDbEntity
  8
BUILDINGS_SHADOW
 62
7
100
AcDbHatch
 10
0.0
 20
0.0
 30
0.0
210
0.0
220
0.0
230
1.0
  2
ANSI31
 70
0
 71
0
 91
1
 92
3
 72
0
 73
1
 93
4
 10
3137988.8881253125
 20
320051.581047782
 10
3138016.3410253124
 20
320038.672447782
 10
3138066.2797253127
 20
320144.390447782
 10
3138038.8040253124
 20
320157.262647782
 97
0
 75
1
 76
1
 52
0.0
 41
5.0
 77
0
 78
1
 53
45.0
 43
0.0
 44
0.0
 45
-11.2253201515
 46
11.2253201515
 79
0
 98
0
  0
HATCH
  5
F88
330
17
100
AcDbEntity
  8
BUILDINGS_HATCH
 62
251
100
AcDbHatch
 10
0.0
 20
0.0
 30
0.0
210
0.0
220
0.0
230
1.0
  2
SOLID
 70
1
 71
0
 91
1
 92
3
 72
0
 73
1
 93
8
 10
3137913.5499
 20
319195.7812
 10
3137914.5167
 20
319123.31
 10
3137952.1221
 20
319123.8188
 10
3137952.0171
 20
319132.435
 10
3137984.7862
 20
319132.8769
 10
3137984.1156
 20
319182.5298
 10
3137952.5444
 20
319182.1138
 10
3137952.3527
 20
319196.2795
 97
0
 75
0
 76
1
 98
0
  0
HATCH
  5
F89
330
17
100
AcDbEntity
  8
BUILDINGS_SHADOW
 62
7
100
AcDbHatch
 10
0.0
 20
0.0
 30
0.0
210
0.0
220
0.0
230
1.0
  2
ANSI31
 70
0
 71
0
 91
1
 92
3
 72
0
 73
1
 93
8
 10
3137907.6331253126
 20
319203.842947782
 10
3137908.5999253127
 20
319131.371747782
 10
3137946.2053253124
 20
319131.880547782
 10
3137946.1003253125
 20
319140.496747782
 10
3137978.8694253126
 20
319140.93864778196
 10
3137978.198825313
 20
319190.591547782
 10
3137946.6276253127
 20
319190.175547782
 10
3137946.435925313
 20
319204.341247782
 97
0
 75
1
 76
1
 52
0.0
 41
5.0
 77
0
 78
1
 53
45.0
 43
0.0
 44
0.0
 45
-11.2253201515
 46
11.2253201515
 79
0
 98
0
  0
HATCH
  5
F8A
330
17
100
AcDbEntity
  8
BUILDINGS_HATCH
 62
251
100
AcDbHatch
 10
0.0
 20
0.0
 30
0.0
210
0.0
220
0.0
230
1.0
  2
SOLID
 70
1
 71
0
 91
1
 92
3
 72
0
 73
1
 93
12
 10
3136971.8059
 20
319980.8874
 10
3136981.002
 20
319940.0297
 10
3136991.575
 20
319942.3819
 10
3136995.1404
 20
319926.5436
 10
3137016.83
 20
319931.3893
 10
3137013.0466
 20
319948.1421
 10
3137034.7813
 20
319952.9874
 10
3137038.5859
 20
319936.0884
 10
3137061.7473
 20
319941.2861
 10
3137057.5295
 20
319960.0141
 10
3137064.4119
 20
319961.5229
 10
3137055.8246
 20
319999.7103
 97
0
 75
0
 76
1
 98
0
  0
HATCH
  5
F8B
330
17
100
AcDbEntity
  8
BUILDINGS_SHADOW
 62
7
100
AcDbHatch
 10
0.0
 20
0.0
 30
0.0
210
0.0
220
0.0
230
1.0
  2
ANSI31
 70
0
 71
0
 91
1
 92
3
 72
0
 73
1
 93
12
 10
3136965.8891253127
 20
319988.949147782
 10
3136975.0852253125
 20
319948.091447782
 10
3136985.658225313
 20
319950.44364778197
 10
3136989.2236253126
 20
319934.60534778197
 10
3137010.9132253127
 20
319939.451047782
 10
3137007.1298253126
 20
319956.203847782
 10
3137028.8645253126
 20
319961.049147782
 10
3137032.6691253125
 20
319944.150147782
 10
3137055.8305253126
 20
319949.347847782
 10
3137051.612725313
 20
319968.07584778196
 10
3137058.495125313
 20
319969.584647782
 10
3137049.9078253126
 20
320007.77204778197
 97
0
 75
1
 76
1
 52
0.0
 41
5.0
 77
0
 78
1
 53
45.0
 43
0.0
 44
0.0
 45
-11.2253201515
 46
11.2253201515
 79
0
 98
0
  0
HATCH
  5
F8C
330
17
100
AcDbEntity
  8
BUILDINGS_HATCH
 62
251
100
AcDbHatch
 10
0.0
 20
0.0
 30
0.0
210
0.0
220
0.0
230
1.0
  2
SOLID
 70
1
 71
0
 91
1
 92
3
 72
0
 73
1
 93
4
 10
3138121.5463
 20
320005.3526
 10
3138129.6283
 20
319888.7937
 10
3138159.9024
 20
319890.9006
 10
3138151.8202
 20
320007.4595
 97
0
 75
0
 76
1
 98
0
  0
HATCH
  5
F8D
330
17
100
AcDbEntity
  8
BUILDINGS_SHADOW
 62
7
100
AcDbHatch
 10
0.0
 20
0.0
 30
0.0
210
0.0
220
0.0
230
1.0
  2
ANSI31
 70
0
 71
0
 91
1
 92
3
 72
0
 73
1
 93
4
 10
3138115.6295253127
 20
320013.414347782
 10
3138123.7115253126
 20
319896.85544778197
 10
3138153.9856253127
 20
319898.962347782
 10
3138145.9034253126
 20
320015.521247782
 97
0
 75
1
 76
1
 52
0.0
 41
5.0
 77
0
 78
1
 53
45.0
 43
0.0
 44
0.0
 45
-11.2253201515
 46
11.2253201515
 79
0
 98
0
  0
HATCH
  5
F8E
330
17
100
AcDbEntity
  8
BUILDINGS_HATCH
 62
251
100
AcDbHatch
 10
0.0
 20
0.0
 30
0.0
210
0.0
220
0.0
230
1.0
  2
SOLID
 70
1
 71
0
 91
1
 92
3
 72
0
 73
1
 93
8
 10
3137384.2067
 20
318963.5284
 10
3137440.892
 20
318962.3343
 10
3137441.5387
 20
318992.0804
 10
3137413.2753
 20
318992.6949
 10
3137413.8418
 20
319018.4626
 10
3137440.8401
 20
319017.8957
 10
3137441.5552
 20
319050.2694
 10
3137386.113
 20
319051.4525
 97
0
 75
0
 76
1
 98
0
  0
HATCH
  5
F8F
330
17
100
AcDbEntity
  8
BUILDINGS_SHADOW
 62
7
100
AcDbHatch
 10
0.0
 20
0.0
 30
0.0
210
0.0
220
0.0
230
1.0
  2
ANSI31
 70
0
 71
0
 91
1
 92
3
 72
0
 73
1
 93
8
 10
3137378.2899253126
 20
318971.590147782
 10
3137434.9752253126
 20
318970.396047782
 10
3137435.6219253126
 20
319000.14214778197
 10
3137407.3585253125
 20
319000.756647782
 10
3137407.9250253127
 20
319026.524347782
 10
3137434.923325313
 20
319025.957447782
 10
3137435.6384253125
 20
319058.331147782
 10
3137380.1962253125
 20
319059.514247782
 97
0
 75
1
 76
1
 52
0.0
 41
5.0
 77
0
 78
1
 53
45.0
 43
0.0
 44
0.0
 45
-11.2253201515
 46
11.2253201515
 79
0
 98
0
  0
HATCH
  5
F90
330
17
100
AcDbEntity
  8
BUILDINGS_HATCH
 62
251
100
AcDbHatch
 10
0.0
 20
0.0
 30
0.0
210
0.0
220
0.0
230
1.0
  2
SOLID
 70
1
 71
0
 91
1
 92
3
 72
0
 73
1
 93
8
 10
3137113.2128
 20
320180.5236
 10
3137124.5465
 20
320164.1785
 10
3137146.9168
 20
320179.6049
 10
3137157.4472
 20
320164.3986
 10
3137138.3508
 20
320151.2431
 10
3137145.8251
 20
320140.481
 10
3137206.1156
 20
320182.0747
 10
3137176.7767
 20
320224.3516
 97
0
 75
0
 76
1
 98
0
  0
HATCH
  5
F91
330
17
100
AcDbEntity
  8
BUILDINGS_SHADOW
 62
7
100
AcDbHatch
 10
0.0
 20
0.0
 30
0.0
210
0.0
220
0.0
230
1.0
  2
ANSI31
 70
0
 71
0
 91
1
 92
3
 72
0
 73
1
 93
8
 10
3137107.2960253125
 20
320188.585347782
 10
3137118.629725313
 20
320172.24024778197
 10
3137141.0000253124
 20
320187.66664778197
 10
3137151.5304253125
 20
320172.460347782
 10
3137132.434025313
 20
320159.304847782
 10
3137139.9083253127
 20
320148.542747782
 10
3137200.198825313
 20
320190.136447782
 10
3137170.8599253125
 20
320232.413347782
 97
0
 75
1
 76
1
 52
0.0
 41
5.0
 77
0
 78
1
 53
45.0
 43
0.0
 44
0.0
 45
-11.2253201515
 46
11.2253201515
 79
0
 98
0
  0
HATCH
  5
F92
330
17
100
AcDbEntity
  8
BUILDINGS_HATCH
 62
251
100
AcDbHatch
 10
0.0
 20
0.0
 30
0.0
210
0.0
220
0.0
230
1.0
  2
SOLID
 70
1
 71
0
 91
1
 92
3
 72
0
 73
1
 93
12
 10
3136958.0438
 20
320092.9707
 10
3136959.2314
 20
320058.6818
 10
3137062.2757
 20
320062.2596
 10
3137060.9426
 20
320100.5653
 10
3137050.9298
 20
320100.2159
 10
3137050.2102
 20
320121.0302
 10
3137022.7709
 20
320120.0684
 10
3137023.6154
 20
320095.4929
 10
3136997.713
 20
320094.5906
 10
3136996.8312
 20
320120.0425
 10
3136971.0197
 20
320119.176
 10
3136971.9214
 20
320093.4318
 97
0
 75
0
 76
1
 98
0
  0
HATCH
  5
F93
330
17
100
AcDbEntity
  8
BUILDINGS_SHADOW
 62
7
100
AcDbHatch
 10
0.0
 20
0.0
 30
0.0
210
0.0
220
0.0
230
1.0
  2
ANSI31
 70
0
 71
0
 91
1
 92
3
 72
0
 73
1
 93
12
 10
3136952.1270253127
 20
320101.032447782
 10
3136953.3146253126
 20
320066.743547782
 10
3137056.3589253128
 20
320070.321347782
 10
3137055.025825313
 20
320108.627047782
 10
3137045.0130253127
 20
320108.277647782
 10
3137044.2934253127
 20
320129.09194778197
 10
3137016.8541253125
 20
320128.130147782
 10
3137017.6986253127
 20
320103.554647782
 10
3136991.7962253126
 20
320102.652347782
 10
3136990.9144253125
 20
320128.104247782
 10
3136965.1029253127
 20
320127.23774778197
 10
3136966.0046253125
 20
320101.493547782
 97
0
 75
1
 76
1
 52
0.0
 41
5.0
 77
0
 78
1
 53
45.0
 43
0.0
 44
0.0
 45
-11.2253201515
 46
11.2253201515
 79
0
 98
0
  0
HATCH
  5
F94
330
17
100
AcDbEntity
  8
BUILDINGS_HATCH
 62
251
100
AcDbHatch
 10
0.0
 20
0.0
 30
0.0
210
0.0
220
0.0
230
1.0
  2
SOLID
 70
1
 71
0
 91
1
 92
3
 72
0
 73
1
 93
4
 10
3137540.8102
 20
320337.2957
 10
3137543.9791
 20
320307.1875
 10
3137660.4734
 20
320319.3386
 10
3137657.327
 20
320349.4466
 97
0
 75
0
 76
1
 98
0
  0
HATCH
  5
F95
330
17
100
AcDbEntity
  8
BUILDINGS_SHADOW
 62
7
100
AcDbHatch
 10
0.0
 20
0.0
 30
0.0
210
0.0
220
0.0
230
1.0
  2
ANSI31
 70
0
 71
0
 91
1
 92
3
 72
0
 73
1
 93
4
 10
3137534.893425313
 20
320345.357447782
 10
3137538.0623253128
 20
320315.249247782
 10
3137654.5566253127
 20
320327.400347782
 10
3137651.4102253127
 20
320357.508347782
 97
0
 75
1
 76
1
 52
0.0
 41
5.0
 77
0
 78
1
 53
45.0
 43
0.0
 44
0.0
 45
-11.2253201515
 46
11.2253201515
 79
0
 98
0
  0
HATCH
  5
F96
330
17
100
AcDbEntity
  8
BUILDINGS_HATCH
 62
251
100
AcDbHatch
 10
0.0
 20
0.0
 30
0.0
210
0.0
220
0.0
230
1.0
  2
SOLID
 70
1
 71
0
 91
1
 92
3
 72
0
 73
1
 93
8
 10
3138208.836
 20
319539.912
 10
3138209.5544
 20
319464.7416
 10
3138253.0558
 20
319465.1628
 10
3138252.9313
 20
319479.2914
 10
3138282.693
 20
319479.5778
 10
3138282.2379
 20
319528.1336
 10
3138253.8096
 20
319527.872
 10
3138253.6932
 20
319540.3578
 97
0
 75
0
 76
1
 98
0
  0
HATCH
  5
F97
330
17
100
AcDbEntity
  8
BUILDINGS_SHADOW
 62
7
100
AcDbHatch
 10
0.0
 20
0.0
 30
0.0
210
0.0
220
0.0
230
1.0
  2
ANSI31
 70
0
 71
0
 91
1
 92
3
 72
0
 73
1
 93
8
 10
3138202.919225313
 20
319547.973747782
 10
3138203.6376253124
 20
319472.803347782
 10
3138247.139025313
 20
319473.224547782
 10
3138247.0145253125
 20
319487.353147782
 10
3138276.7762253126
 20
319487.639547782
 10
3138276.3211253127
 20
319536.195347782
 10
3138247.8928253124
 20
319535.93374778196
 10
3138247.7764253127
 20
319548.419547782
 97
0
 75
1
 76
1
 52
0.0
 41
5.0
 77
0
 78
1
 53
45.0
 43
0.0
 44
0.0
 45
-11.2253201515
 46
11.2253201515
 79
0
 98
0
  0
HATCH
  5
F98
330
17
100
AcDbEntity
  8
BUILDINGS_HATCH
 62
251
100
AcDbHatch
 10
0.0
 20
0.0
 30
0.0
210
0.0
220
0.0
230
1.0
  2
SOLID
 70
1
 71
0
 91
1
 92
3
 72
0
 73
1
 93
12
 10
3136891.0845
 20
319946.594
 10
3136933.5406
 20
319890.365
 10
3136946.0972
 20
319899.8181
 10
3136935.9353
 20
319913.269
 10
3136950.1748
 20
319923.9484
 10
3136960.1359
 20
319910.7913
 10
3136972.8286
 20
319920.3163
 10
3136931.087
 20
319975.5898
 10
3136920.5553
 20
319967.6885
 10
3136926.8978
 20
319959.2726
 10
3136909.3145
 20
319946.0675
 10
3136902.458
 20
319955.145
 97
0
 75
0
 76
1
 98
0
  0
HATCH
  5
F99
330
17
100
AcDbEntity
  8
BUILDINGS_SHADOW
 62
7
100
AcDbHatch
 10
0.0
 20
0.0
 30
0.0
210
0.0
220
0.0
230
1.0
  2
ANSI31
 70
0
 71
0
 91
1
 92
3
 72
0
 73
1
 93
12
 10
3136885.1677253125
 20
319954.655747782
 10
3136927.6238253126
 20
319898.426747782
 10
3136940.180425313
 20
319907.87984778197
 10
3136930.0185253127
 20
319921.33074778196
 10
3136944.258025313
 20
319932.010147782
 10
3136954.2191253128
 20
319918.853047782
 10
3136966.911825313
 20
319928.378047782
 10
3136925.1702253125
 20
319983.651547782
 10
3136914.6385253128
 20
319975.750247782
 10
3136920.9810253126
 20
319967.334347782
 10
3136903.3977253125
 20
319954.129247782
 10
3136896.5412253127
 20
319963.206747782
 97
0
 75
1
 76
1
 52
0.0
 41
5.0
 77
0
 78
1
 53
45.0
 43
0.0
 44
0.0
 45
-11.2253201515
 46
11.2253201515
 79
0
 98
0
  0
HATCH
  5
F9A
330
17
100
AcDbEntity
  8
BUILDINGS_HATCH
 62
251
100
AcDbHatch
 10
0.0
 20
0.0
 30
0.0
210
0.0
220
0.0
230
1.0
  2
SOLID
 70
1
 71
0
 91
1
 92
3
 72
0
 73
1
 93
8
 10
3137910.4493
 20
319100.2015
 10
3137910.7501
 20
319029.0868
 10
3137945.5279
 20
319029.2189
 10
3137945.4958
 20
319038.4185
 10
3137983.7309
 20
319038.5568
 10
3137983.5442
 20
319086.7088
 10
3137951.6817
 20
319086.5874
 10
3137951.6223
 20
319100.3869
 97
0
 75
0
 76
1
 98
0
  0
HATCH
  5
F9B
330
17
100
AcDbEntity
  8
BUILDINGS_SHADOW
 62
7
100
AcDbHatch
 10
0.0
 20
0.0
 30
0.0
210
0.0
220
0.0
230
1.0
  2
ANSI31
 70
0
 71
0
 91
1
 92
3
 72
0
 73
1
 93
8
 10
3137904.5325253126
 20
319108.263247782
 10
3137904.8333253125
 20
319037.148547782
 10
3137939.6111253127
 20
319037.28064778197
 10
3137939.579025313
 20
319046.480247782
 10
3137977.8141253125
 20
319046.618547782
 10
3137977.6274253125
 20
319094.770547782
 10
3137945.7649253127
 20
319094.649147782
 10
3137945.7055253126
 20
319108.448647782
 97
0
 75
1
 76
1
 52
0.0
 41
5.0
 77
0
 78
1
 53
45.0
 43
0.0
 44
0.0
 45
-11.2253201515
 46
11.2253201515
 79
0
 98
0
  0
HATCH
  5
F9C
330
17
100
AcDbEntity
  8
BUILDINGS_HATCH
 62
251
100
AcDbHatch
 10
0.0
 20
0.0
 30
0.0
210
0.0
220
0.0
230
1.0
  2
SOLID
 70
1
 71
0
 91
1
 92
3
 72
0
 73
1
 93
8
 10
3137627.5719
 20
318960.5051
 10
3137657.2283
 20
318920.5261
 10
3137724.3032
 20
318970.0566
 10
3137692.7932
 20
319012.5342
 10
3137666.2274
 20
318992.946
 10
3137683.4227
 20
318969.7597
 10
3137661.4513
 20
318953.5625
 10
3137646.1318
 20
318974.2135
 97
0
 75
0
 76
1
 98
0
  0
HATCH
  5
F9D
330
17
100
AcDbEntity
  8
BUILDINGS_SHADOW
 62
7
100
AcDbHatch
 10
0.0
 20
0.0
 30
0.0
210
0.0
220
0.0
230
1.0
  2
ANSI31
 70
0
 71
0
 91
1
 92
3
 72
0
 73
1
 93
8
 10
3137621.6551253125
 20
318968.566847782
 10
3137651.3115253127
 20
318928.587847782
 10
3137718.3864253126
 20
318978.118347782
 10
3137686.876425313
 20
319020.595947782
 10
3137660.310625313
 20
319001.007747782
 10
3137677.5059253126
 20
318977.821447782
 10
3137655.5345253125
 20
318961.624247782
 10
3137640.2150253127
 20
318982.275247782
 97
0
 75
1
 76
1
 52
0.0
 41
5.0
 77
0
 78
1
 53
45.0
 43
0.0
 44
0.0
 45
-11.2253201515
 46
11.2253201515
 79
0
 98
0
  0
HATCH
  5
F9E
330
17
100
AcDbEntity
  8
BUILDINGS_HATCH
 62
251
100
AcDbHatch
 10
0.0
 20
0.0
 30
0.0
210
0.0
220
0.0
230
1.0
  2
SOLID
 70
1
 71
0
 91
1
 92
3
 72
0
 73
1
 93
8
 10
3138228.2555
 20
319656.8135
 10
3138230.0677
 20
319629.0172
 10
3138251.4553
 20
319630.3626
 10
3138253.6641
 20
319596.2474
 10
3138229.9924
 20
319594.703
 10
3138232.3391
 20
319558.2868
 10
3138274.4367
 20
319560.9837
 10
3138268.0692
 20
319659.3479
 97
0
 75
0
 76
1
 98
0
  0
HATCH
  5
F9F
330
17
100
AcDbEntity
  8
BUILDINGS_SHADOW
 62
7
100
AcDbHatch
 10
0.0
 20
0.0
 30
0.0
210
0.0
220
0.0
230
1.0
  2
ANSI31
 70
0
 71
0
 91
1
 92
3
 72
0
 73
1
 93
8
 10
3138222.3387253126
 20
319664.875247782
 10
3138224.1509253127
 20
319637.078947782
 10
3138245.5385253127
 20
319638.424347782
 10
3138247.747325313
 20
319604.309147782
 10
3138224.0756253125
 20
319602.76474778197
 10
3138226.4223253126
 20
319566.348547782
 10
3138268.5199253126
 20
319569.045447782
 10
3138262.1524253124
 20
319667.409647782
 97
0
 75
1
 76
1
 52
0.0
 41
5.0
 77
0
 78
1
 53
45.0
 43
0.0
 44
0.0
 45
-11.2253201515
 46
11.2253201515
 79
0
 98
0
  0
HATCH
  5
FA0
330
17
100
AcDbEntity
  8
BUILDINGS_HATCH
 62
251
100
AcDbHatch
 10
0.0
 20
0.0
 30
0.0
210
0.0
220
0.0
230
1.0
  2
SOLID
 70
1
 71
0
 91
1
 92
3
 72
0
 73
1
 93
4
 10
3137390.7616
 20
320378.8122
 10
3137489.1911
 20
320315.4465
 10
3137505.6389
 20
320340.8914
 10
3137407.2321
 20
320404.2569
 97
0
 75
0
 76
1
 98
0
  0
HATCH
  5
FA1
330
17
100
AcDbEntity
  8
BUILDINGS_SHADOW
 62
7
100
AcDbHatch
 10
0.0
 20
0.0
 30
0.0
210
0.0
220
0.0
230
1.0
  2
ANSI31
 70
0
 71
0
 91
1
 92
3
 72
0
 73
1
 93
4
 10
3137384.8448253125
 20
320386.873947782
 10
3137483.2743253126
 20
320323.508247782
 10
3137499.722125313
 20
320348.953147782
 10
3137401.315325313
 20
320412.31864778197
 97
0
 75
1
 76
1
 52
0.0
 41
5.0
 77
0
 78
1
 53
45.0
 43
0.0
 44
0.0
 45
-11.2253201515
 46
11.2253201515
 79
0
 98
0
  0
HATCH
  5
FA2
330
17
100
AcDbEntity
  8
BUILDINGS_HATCH
 62
251
100
AcDbHatch
 10
0.0
 20
0.0
 30
0.0
210
0.0
220
0.0
230
1.0
  2
SOLID
 70
1
 71
0
 91
1
 92
3
 72
0
 73
1
 93
10
 10
3136842.0515
 20
319819.078
 10
3136847.4922
 20
319731.8554
 10
3136908.1956
 20
319735.6251
 10
3136906.4931
 20
319762.8
 10
3136888.2481
 20
319761.6475
 10
3136886.9415
 20
319782.5035
 10
3136908.4643
 20
319783.8095
 10
3136906.8406
 20
319809.6696
 10
3136886.0634
 20
319808.357
 10
3136885.2332
 20
319821.7617
 97
0
 75
0
 76
1
 98
0
  0
HATCH
  5
FA3
330
17
100
AcDbEntity
  8
BUILDINGS_SHADOW
 62
7
100
AcDbHatch
 10
0.0
 20
0.0
 30
0.0
210
0.0
220
0.0
230
1.0
  2
ANSI31
 70
0
 71
0
 91
1
 92
3
 72
0
 73
1
 93
10
 10
3136836.1347253127
 20
319827.13974778197
 10
3136841.575425313
 20
319739.917147782
 10
3136902.278825313
 20
319743.686847782
 10
3136900.5763253127
 20
319770.861747782
 10
3136882.3313253126
 20
319769.709247782
 10
3136881.024725313
 20
319790.565247782
 10
3136902.5475253128
 20
319791.87124778196
 10
3136900.923825313
 20
319817.731347782
 10
3136880.1466253125
 20
319816.418747782
 10
3136879.316425313
 20
319829.82344778196
 97
0
 75
1
 76
1
 52
0.0
 41
5.0
 77
0
 78
1
 53
45.0
 43
0.0
 44
0.0
 45
-11.2253201515
 46
11.2253201515
 79
0
 98
0
  0
HATCH
  5
FA4
330
17
100
AcDbEntity
  8
BUILDINGS_HATCH
 62
251
100
AcDbHatch
 10
0.0
 20
0.0
 30
0.0
210
0.0
220
0.0
230
1.0
  2
SOLID
 70
1
 71
0
 91
1
 92
3
 72
0
 73
1
 93
4
 10
3138244.0416
 20
319753.6691
 10
3138274.3581
 20
319752.8554
 10
3138277.4395
 20
319869.6814
 10
3138247.1004
 20
319870.4587
 97
0
 75
0
 76
1
 98
0
  0
HATCH
  5
FA5
330
17
100
AcDbEntity
  8
BUILDINGS_SHADOW
 62
7
100
AcDbHatch
 10
0.0
 20
0.0
 30
0.0
210
0.0
220
0.0
230
1.0
  2
ANSI31
 70
0
 71
0
 91
1
 92
3
 72
0
 73
1
 93
4
 10
3138238.1248253128
 20
319761.730847782
 10
3138268.4413253125
 20
319760.917147782
 10
3138271.5227253125
 20
319877.743147782
 10
3138241.1836253125
 20
319878.520447782
 97
0
 75
1
 76
1
 52
0.0
 41
5.0
 77
0
 78
1
 53
45.0
 43
0.0
 44
0.0
 45
-11.2253201515
 46
11.2253201515
 79
0
 98
0
  0
HATCH
  5
FA6
330
17
100
AcDbEntity
  8
BUILDINGS_HATCH
 62
251
100
AcDbHatch
 10
0.0
 20
0.0
 30
0.0
210
0.0
220
0.0
230
1.0
  2
SOLID
 70
1
 71
0
 91
1
 92
3
 72
0
 73
1
 93
4
 10
3136826.3754
 20
319343.0434
 10
3136919.8215
 20
319341.5947
 10
3136921.1744
 20
319427.9905
 10
3136827.7288
 20
319429.4392
 97
0
 75
0
 76
1
 98
0
  0
HATCH
  5
FA7
330
17
100
AcDbEntity
  8
BUILDINGS_SHADOW
 62
7
100
AcDbHatch
 10
0.0
 20
0.0
 30
0.0
210
0.0
220
0.0
230
1.0
  2
ANSI31
 70
0
 71
0
 91
1
 92
3
 72
0
 73
1
 93
4
 10
3136820.4586253124
 20
319351.105147782
 10
3136913.9047253127
 20
319349.656447782
 10
3136915.2576253125
 20
319436.052247782
 10
3136821.812025313
 20
319437.500947782
 97
0
 75
1
 76
1
 52
0.0
 41
5.0
 77
0
 78
1
 53
45.0
 43
0.0
 44
0.0
 45
-11.2253201515
 46
11.2253201515
 79
0
 98
0
  0
HATCH
  5
FA8
330
17
100
AcDbEntity
  8
BUILDINGS_HATCH
 62
251
100
AcDbHatch
 10
0.0
 20
0.0
 30
0.0
210
0.0
220
0.0
230
1.0
  2
SOLID
 70
1
 71
0
 91
1
 92
3
 72
0
 73
1
 93
8
 10
3136837.7771
 20
319851.788
 10
3136883.098
 20
319835.7986
 10
3136887.4783
 20
319848.1716
 10
3136903.7639
 20
319842.4055
 10
3136911.7822
 20
319865.0041
 10
3136895.2713
 20
319870.8452
 10
3136899.6512
 20
319883.1817
 10
3136854.5783
 20
319899.0958
 97
0
 75
0
 76
1
 98
0
  0
HATCH
  5
FA9
330
17
100
AcDbEntity
  8
BUILDINGS_SHADOW
 62
7
100
AcDbHatch
 10
0.0
 20
0.0
 30
0.0
210
0.0
220
0.0
230
1.0
  2
ANSI31
 70
0
 71
0
 91
1
 92
3
 72
0
 73
1
 93
8
 10
3136831.8603253127
 20
319859.849747782
 10
3136877.181225313
 20
319843.86034778197
 10
3136881.5615253127
 20
319856.233347782
 10
3136897.847125313
 20
319850.467247782
 10
3136905.8654253124
 20
319873.065847782
 10
3136889.354525313
 20
319878.906947782
 10
3136893.734425313
 20
319891.243447782
 10
3136848.661525313
 20
319907.157547782
 97
0
 75
1
 76
1
 52
0.0
 41
5.0
 77
0
 78
1
 53
45.0
 43
0.0
 44
0.0
 45
-11.2253201515
 46
11.2253201515
 79
0
 98
0
  0
HATCH
  5
FAA
330
17
100
AcDbEntity
  8
BUILDINGS_HATCH
 62
251
100
AcDbHatch
 10
0.0
 20
0.0
 30
0.0
210
0.0
220
0.0
230
1.0
  2
SOLID
 70
1
 71
0
 91
1
 92
3
 72
0
 73
1
 93
10
 10
3138085.0882
 20
319201.7565
 10
3138085.3931
 20
319179.8873
 10
3138103.3599
 20
319180.1675
 10
3138103.5673
 20
319165.1985
 10
3138127.3643
 20
319165.5005
 10
3138127.1555
 20
319180.3235
 10
3138144.8735
 20
319180.5694
 10
3138145.0359
 20
319168.1927
 10
3138169.398
 20
319168.5263
 10
3138168.9092
 20
319202.9185
 97
0
 75
0
 76
1
 98
0
  0
HATCH
  5
FAB
330
17
100
AcDbEntity
  8
BUILDINGS_SHADOW
 62
7
100
AcDbHatch
 10
0.0
 20
0.0
 30
0.0
210
0.0
220
0.0
230
1.0
  2
ANSI31
 70
0
 71
0
 91
1
 92
3
 72
0
 73
1
 93
10
 10
3138079.1714253128
 20
319209.818247782
 10
3138079.4763253126
 20
319187.949047782
 10
3138097.4431253127
 20
319188.229247782
 10
3138097.650525313
 20
319173.260247782
 10
3138121.4475253127
 20
319173.562247782
 10
3138121.2387253125
 20
319188.385247782
 10
3138138.956725313
 20
319188.63114778197
 10
3138139.1191253127
 20
319176.254447782
 10
3138163.4812253127
 20
319176.588047782
 10
3138162.9924253128
 20
319210.980247782
 97
0
 75
1
 76
1
 52
0.0
 41
5.0
 77
0
 78
1
 53
45.0
 43
0.0
 44
0.0
 45
-11.2253201515
 46
11.2253201515
 79
0
 98
0
  0
HATCH
  5
FAC
330
17
100
AcDbEntity
  8
BUILDINGS_HATCH
 62
251
100
AcDbHatch
 10
0.0
 20
0.0
 30
0.0
210
0.0
220
0.0
230
1.0
  2
SOLID
 70
1
 71
0
 91
1
 92
3
 72
0
 73
1
 93
4
 10
3137678.9531
 20
320365.1358
 10
3137702.0075
 20
320345.4754
 10
3137778.1663
 20
320434.2421
 10
3137755.067
 20
320453.9393
 97
0
 75
0
 76
1
 98
0
  0
HATCH
  5
FAD
330
17
100
AcDbEntity
  8
BUILDINGS_SHADOW
 62
7
100
AcDbHatch
 10
0.0
 20
0.0
 30
0.0
210
0.0
220
0.0
230
1.0
  2
ANSI31
 70
0
 71
0
 91
1
 92
3
 72
0
 73
1
 93
4
 10
3137673.0363253127
 20
320373.197547782
 10
3137696.0907253125
 20
320353.537147782
 10
3137772.249525313
 20
320442.30384778196
 10
3137749.1502253124
 20
320462.001047782
 97
0
 75
1
 76
1
 52
0.0
 41
5.0
 77
0
 78
1
 53
45.0
 43
0.0
 44
0.0
 45
-11.2253201515
 46
11.2253201515
 79
0
 98
0
  0
HATCH
  5
FAE
330
17
100
AcDbEntity
  8
BUILDINGS_HATCH
 62
251
100
AcDbHatch
 10
0.0
 20
0.0
 30
0.0
210
0.0
220
0.0
230
1.0
  2
SOLID
 70
1
 71
0
 91
1
 92
3
 72
0
 73
1
 93
14
 10
3138196.645
 20
319343.0007
 10
3138198.3021
 20
319302.6845
 10
3138283.2499
 20
319306.1369
 10
3138278.3184
 20
319426.5377
 10
3138243.3496
 20
319425.1288
 10
3138244.2784
 20
319402.232
 10
3138263.4244
 20
319403.013
 10
3138264.8569
 20
319367.992
 10
3138248.3106
 20
319367.3341
 10
3138249.2973
 20
319343.3051
 10
3138240.7078
 20
319342.9789
 10
3138241.358
 20
319326.9475
 10
3138229.6488
 20
319326.4662
 10
3138228.924
 20
319344.287
 97
0
 75
0
 76
1
 98
0
  0
HATCH
  5
FAF
330
17
100
AcDbEntity
  8
BUILDINGS_SHADOW
 62
7
100
AcDbHatch
 10
0.0
 20
0.0
 30
0.0
210
0.0
220
0.0
230
1.0
  2
ANSI31
 70
0
 71
0
 91
1
 92
3
 72
0
 73
1
 93
14
 10
3138190.7282253127
 20
319351.06244778197
 10
3138192.3853253126
 20
319310.74624778196
 10
3138277.333125313
 20
319314.198647782
 10
3138272.401625313
 20
319434.599447782
 10
3138237.4328253125
 20
319433.190547782
 10
3138238.361625313
 20
319410.293747782
 10
3138257.5076253125
 20
319411.07474778197
 10
3138258.9401253127
 20
319376.053747782
 10
3138242.3938253126
 20
319375.39584778197
 10
3138243.380525313
 20
319351.366847782
 10
3138234.7910253126
 20
319351.040647782
 10
3138235.4412253127
 20
319335.009247782
 10
3138223.7320253127
 20
319334.527947782
 10
3138223.0072253128
 20
319352.348747782
 97
0
 75
1
 76
1
 52
0.0
 41
5.0
 77
0
 78
1
 53
45.0
 43
0.0
 44
0.0
 45
-11.2253201515
 46
11.2253201515
 79
0
 98
0
  0
HATCH
  5
FB0
330
17
100
AcDbEntity
  8
BUILDINGS_HATCH
 62
251
100
AcDbHatch
 10
0.0
 20
0.0
 30
0.0
210
0.0
220
0.0
230
1.0
  2
SOLID
 70
1
 71
0
 91
1
 92
3
 72
0
 73
1
 93
4
 10
3138159.8356
 20
320071.0906
 10
3138160.3154
 20
320040.8236
 10
3138277.4435
 20
320042.6427
 10
3138276.9635
 20
320072.9097
 97
0
 75
0
 76
1
 98
0
  0
HATCH
  5
FB1
330
17
100
AcDbEntity
  8
BUILDINGS_SHADOW
 62
7
100
AcDbHatch
 10
0.0
 20
0.0
 30
0.0
210
0.0
220
0.0
230
1.0
  2
ANSI31
 70
0
 71
0
 91
1
 92
3
 72
0
 73
1
 93
4
 10
3138153.9188253125
 20
320079.152347782
 10
3138154.398625313
 20
320048.885347782
 10
3138271.5267253127
 20
320050.704447782
 10
3138271.0467253127
 20
320080.971447782
 97
0
 75
1
 76
1
 52
0.0
 41
5.0
 77
0
 78
1
 53
45.0
 43
0.0
 44
0.0
 45
-11.2253201515
 46
11.2253201515
 79
0
 98
0
  0
HATCH
  5
FB2
330
17
100
AcDbEntity
  8
BUILDINGS_HATCH
 62
251
100
AcDbHatch
 10
0.0
 20
0.0
 30
0.0
210
0.0
220
0.0
230
1.0
  2
SOLID
 70
1
 71
0
 91
1
 92
3
 72
0
 73
1
 93
8
 10
3138081.4958
 20
319163.2387
 10
3138083.2393
 20
319078.7869
 10
3138120.6663
 20
319079.5532
 10
3138119.9966
 20
319111.3551
 10
3138108.154
 20
319111.1306
 10
3138107.582
 20
319138.624
 10
3138121.1196
 20
319138.8701
 10
3138120.5949
 20
319164.0268
 97
0
 75
0
 76
1
 98
0
  0
HATCH
  5
FB3
330
17
100
AcDbEntity
  8
BUILDINGS_SHADOW
 62
7
100
AcDbHatch
 10
0.0
 20
0.0
 30
0.0
210
0.0
220
0.0
230
1.0
  2
ANSI31
 70
0
 71
0
 91
1
 92
3
 72
0
 73
1
 93
8
 10
3138075.579025313
 20
319171.300447782
 10
3138077.3225253127
 20
319086.848647782
 10
3138114.749525313
 20
319087.614947782
 10
3138114.079825313
 20
319119.416847782
 10
3138102.2372253127
 20
319119.19234778197
 10
3138101.6652253126
 20
319146.685747782
 10
3138115.2028253125
 20
319146.931847782
 10
3138114.6781253126
 20
319172.088547782
 97
0
 75
1
 76
1
 52
0.0
 41
5.0
 77
0
 78
1
 53
45.0
 43
0.0
 44
0.0
 45
-11.2253201515
 46
11.2253201515
 79
0
 98
0
  0
HATCH
  5
FB4
330
17
100
AcDbEntity
  8
BUILDINGS_HATCH
 62
251
100
AcDbHatch
 10
0.0
 20
0.0
 30
0.0
210
0.0
220
0.0
230
1.0
  2
SOLID
 70
1
 71
0
 91
1
 92
3
 72
0
 73
1
 93
4
 10
3138085.856
 20
320176.2548
 10
3138093.3483
 20
320146.9118
 10
3138206.849
 20
320175.7395
 10
3138199.3565
 20
320205.0824
 97
0
 75
0
 76
1
 98
0
  0
HATCH
  5
FB5
330
17
100
AcDbEntity
  8
BUILDINGS_SHADOW
 62
7
100
AcDbHatch
 10
0.0
 20
0.0
 30
0.0
210
0.0
220
0.0
230
1.0
  2
ANSI31
 70
0
 71
0
 91
1
 92
3
 72
0
 73
1
 93
4
 10
3138079.939225313
 20
320184.316547782
 10
3138087.431525313
 20
320154.973547782
 10
3138200.9322253126
 20
320183.801247782
 10
3138193.439725313
 20
320213.144147782
 97
0
 75
1
 76
1
 52
0.0
 41
5.0
 77
0
 78
1
 53
45.0
 43
0.0
 44
0.0
 45
-11.2253201515
 46
11.2253201515
 79
0
 98
0
  0
HATCH
  5
FB6
330
17
100
AcDbEntity
  8
BUILDINGS_HATCH
 62
251
100
AcDbHatch
 10
0.0
 20
0.0
 30
0.0
210
0.0
220
0.0
230
1.0
  2
SOLID
 70
1
 71
0
 91
1
 92
3
 72
0
 73
1
 93
4
 10
3138262.5729
 20
319916.1734
 10
3138291.6915
 20
319907.6311
 10
3138324.7156
 20
320019.7407
 10
3138295.5746
 20
320028.2831
 97
0
 75
0
 76
1
 98
0
  0
HATCH
  5
FB7
330
17
100
AcDbEntity
  8
BUILDINGS_SHADOW
 62
7
100
AcDbHatch
 10
0.0
 20
0.0
 30
0.0
210
0.0
220
0.0
230
1.0
  2
ANSI31
 70
0
 71
0
 91
1
 92
3
 72
0
 73
1
 93
4
 10
3138256.6561253127
 20
319924.235147782
 10
3138285.774725313
 20
319915.692847782
 10
3138318.798825313
 20
320027.802447782
 10
3138289.6578253126
 20
320036.344847782
 97
0
 75
1
 76
1
 52
0.0
 41
5.0
 77
0
 78
1
 53
45.0
 43
0.0
 44
0.0
 45
-11.2253201515
 46
11.2253201515
 79
0
 98
0
  0
HATCH
  5
FB8
330
17
100
AcDbEntity
  8
BUILDINGS_HATCH
 62
251
100
AcDbHatch
 10
0.0
 20
0.0
 30
0.0
210
0.0
220
0.0
230
1.0
  2
SOLID
 70
1
 71
0
 91
1
 92
3
 72
0
 73
1
 93
8
 10
3137422.4883
 20
318889.5595
 10
3137489.3077
 20
318840.8924
 10
3137517.7154
 20
318879.6658
 10
3137493.399
 20
318897.3663
 10
3137481.528
 20
318881.1533
 10
3137464.3289
 20
318893.6438
 10
3137476.6346
 20
318910.4736
 10
3137451.3079
 20
318928.9132
 97
0
 75
0
 76
1
 98
0
  0
HATCH
  5
FB9
330
17
100
AcDbEntity
  8
BUILDINGS_SHADOW
 62
7
100
AcDbHatch
 10
0.0
 20
0.0
 30
0.0
210
0.0
220
0.0
230
1.0
  2
ANSI31
 70
0
 71
0
 91
1
 92
3
 72
0
 73
1
 93
8
 10
3137416.5715253125
 20
318897.62124778196
 10
3137483.3909253124
 20
318848.954147782
 10
3137511.7986253127
 20
318887.727547782
 10
3137487.482225313
 20
318905.428047782
 10
3137475.6112253126
 20
318889.215047782
 10
3137458.4121253127
 20
318901.705547782
 10
3137470.7178253126
 20
318918.535347782
 10
3137445.3911253125
 20
318936.974947782
 97
0
 75
1
 76
1
 52
0.0
 41
5.0
 77
0
 78
1
 53
45.0
 43
0.0
 44
0.0
 45
-11.2253201515
 46
11.2253201515
 79
0
 98
0
  0
HATCH
  5
FBA
330
17
100
AcDbEntity
  8
BUILDINGS_HATCH
 62
251
100
AcDbHatch
 10
0.0
 20
0.0
 30
0.0
210
0.0
220
0.0
230
1.0
  2
SOLID
 70
1
 71
0
 91
1
 92
3
 72
0
 73
1
 93
8
 10
3137551.5171
 20
318876.7028
 10
3137574.6171
 20
318828.6773
 10
3137649.0272
 20
318864.3074
 10
3137622.7977
 20
318918.7853
 10
3137594.4771
 20
318905.236
 10
3137607.3475
 20
318878.4738
 10
3137580.9329
 20
318865.8203
 10
3137571.1693
 20
318886.1303
 97
0
 75
0
 76
1
 98
0
  0
HATCH
  5
FBB
330
17
100
AcDbEntity
  8
BUILDINGS_SHADOW
 62
7
100
AcDbHatch
 10
0.0
 20
0.0
 30
0.0
210
0.0
220
0.0
230
1.0
  2
ANSI31
 70
0
 71
0
 91
1
 92
3
 72
0
 73
1
 93
8
 10
3137545.6003253125
 20
318884.764547782
 10
3137568.7003253126
 20
318836.739047782
 10
3137643.1104253125
 20
318872.369147782
 10
3137616.8809253126
 20
318926.847047782
 10
3137588.5603253124
 20
318913.29774778197
 10
3137601.430725313
 20
318886.53554778197
 10
3137575.0161253125
 20
318873.882047782
 10
3137565.252525313
 20
318894.192047782
 97
0
 75
1
 76
1
 52
0.0
 41
5.0
 77
0
 78
1
 53
45.0
 43
0.0
 44
0.0
 45
-11.2253201515
 46
11.2253201515
 79
0
 98
0
  0
HATCH
  5
FBC
330
17
100
AcDbEntity
  8
BUILDINGS_HATCH
 62
251
100
AcDbHatch
 10
0.0
 20
0.0
 30
0.0
210
0.0
220
0.0
230
1.0
  2
SOLID
 70
1
 71
0
 91
1
 92
3
 72
0
 73
1
 93
8
 10
3137915.0621
 20
318933.5879
 10
3137949.6483
 20
318932.4805
 10
3137950.0174
 20
318943.6114
 10
3137978.5039
 20
318942.6672
 10
3137979.9948
 20
318988.8697
 10
3137956.2069
 20
318989.6264
 10
3137956.604
 20
319001.3776
 10
3137917.3194
 20
319002.6723
 97
0
 75
0
 76
1
 98
0
  0
HATCH
  5
FBD
330
17
100
AcDbEntity
  8
BUILDINGS_SHADOW
 62
7
100
AcDbHatch
 10
0.0
 20
0.0
 30
0.0
210
0.0
220
0.0
230
1.0
  2
ANSI31
 70
0
 71
0
 91
1
 92
3
 72
0
 73
1
 93
8
 10
3137909.145325313
 20
318941.649647782
 10
3137943.7315253126
 20
318940.542247782
 10
3137944.1006253124
 20
318951.673147782
 10
3137972.5871253125
 20
318950.728947782
 10
3137974.0780253126
 20
318996.931447782
 10
3137950.2901253127
 20
318997.688147782
 10
3137950.6872253125
 20
319009.439347782
 10
3137911.4026253126
 20
319010.73404778197
 97
0
 75
1
 76
1
 52
0.0
 41
5.0
 77
0
 78
1
 53
45.0
 43
0.0
 44
0.0
 45
-11.2253201515
 46
11.2253201515
 79
0
 98
0
  0
HATCH
  5
FBE
330
17
100
AcDbEntity
  8
BUILDINGS_HATCH
 62
251
100
AcDbHatch
 10
0.0
 20
0.0
 30
0.0
210
0.0
220
0.0
230
1.0
  2
SOLID
 70
1
 71
0
 91
1
 92
3
 72
0
 73
1
 93
8
 10
3136887.4833
 20
320098.6335
 10
3136890.1688
 20
320052.3576
 10
3136934.3883
 20
320054.9228
 10
3136931.469
 20
320105.4353
 10
3136924.4156
 20
320105.0232
 10
3136923.6899
 20
320117.4779
 10
3136897.1721
 20
320115.9606
 10
3136898.1311
 20
320099.2327
 97
0
 75
0
 76
1
 98
0
  0
HATCH
  5
FBF
330
17
100
AcDbEntity
  8
BUILDINGS_SHADOW
 62
7
100
AcDbHatch
 10
0.0
 20
0.0
 30
0.0
210
0.0
220
0.0
230
1.0
  2
ANSI31
 70
0
 71
0
 91
1
 92
3
 72
0
 73
1
 93
8
 10
3136881.5665253126
 20
320106.695247782
 10
3136884.2520253127
 20
320060.419347782
 10
3136928.471525313
 20
320062.984547782
 10
3136925.5522253127
 20
320113.497047782
 10
3136918.4988253126
 20
320113.084947782
 10
3136917.7731253128
 20
320125.539647782
 10
3136891.2553253127
 20
320124.022347782
 10
3136892.2143253125
 20
320107.294447782
 97
0
 75
1
 76
1
 52
0.0
 41
5.0
 77
0
 78
1
 53
45.0
 43
0.0
 44
0.0
 45
-11.2253201515
 46
11.2253201515
 79
0
 98
0
  0
HATCH
  5
FC0
330
17
100
AcDbEntity
  8
BUILDINGS_HATCH
 62
251
100
AcDbHatch
 10
0.0
 20
0.0
 30
0.0
210
0.0
220
0.0
230
1.0
  2
SOLID
 70
1
 71
0
 91
1
 92
3
 72
0
 73
1
 93
24
 10
3136853.5272
 20
319025.8648
 10
3136852.6633
 20
318874.8505
 10
3136871.1243
 20
318874.7599
 10
3136870.0536
 20
318685.0885
 10
3136897.5534
 20
318684.9543
 10
3136897.237
 20
318626.2933
 10
3136947.6722
 20
318626.029
 10
3136948.0
 20
318683.4488
 10
3137002.005
 20
318683.1531
 10
3137002.3701
 20
318747.3625
 10
3137041.9361
 20
318747.1582
 10
3137042.453
 20
318838.7451
 10
3137059.3773
 20
318838.6319
 10
3137059.6081
 20
318880.0267
 10
3137042.6839
 20
318880.14
 10
3137042.8316
 20
318907.043
 10
3137061.8123
 20
318906.948
 10
3137062.067
 20
318953.5994
 10
3137043.0637
 20
318953.6945
 10
3137044.027
 20
319121.2448
 10
3137009.8173
 20
319121.4381
 10
3137009.8193
 20
319124.2125
 10
3136876.4147
 20
319124.9561
 10
3136875.8518
 20
319025.74
 97
0
 75
0
 76
1
 98
0
  0
HATCH
  5
FC1
330
17
100
AcDbEntity
  8
BUILDINGS_SHADOW
 62
7
100
AcDbHatch
 10
0.0
 20
0.0
 30
0.0
210
0.0
220
0.0
230
1.0
  2
ANSI31
 70
0
 71
0
 91
1
 92
3
 72
0
 73
1
 93
24
 10
3136847.6104253125
 20
319033.926547782
 10
3136846.746525313
 20
318882.912247782
 10
3136865.2075253124
 20
318882.821647782
 10
3136864.136825313
 20
318693.150247782
 10
3136891.6366253127
 20
318693.016047782
 10
3136891.320225313
 20
318634.355047782
 10
3136941.7554253126
 20
318634.090747782
 10
3136942.0832253126
 20
318691.510547782
 10
3136996.0882253125
 20
318691.214847782
 10
3136996.4533253126
 20
318755.424247782
 10
3137036.0193253127
 20
318755.219947782
 10
3137036.536225313
 20
318846.806847782
 10
3137053.4605253125
 20
318846.69364778197
 10
3137053.6913253125
 20
318888.088447782
 10
3137036.7671253127
 20
318888.201747782
 10
3137036.914825313
 20
318915.104747782
 10
3137055.8955253125
 20
318915.00974778197
 10
3137056.1502253124
 20
318961.661147782
 10
3137037.1469253125
 20
318961.756247782
 10
3137038.1102253124
 20
319129.306547782
 10
3137003.900525313
 20
319129.499847782
 10
3137003.9025253127
 20
319132.274247782
 10
3136870.4979253127
 20
319133.017847782
 10
3136869.9350253125
 20
319033.801747782
 97
0
 75
1
 76
1
 52
0.0
 41
5.0
 77
0
 78
1
 53
45.0
 43
0.0
 44
0.0
 45
-11.2253201515
 46
11.2253201515
 79
0
 98
0
  0
HATCH
  5
FC2
330
17
100
AcDbEntity
  8
BUILDINGS_HATCH
 62
251
100
AcDbHatch
 10
0.0
 20
0.0
 30
0.0
210
0.0
220
0.0
230
1.0
  2
SOLID
 70
1
 71
0
 91
1
 92
3
 72
0
 73
1
 93
4
 10
3137493.4027
 20
320447.0469
 10
3137607.9463
 20
320422.5637
 10
3137614.2852
 20
320452.15
 10
3137499.7647
 20
320476.6694
 97
0
 75
0
 76
1
 98
0
  0
HATCH
  5
FC3
330
17
100
AcDbEntity
  8
BUILDINGS_SHADOW
 62
7
100
AcDbHatch
 10
0.0
 20
0.0
 30
0.0
210
0.0
220
0.0
230
1.0
  2
ANSI31
 70
0
 71
0
 91
1
 92
3
 72
0
 73
1
 93
4
 10
3137487.4859253126
 20
320455.108647782
 10
3137602.0295253126
 20
320430.625447782
 10
3137608.3684253125
 20
320460.211747782
 10
3137493.847925313
 20
320484.731147782
 97
0
 75
1
 76
1
 52
0.0
 41
5.0
 77
0
 78
1
 53
45.0
 43
0.0
 44
0.0
 45
-11.2253201515
 46
11.2253201515
 79
0
 98
0
  0
HATCH
  5
FC4
330
17
100
AcDbEntity
  8
BUILDINGS_HATCH
 62
251
100
AcDbHatch
 10
0.0
 20
0.0
 30
0.0
210
0.0
220
0.0
230
1.0
  2
SOLID
 70
1
 71
0
 91
1
 92
3
 72
0
 73
1
 93
4
 10
3137333.8508
 20
320515.041
 10
3137373.3694
 20
320405.067
 10
3137401.9516
 20
320415.255
 10
3137362.4557
 20
320525.2653
 97
0
 75
0
 76
1
 98
0
  0
HATCH
  5
FC5
330
17
100
AcDbEntity
  8
BUILDINGS_SHADOW
 62
7
100
AcDbHatch
 10
0.0
 20
0.0
 30
0.0
210
0.0
220
0.0
230
1.0
  2
ANSI31
 70
0
 71
0
 91
1
 92
3
 72
0
 73
1
 93
4
 10
3137327.934025313
 20
320523.102747782
 10
3137367.452625313
 20
320413.128747782
 10
3137396.0348253124
 20
320423.316747782
 10
3137356.5389253125
 20
320533.327047782
 97
0
 75
1
 76
1
 52
0.0
 41
5.0
 77
0
 78
1
 53
45.0
 43
0.0
 44
0.0
 45
-11.2253201515
 46
11.2253201515
 79
0
 98
0
  0
HATCH
  5
FC6
330
17
100
AcDbEntity
  8
BUILDINGS_HATCH
 62
251
100
AcDbHatch
 10
0.0
 20
0.0
 30
0.0
210
0.0
220
0.0
230
1.0
  2
SOLID
 70
1
 71
0
 91
1
 92
3
 72
0
 73
1
 93
10
 10
3138195.1918
 20
319177.4991
 10
3138222.4932
 20
319172.8788
 10
3138224.9951
 20
319187.6049
 10
3138242.0754
 20
319184.7171
 10
3138239.5012
 20
319169.4805
 10
3138265.6522
 20
319165.0894
 10
3138267.5578
 20
319176.2433
 10
3138279.9225
 20
319174.1635
 10
3138283.9731
 20
319198.0023
 10
3138201.0537
 20
319212.018
 97
0
 75
0
 76
1
 98
0
  0
HATCH
  5
FC7
330
17
100
AcDbEntity
  8
BUILDINGS_SHADOW
 62
7
100
AcDbHatch
 10
0.0
 20
0.0
 30
0.0
210
0.0
220
0.0
230
1.0
  2
ANSI31
 70
0
 71
0
 91
1
 92
3
 72
0
 73
1
 93
10
 10
3138189.275025313
 20
319185.560847782
 10
3138216.5764253126
 20
319180.940547782
 10
3138219.0783253126
 20
319195.66664778197
 10
3138236.1586253126
 20
319192.778847782
 10
3138233.5844253125
 20
319177.542247782
 10
3138259.7354253125
 20
319173.151147782
 10
3138261.6410253127
 20
319184.30504778196
 10
3138274.0057253125
 20
319182.225247782
 10
3138278.0563253127
 20
319206.064047782
 10
3138195.1369253127
 20
319220.079747782
 97
0
 75
1
 76
1
 52
0.0
 41
5.0
 77
0
 78
1
 53
45.0
 43
0.0
 44
0.0
 45
-11.2253201515
 46
11.2253201515
 79
0
 98
0
  0
HATCH
  5
FC8
330
17
100
AcDbEntity
  8
BUILDINGS_HATCH
 62
251
100
AcDbHatch
 10
0.0
 20
0.0
 30
0.0
210
0.0
220
0.0
230
1.0
  2
SOLID
 70
1
 71
0
 91
1
 92
3
 72
0
 73
1
 93
8
 10
3136814.1716
 20
320112.5347
 10
3136818.7961
 20
320040.323
 10
3136878.5494
 20
320044.1009
 10
3136873.944
 20
320115.9474
 10
3136855.6315
 20
320114.7955
 10
3136856.8428
 20
320095.9481
 10
3136838.53
 20
320094.7597
 10
3136837.2997
 20
320114.0089
 97
0
 75
0
 76
1
 98
0
  0
HATCH
  5
FC9
330
17
100
AcDbEntity
  8
BUILDINGS_SHADOW
 62
7
100
AcDbHatch
 10
0.0
 20
0.0
 30
0.0
210
0.0
220
0.0
230
1.0
  2
ANSI31
 70
0
 71
0
 91
1
 92
3
 72
0
 73
1
 93
8
 10
3136808.2548253126
 20
320120.596447782
 10
3136812.8793253126
 20
320048.38474778197
 10
3136872.6326253125
 20
320052.162647782
 10
3136868.027225313
 20
320124.009147782
 10
3136849.714725313
 20
320122.857247782
 10
3136850.926025313
 20
320104.00984778197
 10
3136832.6132253124
 20
320102.821447782
 10
3136831.3829253125
 20
320122.070647782
 97
0
 75
1
 76
1
 52
0.0
 41
5.0
 77
0
 78
1
 53
45.0
 43
0.0
 44
0.0
 45
-11.2253201515
 46
11.2253201515
 79
0
 98
0
  0
HATCH
  5
FCA
330
17
100
AcDbEntity
  8
BUILDINGS_HATCH
 62
251
100
AcDbHatch
 10
0.0
 20
0.0
 30
0.0
210
0.0
220
0.0
230
1.0
  2
SOLID
 70
1
 71
0
 91
1
 92
3
 72
0
 73
1
 93
12
 10
3136912.6034
 20
320271.3724
 10
3136915.509
 20
320221.8821
 10
3136925.1393
 20
320222.4174
 10
3136925.9834
 20
320208.0269
 10
3136951.5292
 20
320209.5163
 10
3136950.6093
 20
320225.5503
 10
3136974.0074
 20
320226.9127
 10
3136974.948
 20
320210.6596
 10
3136995.8596
 20
320211.8981
 10
3136995.0961
 20
320225.1928
 10
3137009.9713
 20
320226.0467
 10
3137007.0093
 20
320276.8516
 97
0
 75
0
 76
1
 98
0
  0
HATCH
  5
FCB
330
17
100
AcDbEntity
  8
BUILDINGS_SHADOW
 62
7
100
AcDbHatch
 10
0.0
 20
0.0
 30
0.0
210
0.0
220
0.0
230
1.0
  2
ANSI31
 70
0
 71
0
 91
1
 92
3
 72
0
 73
1
 93
12
 10
3136906.6866253125
 20
320279.434147782
 10
3136909.5922253127
 20
320229.943847782
 10
3136919.2225253126
 20
320230.47914778197
 10
3136920.0666253124
 20
320216.088647782
 10
3136945.612425313
 20
320217.578047782
 10
3136944.692525313
 20
320233.612047782
 10
3136968.0906253126
 20
320234.974447782
 10
3136969.0312253125
 20
320218.721347782
 10
3136989.9428253127
 20
320219.959847782
 10
3136989.179325313
 20
320233.254547782
 10
3137004.0545253125
 20
320234.108447782
 10
3137001.0925253127
 20
320284.913347782
 97
0
 75
1
 76
1
 52
0.0
 41
5.0
 77
0
 78
1
 53
45.0
 43
0.0
 44
0.0
 45
-11.2253201515
 46
11.2253201515
 79
0
 98
0
  0
HATCH
  5
FCC
330
17
100
AcDbEntity
  8
BUILDINGS_HATCH
 62
251
100
AcDbHatch
 10
0.0
 20
0.0
 30
0.0
210
0.0
220
0.0
230
1.0
  2
SOLID
 70
1
 71
0
 91
1
 92
3
 72
0
 73
1
 93
8
 10
3138366.6153
 20
319644.4654
 10
3138367.3868
 20
319598.4621
 10
3138400.3367
 20
319599.0128
 10
3138400.5795
 20
319585.4673
 10
3138437.9362
 20
319586.0889
 10
3138436.7491
 20
319656.8828
 10
3138398.2851
 20
319656.2344
 10
3138398.4802
 20
319644.9891
 97
0
 75
0
 76
1
 98
0
  0
HATCH
  5
FCD
330
17
100
AcDbEntity
  8
BUILDINGS_SHADOW
 62
7
100
AcDbHatch
 10
0.0
 20
0.0
 30
0.0
210
0.0
220
0.0
230
1.0
  2
ANSI31
 70
0
 71
0
 91
1
 92
3
 72
0
 73
1
 93
8
 10
3138360.698525313
 20
319652.527147782
 10
3138361.4700253126
 20
319606.523847782
 10
3138394.4199253125
 20
319607.074547782
 10
3138394.6627253126
 20
319593.529047782
 10
3138432.0194253125
 20
319594.15064778196
 10
3138430.832325313
 20
319664.944547782
 10
3138392.3683253126
 20
319664.296147782
 10
3138392.5634253128
 20
319653.050847782
 97
0
 75
1
 76
1
 52
0.0
 41
5.0
 77
0
 78
1
 53
45.0
 43
0.0
 44
0.0
 45
-11.2253201515
 46
11.2253201515
 79
0
 98
0
  0
HATCH
  5
FCE
330
17
100
AcDbEntity
  8
BUILDINGS_HATCH
 62
251
100
AcDbHatch
 10
0.0
 20
0.0
 30
0.0
210
0.0
220
0.0
230
1.0
  2
SOLID
 70
1
 71
0
 91
1
 92
3
 72
0
 73
1
 93
4
 10
3137070.5871
 20
320332.4702
 10
3137085.0157
 20
320305.8398
 10
3137188.0439
 20
320361.4384
 10
3137173.5704
 20
320388.1056
 97
0
 75
0
 76
1
 98
0
  0
HATCH
  5
FCF
330
17
100
AcDbEntity
  8
BUILDINGS_SHADOW
 62
7
100
AcDbHatch
 10
0.0
 20
0.0
 30
0.0
210
0.0
220
0.0
230
1.0
  2
ANSI31
 70
0
 71
0
 91
1
 92
3
 72
0
 73
1
 93
4
 10
3137064.6703253128
 20
320340.531947782
 10
3137079.0989253125
 20
320313.901547782
 10
3137182.1271253126
 20
320369.500147782
 10
3137167.6536253127
 20
320396.167347782
 97
0
 75
1
 76
1
 52
0.0
 41
5.0
 77
0
 78
1
 53
45.0
 43
0.0
 44
0.0
 45
-11.2253201515
 46
11.2253201515
 79
0
 98
0
  0
HATCH
  5
FD0
330
17
100
AcDbEntity
  8
BUILDINGS_HATCH
 62
251
100
AcDbHatch
 10
0.0
 20
0.0
 30
0.0
210
0.0
220
0.0
230
1.0
  2
SOLID
 70
1
 71
0
 91
1
 92
3
 72
0
 73
1
 93
4
 10
3138364.2555
 20
319756.7029
 10
3138394.4885
 20
319754.1014
 10
3138404.5477
 20
319870.5376
 10
3138374.292
 20
319873.1028
 97
0
 75
0
 76
1
 98
0
  0
HATCH
  5
FD1
330
17
100
AcDbEntity
  8
BUILDINGS_SHADOW
 62
7
100
AcDbHatch
 10
0.0
 20
0.0
 30
0.0
210
0.0
220
0.0
230
1.0
  2
ANSI31
 70
0
 71
0
 91
1
 92
3
 72
0
 73
1
 93
4
 10
3138358.3387253126
 20
319764.76464778197
 10
3138388.5717253126
 20
319762.163147782
 10
3138398.6309253126
 20
319878.599347782
 10
3138368.3752253125
 20
319881.164547782
 97
0
 75
1
 76
1
 52
0.0
 41
5.0
 77
0
 78
1
 53
45.0
 43
0.0
 44
0.0
 45
-11.2253201515
 46
11.2253201515
 79
0
 98
0
  0
HATCH
  5
FD2
330
17
100
AcDbEntity
  8
BUILDINGS_HATCH
 62
251
100
AcDbHatch
 10
0.0
 20
0.0
 30
0.0
210
0.0
220
0.0
230
1.0
  2
SOLID
 70
1
 71
0
 91
1
 92
3
 72
0
 73
1
 93
8
 10
3138366.9583
 20
319552.1774
 10
3138369.2699
 20
319501.415
 10
3138403.0416
 20
319502.9076
 10
3138403.5909
 20
319490.8195
 10
3138443.7831
 20
319492.6575
 10
3138440.2992
 20
319569.5314
 10
3138400.6725
 20
319567.725
 10
3138401.2952
 20
319553.7015
 97
0
 75
0
 76
1
 98
0
  0
HATCH
  5
FD3
330
17
100
AcDbEntity
  8
BUILDINGS_SHADOW
 62
7
100
AcDbHatch
 10
0.0
 20
0.0
 30
0.0
210
0.0
220
0.0
230
1.0
  2
ANSI31
 70
0
 71
0
 91
1
 92
3
 72
0
 73
1
 93
8
 10
3138361.0415253127
 20
319560.239147782
 10
3138363.353125313
 20
319509.47674778197
 10
3138397.1248253128
 20
319510.96934778197
 10
3138397.674125313
 20
319498.881247782
 10
3138437.8663253128
 20
319500.71924778196
 10
3138434.3824253124
 20
319577.59314778197
 10
3138394.7557253125
 20
319575.78674778197
 10
3138395.3784253127
 20
319561.763247782
 97
0
 75
1
 76
1
 52
0.0
 41
5.0
 77
0
 78
1
 53
45.0
 43
0.0
 44
0.0
 45
-11.2253201515
 46
11.2253201515
 79
0
 98
0
  0
HATCH
  5
FD4
330
17
100
AcDbEntity
  8
BUILDINGS_HATCH
 62
251
100
AcDbHatch
 10
0.0
 20
0.0
 30
0.0
210
0.0
220
0.0
230
1.0
  2
SOLID
 70
1
 71
0
 91
1
 92
3
 72
0
 73
1
 93
4
 10
3138028.3616
 20
320323.9488
 10
3138138.664
 20
320284.6126
 10
3138148.8787
 20
320313.1064
 10
3138038.622
 20
320352.4787
 97
0
 75
0
 76
1
 98
0
  0
HATCH
  5
FD5
330
17
100
AcDbEntity
  8
BUILDINGS_SHADOW
 62
7
100
AcDbHatch
 10
0.0
 20
0.0
 30
0.0
210
0.0
220
0.0
230
1.0
  2
ANSI31
 70
0
 71
0
 91
1
 92
3
 72
0
 73
1
 93
4
 10
3138022.4448253126
 20
320332.010547782
 10
3138132.7472253125
 20
320292.674347782
 10
3138142.9619253124
 20
320321.168147782
 10
3138032.7052253126
 20
320360.54044778197
 97
0
 75
1
 76
1
 52
0.0
 41
5.0
 77
0
 78
1
 53
45.0
 43
0.0
 44
0.0
 45
-11.2253201515
 46
11.2253201515
 79
0
 98
0
  0
HATCH
  5
FD6
330
17
100
AcDbEntity
  8
BUILDINGS_HATCH
 62
251
100
AcDbHatch
 10
0.0
 20
0.0
 30
0.0
210
0.0
220
0.0
230
1.0
  2
SOLID
 70
1
 71
0
 91
1
 92
3
 72
0
 73
1
 93
4
 10
3137195.3347
 20
320406.6038
 10
3137223.9642
 20
320396.5673
 10
3137262.8077
 20
320506.798
 10
3137234.1558
 20
320516.8347
 97
0
 75
0
 76
1
 98
0
  0
HATCH
  5
FD7
330
17
100
AcDbEntity
  8
BUILDINGS_SHADOW
 62
7
100
AcDbHatch
 10
0.0
 20
0.0
 30
0.0
210
0.0
220
0.0
230
1.0
  2
ANSI31
 70
0
 71
0
 91
1
 92
3
 72
0
 73
1
 93
4
 10
3137189.4179253126
 20
320414.665547782
 10
3137218.0474253125
 20
320404.629047782
 10
3137256.8909253124
 20
320514.859747782
 10
3137228.2390253125
 20
320524.896447782
 97
0
 75
1
 76
1
 52
0.0
 41
5.0
 77
0
 78
1
 53
45.0
 43
0.0
 44
0.0
 45
-11.2253201515
 46
11.2253201515
 79
0
 98
0
  0
HATCH
  5
FD8
330
17
100
AcDbEntity
  8
BUILDINGS_HATCH
 62
251
100
AcDbHatch
 10
0.0
 20
0.0
 30
0.0
210
0.0
220
0.0
230
1.0
  2
SOLID
 70
1
 71
0
 91
1
 92
3
 72
0
 73
1
 93
16
 10
3138082.8159
 20
319025.4566
 10
3138130.0506
 20
318969.6998
 10
3138154.6375
 20
318990.4378
 10
3138163.5386
 20
318979.9191
 10
3138229.103
 20
319035.1964
 10
3138208.9296
 20
319058.9923
 10
3138190.2848
 20
319043.2762
 10
3138197.9338
 20
319034.2653
 10
3138169.7956
 20
319010.5285
 10
3138159.9996
 20
319022.0772
 10
3138147.2511
 20
319011.3471
 10
3138140.7433
 20
319019.0704
 10
3138128.5868
 20
319008.8462
 10
3138122.1231
 20
319016.4595
 10
3138132.1626
 20
319024.9135
 10
3138111.3411
 20
319049.5184
 97
0
 75
0
 76
1
 98
0
  0
HATCH
  5
FD9
330
17
100
AcDbEntity
  8
BUILDINGS_SHADOW
 62
7
100
AcDbHatch
 10
0.0
 20
0.0
 30
0.0
210
0.0
220
0.0
230
1.0
  2
ANSI31
 70
0
 71
0
 91
1
 92
3
 72
0
 73
1
 93
16
 10
3138076.8991253125
 20
319033.51834778197
 10
3138124.133825313
 20
318977.761547782
 10
3138148.720725313
 20
318998.499547782
 10
3138157.6218253127
 20
318987.980847782
 10
3138223.1862253128
 20
319043.258147782
 10
3138203.0128253126
 20
319067.054047782
 10
3138184.3680253127
 20
319051.337947782
 10
3138192.017025313
 20
319042.327047782
 10
3138163.8788253125
 20
319018.590247782
 10
3138154.082825313
 20
319030.138947782
 10
3138141.3343253126
 20
319019.408847782
 10
3138134.826525313
 20
319027.132147782
 10
3138122.670025313
 20
319016.907947782
 10
3138116.2063253126
 20
319024.521247782
 10
3138126.2458253126
 20
319032.975247782
 10
3138105.4243253125
 20
319057.580147782
 97
0
 75
1
 76
1
 52
0.0
 41
5.0
 77
0
 78
1
 53
45.0
 43
0.0
 44
0.0
 45
-11.2253201515
 46
11.2253201515
 79
0
 98
0
  0
HATCH
  5
FDA
330
17
100
AcDbEntity
  8
BUILDINGS_HATCH
 62
251
100
AcDbHatch
 10
0.0
 20
0.0
 30
0.0
210
0.0
220
0.0
230
1.0
  2
SOLID
 70
1
 71
0
 91
1
 92
3
 72
0
 73
1
 93
4
 10
3137943.0097
 20
320464.0396
 10
3137995.5508
 20
320359.6108
 10
3138022.6711
 20
320373.1713
 10
3137970.175
 20
320477.5996
 97
0
 75
0
 76
1
 98
0
  0
HATCH
  5
FDB
330
17
100
AcDbEntity
  8
BUILDINGS_SHADOW
 62
7
100
AcDbHatch
 10
0.0
 20
0.0
 30
0.0
210
0.0
220
0.0
230
1.0
  2
ANSI31
 70
0
 71
0
 91
1
 92
3
 72
0
 73
1
 93
4
 10
3137937.0929253125
 20
320472.101347782
 10
3137989.6340253125
 20
320367.672547782
 10
3138016.7543253126
 20
320381.233047782
 10
3137964.2582253125
 20
320485.661347782
 97
0
 75
1
 76
1
 52
0.0
 41
5.0
 77
0
 78
1
 53
45.0
 43
0.0
 44
0.0
 45
-11.2253201515
 46
11.2253201515
 79
0
 98
0
  0
HATCH
  5
FDC
330
17
100
AcDbEntity
  8
BUILDINGS_HATCH
 62
251
100
AcDbHatch
 10
0.0
 20
0.0
 30
0.0
210
0.0
220
0.0
230
1.0
  2
SOLID
 70
1
 71
0
 91
1
 92
3
 72
0
 73
1
 93
8
 10
3136674.639
 20
319740.1054
 10
3136693.2035
 20
319736.5092
 10
3136690.4575
 20
319722.4426
 10
3136740.94
 20
319712.6128
 10
3136751.2134
 20
319765.2352
 10
3136700.3476
 20
319775.1413
 10
3136698.5488
 20
319765.9579
 10
3136680.3678
 20
319769.4777
 97
0
 75
0
 76
1
 98
0
  0
HATCH
  5
FDD
330
17
100
AcDbEntity
  8
BUILDINGS_SHADOW
 62
7
100
AcDbHatch
 10
0.0
 20
0.0
 30
0.0
210
0.0
220
0.0
230
1.0
  2
ANSI31
 70
0
 71
0
 91
1
 92
3
 72
0
 73
1
 93
8
 10
3136668.7222253126
 20
319748.167147782
 10
3136687.2867253125
 20
319744.57094778196
 10
3136684.5407253127
 20
319730.504347782
 10
3136735.0232253126
 20
319720.674547782
 10
3136745.2966253124
 20
319773.296947782
 10
3136694.4308253126
 20
319783.203047782
 10
3136692.6320253126
 20
319774.01964778197
 10
3136674.4510253128
 20
319777.539447782
 97
0
 75
1
 76
1
 52
0.0
 41
5.0
 77
0
 78
1
 53
45.0
 43
0.0
 44
0.0
 45
-11.2253201515
 46
11.2253201515
 79
0
 98
0
  0
HATCH
  5
FDE
330
17
100
AcDbEntity
  8
BUILDINGS_HATCH
 62
251
100
AcDbHatch
 10
0.0
 20
0.0
 30
0.0
210
0.0
220
0.0
230
1.0
  2
SOLID
 70
1
 71
0
 91
1
 92
3
 72
0
 73
1
 93
12
 10
3136686.1999
 20
319807.9389
 10
3136752.585
 20
319795.0478
 10
3136772.9201
 20
319899.3817
 10
3136709.0165
 20
319911.7762
 10
3136706.27
 20
319897.6366
 10
3136728.917
 20
319893.2376
 10
3136724.5619
 20
319870.9716
 10
3136701.1027
 20
319875.5238
 10
3136694.6879
 20
319842.6896
 10
3136713.568
 20
319839.0176
 10
3136711.0119
 20
319825.9714
 10
3136690.4851
 20
319829.9501
 97
0
 75
0
 76
1
 98
0
  0
HATCH
  5
FDF
330
17
100
AcDbEntity
  8
BUILDINGS_SHADOW
 62
7
100
AcDbHatch
 10
0.0
 20
0.0
 30
0.0
210
0.0
220
0.0
230
1.0
  2
ANSI31
 70
0
 71
0
 91
1
 92
3
 72
0
 73
1
 93
12
 10
3136680.2831253125
 20
319816.000647782
 10
3136746.6682253126
 20
319803.109547782
 10
3136767.003325313
 20
319907.443447782
 10
3136703.0997253126
 20
319919.837947782
 10
3136700.3532253127
 20
319905.698347782
 10
3136723.0002253125
 20
319901.299347782
 10
3136718.6451253127
 20
319879.033347782
 10
3136695.185925313
 20
319883.585547782
 10
3136688.7711253124
 20
319850.751347782
 10
3136707.6512253126
 20
319847.079347782
 10
3136705.0951253125
 20
319834.033147782
 10
3136684.568325313
 20
319838.011847782
 97
0
 75
1
 76
1
 52
0.0
 41
5.0
 77
0
 78
1
 53
45.0
 43
0.0
 44
0.0
 45
-11.2253201515
 46
11.2253201515
 79
0
 98
0
  0
HATCH
  5
FE0
330
17
100
AcDbEntity
  8
BUILDINGS_HATCH
 62
251
100
AcDbHatch
 10
0.0
 20
0.0
 30
0.0
210
0.0
220
0.0
230
1.0
  2
SOLID
 70
1
 71
0
 91
1
 92
3
 72
0
 73
1
 93
8
 10
3138375.2003
 20
319461.3533
 10
3138377.112
 20
319413.9529
 10
3138405.9097
 20
319415.0875
 10
3138406.5241
 20
319400.115
 10
3138444.2733
 20
319401.6459
 10
3138441.3007
 20
319474.9743
 10
3138401.8115
 20
319473.4222
 10
3138402.2574
 20
319462.4302
 97
0
 75
0
 76
1
 98
0
  0
HATCH
  5
FE1
330
17
100
AcDbEntity
  8
BUILDINGS_SHADOW
 62
7
100
AcDbHatch
 10
0.0
 20
0.0
 30
0.0
210
0.0
220
0.0
230
1.0
  2
ANSI31
 70
0
 71
0
 91
1
 92
3
 72
0
 73
1
 93
8
 10
3138369.283525313
 20
319469.415047782
 10
3138371.195225313
 20
319422.01464778197
 10
3138399.992925313
 20
319423.149247782
 10
3138400.6073253127
 20
319408.176747782
 10
3138438.3565253126
 20
319409.707647782
 10
3138435.3839253127
 20
319483.036047782
 10
3138395.8947253125
 20
319481.48394778196
 10
3138396.3406253126
 20
319470.491947782
 97
0
 75
1
 76
1
 52
0.0
 41
5.0
 77
0
 78
1
 53
45.0
 43
0.0
 44
0.0
 45
-11.2253201515
 46
11.2253201515
 79
0
 98
0
  0
HATCH
  5
FE2
330
17
100
AcDbEntity
  8
BUILDINGS_HATCH
 62
251
100
AcDbHatch
 10
0.0
 20
0.0
 30
0.0
210
0.0
220
0.0
230
1.0
  2
SOLID
 70
1
 71
0
 91
1
 92
3
 72
0
 73
1
 93
8
 10
3138217.9546
 20
319080.5971
 10
3138261.5025
 20
319073.3154
 10
3138276.0933
 20
319160.1061
 10
3138240.0595
 20
319166.1537
 10
3138236.2451
 20
319143.481
 10
3138248.0459
 20
319141.5156
 10
3138243.1337
 20
319112.2086
 10
3138223.8193
 20
319115.4446
 97
0
 75
0
 76
1
 98
0
  0
HATCH
  5
FE3
330
17
100
AcDbEntity
  8
BUILDINGS_SHADOW
 62
7
100
AcDbHatch
 10
0.0
 20
0.0
 30
0.0
210
0.0
220
0.0
230
1.0
  2
ANSI31
 70
0
 71
0
 91
1
 92
3
 72
0
 73
1
 93
8
 10
3138212.0378253125
 20
319088.658847782
 10
3138255.5857253126
 20
319081.377147782
 10
3138270.1765253125
 20
319168.16784778197
 10
3138234.1427253126
 20
319174.215447782
 10
3138230.3283253126
 20
319151.542747782
 10
3138242.1291253124
 20
319149.577347782
 10
3138237.2169253128
 20
319120.270347782
 10
3138217.9025253127
 20
319123.506347782
 97
0
 75
1
 76
1
 52
0.0
 41
5.0
 77
0
 78
1
 53
45.0
 43
0.0
 44
0.0
 45
-11.2253201515
 46
11.2253201515
 79
0
 98
0
  0
HATCH
  5
FE4
330
17
100
AcDbEntity
  8
BUILDINGS_HATCH
 62
251
100
AcDbHatch
 10
0.0
 20
0.0
 30
0.0
210
0.0
220
0.0
230
1.0
  2
SOLID
 70
1
 71
0
 91
1
 92
3
 72
0
 73
1
 93
4
 10
3136921.0228
 20
320318.864
 10
3137036.7062
 20
320300.6091
 10
3137041.4673
 20
320330.5012
 10
3136925.7618
 20
320348.7928
 97
0
 75
0
 76
1
 98
0
  0
HATCH
  5
FE5
330
17
100
AcDbEntity
  8
BUILDINGS_SHADOW
 62
7
100
AcDbHatch
 10
0.0
 20
0.0
 30
0.0
210
0.0
220
0.0
230
1.0
  2
ANSI31
 70
0
 71
0
 91
1
 92
3
 72
0
 73
1
 93
4
 10
3136915.1060253126
 20
320326.925747782
 10
3137030.7894253125
 20
320308.670847782
 10
3137035.550525313
 20
320338.562947782
 10
3136919.8450253126
 20
320356.854547782
 97
0
 75
1
 76
1
 52
0.0
 41
5.0
 77
0
 78
1
 53
45.0
 43
0.0
 44
0.0
 45
-11.2253201515
 46
11.2253201515
 79
0
 98
0
  0
HATCH
  5
FE6
330
17
100
AcDbEntity
  8
BUILDINGS_HATCH
 62
251
100
AcDbHatch
 10
0.0
 20
0.0
 30
0.0
210
0.0
220
0.0
230
1.0
  2
SOLID
 70
1
 71
0
 91
1
 92
3
 72
0
 73
1
 93
12
 10
3136722.4267
 20
319935.9332
 10
3136740.206
 20
319933.0011
 10
3136738.9412
 20
319925.4192
 10
3136773.9809
 20
319919.6327
 10
3136788.6372
 20
320007.8817
 10
3136753.0338
 20
320013.7828
 10
3136751.1476
 20
320002.3734
 10
3136735.7148
 20
320004.9196
 10
3136732.1105
 20
319983.231
 10
3136748.2201
 20
319980.5693
 10
3136743.422
 20
319951.6632
 10
3136725.53
 20
319954.6328
 97
0
 75
0
 76
1
 98
0
  0
HATCH
  5
FE7
330
17
100
AcDbEntity
  8
BUILDINGS_SHADOW
 62
7
100
AcDbHatch
 10
0.0
 20
0.0
 30
0.0
210
0.0
220
0.0
230
1.0
  2
ANSI31
 70
0
 71
0
 91
1
 92
3
 72
0
 73
1
 93
12
 10
3136716.509925313
 20
319943.994947782
 10
3136734.2892253124
 20
319941.062847782
 10
3136733.0244253124
 20
319933.480947782
 10
3136768.0641253125
 20
319927.694447782
 10
3136782.720425313
 20
320015.943447782
 10
3136747.1170253125
 20
320021.844547782
 10
3136745.2308253124
 20
320010.435147782
 10
3136729.798025313
 20
320012.981347782
 10
3136726.1937253126
 20
319991.292747782
 10
3136742.3033253127
 20
319988.63104778196
 10
3136737.5052253124
 20
319959.724947782
 10
3136719.6132253124
 20
319962.694547782
 97
0
 75
1
 76
1
 52
0.0
 41
5.0
 77
0
 78
1
 53
45.0
 43
0.0
 44
0.0
 45
-11.2253201515
 46
11.2253201515
 79
0
 98
0
  0
HATCH
  5
FE8
330
17
100
AcDbEntity
  8
BUILDINGS_HATCH
 62
251
100
AcDbHatch
 10
0.0
 20
0.0
 30
0.0
210
0.0
220
0.0
230
1.0
  2
SOLID
 70
1
 71
0
 91
1
 92
3
 72
0
 73
1
 93
12
 10
3137905.8941
 20
318885.5182
 10
3137950.3605
 20
318828.4711
 10
3137977.8454
 20
318849.8039
 10
3137986.7163
 20
318838.4093
 10
3138055.9966
 20
318892.1199
 10
3138032.4226
 20
318922.3709
 10
3138010.8763
 20
318905.6584
 10
3138021.736
 20
318891.7275
 10
3137995.8667
 20
318871.658
 10
3137982.0575
 20
318889.375
 10
3137960.9207
 20
318872.9875
 10
3137934.1069
 20
318907.3922
 97
0
 75
0
 76
1
 98
0
  0
HATCH
  5
FE9
330
17
100
AcDbEntity
  8
BUILDINGS_SHADOW
 62
7
100
AcDbHatch
 10
0.0
 20
0.0
 30
0.0
210
0.0
220
0.0
230
1.0
  2
ANSI31
 70
0
 71
0
 91
1
 92
3
 72
0
 73
1
 93
12
 10
3137899.977325313
 20
318893.579947782
 10
3137944.4437253126
 20
318836.532847782
 10
3137971.9286253126
 20
318857.865647782
 10
3137980.7995253126
 20
318846.471047782
 10
3138050.079825313
 20
318900.181647782
 10
3138026.505825313
 20
318930.43264778197
 10
3138004.9595253128
 20
318913.720147782
 10
3138015.8192253127
 20
318899.78924778197
 10
3137989.949925313
 20
318879.719747782
 10
3137976.1407253128
 20
318897.436747782
 10
3137955.003925313
 20
318881.049247782
 10
3137928.1901253127
 20
318915.453947782
 97
0
 75
1
 76
1
 52
0.0
 41
5.0
 77
0
 78
1
 53
45.0
 43
0.0
 44
0.0
 45
-11.2253201515
 46
11.2253201515
 79
0
 98
0
  0
HATCH
  5
FEA
330
17
100
AcDbEntity
  8
BUILDINGS_HATCH
 62
251
100
AcDbHatch
 10
0.0
 20
0.0
 30
0.0
210
0.0
220
0.0
230
1.0
  2
SOLID
 70
1
 71
0
 91
1
 92
3
 72
0
 73
1
 93
4
 10
3138221.6484
 20
320180.8298
 10
3138335.0456
 20
320151.5432
 10
3138342.6462
 20
320180.8631
 10
3138229.2493
 20
320210.1497
 97
0
 75
0
 76
1
 98
0
  0
HATCH
  5
FEB
330
17
100
AcDbEntity
  8
BUILDINGS_SHADOW
 62
7
100
AcDbHatch
 10
0.0
 20
0.0
 30
0.0
210
0.0
220
0.0
230
1.0
  2
ANSI31
 70
0
 71
0
 91
1
 92
3
 72
0
 73
1
 93
4
 10
3138215.7316253125
 20
320188.891547782
 10
3138329.1288253125
 20
320159.604947782
 10
3138336.7294253125
 20
320188.924847782
 10
3138223.3325253124
 20
320218.211447782
 97
0
 75
1
 76
1
 52
0.0
 41
5.0
 77
0
 78
1
 53
45.0
 43
0.0
 44
0.0
 45
-11.2253201515
 46
11.2253201515
 79
0
 98
0
  0
HATCH
  5
FEC
330
17
100
AcDbEntity
  8
BUILDINGS_HATCH
 62
251
100
AcDbHatch
 10
0.0
 20
0.0
 30
0.0
210
0.0
220
0.0
230
1.0
  2
SOLID
 70
1
 71
0
 91
1
 92
3
 72
0
 73
1
 93
4
 10
3137643.4602
 20
320611.6393
 10
3137651.5384
 20
320495.0802
 10
3137681.8115
 20
320497.1862
 10
3137673.733
 20
320613.7453
 97
0
 75
0
 76
1
 98
0
  0
HATCH
  5
FED
330
17
100
AcDbEntity
  8
BUILDINGS_SHADOW
 62
7
100
AcDbHatch
 10
0.0
 20
0.0
 30
0.0
210
0.0
220
0.0
230
1.0
  2
ANSI31
 70
0
 71
0
 91
1
 92
3
 72
0
 73
1
 93
4
 10
3137637.5434253127
 20
320619.701047782
 10
3137645.6216253126
 20
320503.141947782
 10
3137675.8947253125
 20
320505.247947782
 10
3137667.8162253127
 20
320621.807047782
 97
0
 75
1
 76
1
 52
0.0
 41
5.0
 77
0
 78
1
 53
45.0
 43
0.0
 44
0.0
 45
-11.2253201515
 46
11.2253201515
 79
0
 98
0
  0
HATCH
  5
FEE
330
17
100
AcDbEntity
  8
BUILDINGS_HATCH
 62
251
100
AcDbHatch
 10
0.0
 20
0.0
 30
0.0
210
0.0
220
0.0
230
1.0
  2
SOLID
 70
1
 71
0
 91
1
 92
3
 72
0
 73
1
 93
4
 10
3138381.8409
 20
319904.2485
 10
3138410.9596
 20
319895.7065
 10
3138443.9829
 20
320007.8163
 10
3138414.8415
 20
320016.3219
 97
0
 75
0
 76
1
 98
0
  0
HATCH
  5
FEF
330
17
100
AcDbEntity
  8
BUILDINGS_SHADOW
 62
7
100
AcDbHatch
 10
0.0
 20
0.0
 30
0.0
210
0.0
220
0.0
230
1.0
  2
ANSI31
 70
0
 71
0
 91
1
 92
3
 72
0
 73
1
 93
4
 10
3138375.924125313
 20
319912.310247782
 10
3138405.042825313
 20
319903.76824778196
 10
3138438.066125313
 20
320015.878047782
 10
3138408.9247253127
 20
320024.383647782
 97
0
 75
1
 76
1
 52
0.0
 41
5.0
 77
0
 78
1
 53
45.0
 43
0.0
 44
0.0
 45
-11.2253201515
 46
11.2253201515
 79
0
 98
0
  0
HATCH
  5
FF0
330
17
100
AcDbEntity
  8
BUILDINGS_HATCH
 62
251
100
AcDbHatch
 10
0.0
 20
0.0
 30
0.0
210
0.0
220
0.0
230
1.0
  2
SOLID
 70
1
 71
0
 91
1
 92
3
 72
0
 73
1
 93
12
 10
3138376.6053
 20
319374.2032
 10
3138387.3799
 20
319244.917
 10
3138421.2315
 20
319247.7231
 10
3138418.9819
 20
319274.6472
 10
3138406.3867
 20
319273.6259
 10
3138403.8916
 20
319303.4725
 10
3138418.9293
 20
319304.7279
 10
3138416.4762
 20
319334.209
 10
3138404.5592
 20
319333.2183
 10
3138403.5786
 20
319345.0911
 10
3138419.204
 20
319346.3778
 10
3138416.6072
 20
319377.503
 97
0
 75
0
 76
1
 98
0
  0
HATCH
  5
FF1
330
17
100
AcDbEntity
  8
BUILDINGS_SHADOW
 62
7
100
AcDbHatch
 10
0.0
 20
0.0
 30
0.0
210
0.0
220
0.0
230
1.0
  2
ANSI31
 70
0
 71
0
 91
1
 92
3
 72
0
 73
1
 93
12
 10
3138370.6885253126
 20
319382.264947782
 10
3138381.4631253127
 20
319252.978747782
 10
3138415.314725313
 20
319255.784847782
 10
3138413.0651253127
 20
319282.708947782
 10
3138400.469925313
 20
319281.687647782
 10
3138397.974825313
 20
319311.53424778196
 10
3138413.0125253126
 20
319312.789647782
 10
3138410.5594253126
 20
319342.27074778196
 10
3138398.6424253127
 20
319341.280047782
 10
3138397.661825313
 20
319353.152847782
 10
3138413.2872253126
 20
319354.439547782
 10
3138410.6904253126
 20
319385.564747782
 97
0
 75
1
 76
1
 52
0.0
 41
5.0
 77
0
 78
1
 53
45.0
 43
0.0
 44
0.0
 45
-11.2253201515
 46
11.2253201515
 79
0
 98
0
  0
HATCH
  5
FF2
330
17
100
AcDbEntity
  8
BUILDINGS_HATCH
 62
251
100
AcDbHatch
 10
0.0
 20
0.0
 30
0.0
210
0.0
220
0.0
230
1.0
  2
SOLID
 70
1
 71
0
 91
1
 92
3
 72
0
 73
1
 93
4
 10
3137762.1993
 20
320606.979
 10
3137770.301
 20
320490.4197
 10
3137800.5737
 20
320492.4895
 10
3137792.4944
 20
320609.0485
 97
0
 75
0
 76
1
 98
0
  0
HATCH
  5
FF3
330
17
100
AcDbEntity
  8
BUILDINGS_SHADOW
 62
7
100
AcDbHatch
 10
0.0
 20
0.0
 30
0.0
210
0.0
220
0.0
230
1.0
  2
ANSI31
 70
0
 71
0
 91
1
 92
3
 72
0
 73
1
 93
4
 10
3137756.2825253126
 20
320615.040747782
 10
3137764.3842253126
 20
320498.481447782
 10
3137794.6569253127
 20
320500.551247782
 10
3137786.577625313
 20
320617.11024778197
 97
0
 75
1
 76
1
 52
0.0
 41
5.0
 77
0
 78
1
 53
45.0
 43
0.0
 44
0.0
 45
-11.2253201515
 46
11.2253201515
 79
0
 98
0
  0
HATCH
  5
FF4
330
17
100
AcDbEntity
  8
BUILDINGS_HATCH
 62
251
100
AcDbHatch
 10
0.0
 20
0.0
 30
0.0
210
0.0
220
0.0
230
1.0
  2
SOLID
 70
1
 71
0
 91
1
 92
3
 72
0
 73
1
 93
16
 10
3136801.933
 20
320245.9601
 10
3136805.472
 20
320201.6844
 10
3136818.6769
 20
320202.7355
 10
3136817.4992
 20
320217.7131
 10
3136835.8367
 20
320219.1567
 10
3136836.9757
 20
320204.9096
 10
3136864.2674
 20
320207.0771
 10
3136863.0464
 20
320222.274
 10
3136885.9291
 20
320224.1155
 10
3136887.1908
 20
320208.4071
 10
3136902.0011
 20
320209.5901
 10
3136898.4202
 20
320254.2676
 10
3136878.3641
 20
320252.6566
 10
3136877.0007
 20
320269.6436
 10
3136820.3826
 20
320265.1442
 10
3136821.7855
 20
320247.5363
 97
0
 75
0
 76
1
 98
0
  0
HATCH
  5
FF5
330
17
100
AcDbEntity
  8
BUILDINGS_SHADOW
 62
7
100
AcDbHatch
 10
0.0
 20
0.0
 30
0.0
210
0.0
220
0.0
230
1.0
  2
ANSI31
 70
0
 71
0
 91
1
 92
3
 72
0
 73
1
 93
16
 10
3136796.016225313
 20
320254.021847782
 10
3136799.5552253127
 20
320209.746147782
 10
3136812.7601253125
 20
320210.797247782
 10
3136811.5824253126
 20
320225.774847782
 10
3136829.9199253125
 20
320227.218447782
 10
3136831.0589253125
 20
320212.971347782
 10
3136858.3506253124
 20
320215.138847782
 10
3136857.1296253125
 20
320230.33574778197
 10
3136880.0123253125
 20
320232.177247782
 10
3136881.2740253126
 20
320216.468847782
 10
3136896.0843253126
 20
320217.65184778196
 10
3136892.5034253127
 20
320262.329347782
 10
3136872.4473253125
 20
320260.718347782
 10
3136871.083925313
 20
320277.705347782
 10
3136814.465825313
 20
320273.205947782
 10
3136815.868725313
 20
320255.59804778197
 97
0
 75
1
 76
1
 52
0.0
 41
5.0
 77
0
 78
1
 53
45.0
 43
0.0
 44
0.0
 45
-11.2253201515
 46
11.2253201515
 79
0
 98
0
  0
HATCH
  5
FF6
330
17
100
AcDbEntity
  8
BUILDINGS_HATCH
 62
251
100
AcDbHatch
 10
0.0
 20
0.0
 30
0.0
210
0.0
220
0.0
230
1.0
  2
SOLID
 70
1
 71
0
 91
1
 92
3
 72
0
 73
1
 93
4
 10
3137454.9101
 20
320535.1085
 10
3137483.4701
 20
320524.8905
 10
3137523.0322
 20
320634.86
 10
3137494.4498
 20
320645.0781
 97
0
 75
0
 76
1
 98
0
  0
HATCH
  5
FF7
330
17
100
AcDbEntity
  8
BUILDINGS_SHADOW
 62
7
100
AcDbHatch
 10
0.0
 20
0.0
 30
0.0
210
0.0
220
0.0
230
1.0
  2
ANSI31
 70
0
 71
0
 91
1
 92
3
 72
0
 73
1
 93
4
 10
3137448.9933253126
 20
320543.17024778196
 10
3137477.5533253127
 20
320532.95224778197
 10
3137517.1154253124
 20
320642.921747782
 10
3137488.5330253127
 20
320653.139847782
 97
0
 75
1
 76
1
 52
0.0
 41
5.0
 77
0
 78
1
 53
45.0
 43
0.0
 44
0.0
 45
-11.2253201515
 46
11.2253201515
 79
0
 98
0
  0
HATCH
  5
FF8
330
17
100
AcDbEntity
  8
BUILDINGS_HATCH
 62
251
100
AcDbHatch
 10
0.0
 20
0.0
 30
0.0
210
0.0
220
0.0
230
1.0
  2
SOLID
 70
1
 71
0
 91
1
 92
3
 72
0
 73
1
 93
4
 10
3138177.7504
 20
320312.5608
 10
3138182.8886
 20
320282.7275
 10
3138298.3425
 20
320302.5219
 10
3138293.1815
 20
320332.3554
 97
0
 75
0
 76
1
 98
0
  0
HATCH
  5
FF9
330
17
100
AcDbEntity
  8
BUILDINGS_SHADOW
 62
7
100
AcDbHatch
 10
0.0
 20
0.0
 30
0.0
210
0.0
220
0.0
230
1.0
  2
ANSI31
 70
0
 71
0
 91
1
 92
3
 72
0
 73
1
 93
4
 10
3138171.8336253124
 20
320320.62254778197
 10
3138176.971825313
 20
320290.78924778197
 10
3138292.4257253124
 20
320310.583647782
 10
3138287.2647253126
 20
320340.417147782
 97
0
 75
1
 76
1
 52
0.0
 41
5.0
 77
0
 78
1
 53
45.0
 43
0.0
 44
0.0
 45
-11.2253201515
 46
11.2253201515
 79
0
 98
0
  0
HATCH
  5
FFA
330
17
100
AcDbEntity
  8
BUILDINGS_HATCH
 62
251
100
AcDbHatch
 10
0.0
 20
0.0
 30
0.0
210
0.0
220
0.0
230
1.0
  2
SOLID
 70
1
 71
0
 91
1
 92
3
 72
0
 73
1
 93
18
 10
3136495.8902
 20
319509.5197
 10
3136531.2648
 20
319503.1821
 10
3136528.1034
 20
319485.6147
 10
3136517.5903
 20
319487.4968
 10
3136504.3756
 20
319414.2023
 10
3136545.4807
 20
319406.8282
 10
3136537.1382
 20
319360.5407
 10
3136536.8451
 20
319360.6163
 10
3136532.2574
 20
319335.1034
 10
3136591.4563
 20
319324.5022
 10
3136594.2606
 20
319340.0285
 10
3136682.9687
 20
319324.128
 10
3136705.4758
 20
319449.0315
 10
3136684.3594
 20
319452.8329
 10
3136694.936
 20
319511.5854
 10
3136553.0995
 20
319537.011
 10
3136556.2369
 20
319554.4326
 10
3136505.6342
 20
319563.4973
 97
0
 75
0
 76
1
 98
0
  0
HATCH
  5
FFB
330
17
100
AcDbEntity
  8
BUILDINGS_SHADOW
 62
7
100
AcDbHatch
 10
0.0
 20
0.0
 30
0.0
210
0.0
220
0.0
230
1.0
  2
ANSI31
 70
0
 71
0
 91
1
 92
3
 72
0
 73
1
 93
18
 10
3136489.9734253124
 20
319517.581447782
 10
3136525.3480253126
 20
319511.24384778197
 10
3136522.1866253125
 20
319493.67644778197
 10
3136511.6735253124
 20
319495.558547782
 10
3136498.4588253126
 20
319422.264047782
 10
3136539.563925313
 20
319414.889947782
 10
3136531.2214253126
 20
319368.602447782
 10
3136530.9283253127
 20
319368.678047782
 10
3136526.3406253126
 20
319343.165147782
 10
3136585.539525313
 20
319332.563947782
 10
3136588.343825313
 20
319348.090247782
 10
3136677.0519253127
 20
319332.189747782
 10
3136699.559025313
 20
319457.093247782
 10
3136678.4426253126
 20
319460.89464778197
 10
3136689.019225313
 20
319519.647147782
 10
3136547.1827253127
 20
319545.072747782
 10
3136550.3201253125
 20
319562.494347782
 10
3136499.717425313
 20
319571.559047782
 97
0
 75
1
 76
1
 52
0.0
 41
5.0
 77
0
 78
1
 53
45.0
 43
0.0
 44
0.0
 45
-11.2253201515
 46
11.2253201515
 79
0
 98
0
  0
HATCH
  5
FFC
330
17
100
AcDbEntity
  8
BUILDINGS_HATCH
 62
251
100
AcDbHatch
 10
0.0
 20
0.0
 30
0.0
210
0.0
220
0.0
230
1.0
  2
SOLID
 70
1
 71
0
 91
1
 92
3
 72
0
 73
1
 93
4
 10
3137056.0922
 20
320438.3905
 10
3137083.0151
 20
320424.4628
 10
3137137.0303
 20
320528.1341
 10
3137110.0853
 20
320542.0984
 97
0
 75
0
 76
1
 98
0
  0
HATCH
  5
FFD
330
17
100
AcDbEntity
  8
BUILDINGS_SHADOW
 62
7
100
AcDbHatch
 10
0.0
 20
0.0
 30
0.0
210
0.0
220
0.0
230
1.0
  2
ANSI31
 70
0
 71
0
 91
1
 92
3
 72
0
 73
1
 93
4
 10
3137050.1754253125
 20
320446.45224778197
 10
3137077.0983253126
 20
320432.52454778197
 10
3137131.113525313
 20
320536.195847782
 10
3137104.1685253126
 20
320550.160147782
 97
0
 75
1
 76
1
 52
0.0
 41
5.0
 77
0
 78
1
 53
45.0
 43
0.0
 44
0.0
 45
-11.2253201515
 46
11.2253201515
 79
0
 98
0
  0
HATCH
  5
FFE
330
17
100
AcDbEntity
  8
BUILDINGS_HATCH
 62
251
100
AcDbHatch
 10
0.0
 20
0.0
 30
0.0
210
0.0
220
0.0
230
1.0
  2
SOLID
 70
1
 71
0
 91
1
 92
3
 72
0
 73
1
 93
8
 10
3137809.8923
 20
318725.3024
 10
3137810.7063
 20
318694.5579
 10
3137852.0464
 20
318695.6542
 10
3137849.6873
 20
318784.492
 10
3137814.4049
 20
318783.5614
 10
3137815.1197
 20
318756.9428
 10
3137832.5914
 20
318757.4096
 10
3137833.4439
 20
318725.8982
 97
0
 75
0
 76
1
 98
0
  0
HATCH
  5
FFF
330
17
100
AcDbEntity
  8
BUILDINGS_SHADOW
 62
7
100
AcDbHatch
 10
0.0
 20
0.0
 30
0.0
210
0.0
220
0.0
230
1.0
  2
ANSI31
 70
0
 71
0
 91
1
 92
3
 72
0
 73
1
 93
8
 10
3137803.9755253126
 20
318733.364147782
 10
3137804.789525313
 20
318702.619647782
 10
3137846.1296253125
 20
318703.715947782
 10
3137843.7705253125
 20
318792.553747782
 10
3137808.4881253126
 20
318791.623147782
 10
3137809.202925313
 20
318765.004547782
 10
3137826.6746253124
 20
318765.471347782
 10
3137827.5271253125
 20
318733.959947782
 97
0
 75
1
 76
1
 52
0.0
 41
5.0
 77
0
 78
1
 53
45.0
 43
0.0
 44
0.0
 45
-11.2253201515
 46
11.2253201515
 79
0
 98
0
  0
HATCH
  5
1000
330
17
100
AcDbEntity
  8
BUILDINGS_HATCH
 62
251
100
AcDbHatch
 10
0.0
 20
0.0
 30
0.0
210
0.0
220
0.0
230
1.0
  2
SOLID
 70
1
 71
0
 91
1
 92
3
 72
0
 73
1
 93
4
 10
3137333.3608
 20
320566.9922
 10
3137361.9432
 20
320556.7738
 10
3137401.5061
 20
320666.743
 10
3137372.9012
 20
320676.9615
 97
0
 75
0
 76
1
 98
0
  0
HATCH
  5
1001
330
17
100
AcDbEntity
  8
BUILDINGS_SHADOW
 62
7
100
AcDbHatch
 10
0.0
 20
0.0
 30
0.0
210
0.0
220
0.0
230
1.0
  2
ANSI31
 70
0
 71
0
 91
1
 92
3
 72
0
 73
1
 93
4
 10
3137327.4440253126
 20
320575.05394778197
 10
3137356.0264253127
 20
320564.835547782
 10
3137395.5893253125
 20
320674.804747782
 10
3137366.984425313
 20
320685.02324778197
 97
0
 75
1
 76
1
 52
0.0
 41
5.0
 77
0
 78
1
 53
45.0
 43
0.0
 44
0.0
 45
-11.2253201515
 46
11.2253201515
 79
0
 98
0
  0
HATCH
  5
1002
330
17
100
AcDbEntity
  8
BUILDINGS_HATCH
 62
251
100
AcDbHatch
 10
0.0
 20
0.0
 30
0.0
210
0.0
220
0.0
230
1.0
  2
SOLID
 70
1
 71
0
 91
1
 92
3
 72
0
 73
1
 93
4
 10
3138360.1633
 20
320135.1511
 10
3138421.6088
 20
320035.6468
 10
3138447.4393
 20
320051.5557
 10
3138385.9934
 20
320151.0233
 97
0
 75
0
 76
1
 98
0
  0
HATCH
  5
1003
330
17
100
AcDbEntity
  8
BUILDINGS_SHADOW
 62
7
100
AcDbHatch
 10
0.0
 20
0.0
 30
0.0
210
0.0
220
0.0
230
1.0
  2
ANSI31
 70
0
 71
0
 91
1
 92
3
 72
0
 73
1
 93
4
 10
3138354.246525313
 20
320143.212847782
 10
3138415.6920253127
 20
320043.708547782
 10
3138441.522525313
 20
320059.617447782
 10
3138380.0766253127
 20
320159.085047782
 97
0
 75
1
 76
1
 52
0.0
 41
5.0
 77
0
 78
1
 53
45.0
 43
0.0
 44
0.0
 45
-11.2253201515
 46
11.2253201515
 79
0
 98
0
  0
HATCH
  5
1004
330
17
100
AcDbEntity
  8
BUILDINGS_HATCH
 62
251
100
AcDbHatch
 10
0.0
 20
0.0
 30
0.0
210
0.0
220
0.0
230
1.0
  2
SOLID
 70
1
 71
0
 91
1
 92
3
 72
0
 73
1
 93
4
 10
3137948.8952
 20
320506.3703
 10
3137979.0274
 20
320502.7468
 10
3137993.0843
 20
320618.7095
 10
3137962.9301
 20
320622.3697
 97
0
 75
0
 76
1
 98
0
  0
HATCH
  5
1005
330
17
100
AcDbEntity
  8
BUILDINGS_SHADOW
 62
7
100
AcDbHatch
 10
0.0
 20
0.0
 30
0.0
210
0.0
220
0.0
230
1.0
  2
ANSI31
 70
0
 71
0
 91
1
 92
3
 72
0
 73
1
 93
4
 10
3137942.978425313
 20
320514.432047782
 10
3137973.1106253127
 20
320510.808547782
 10
3137987.167525313
 20
320626.771247782
 10
3137957.0133253126
 20
320630.431447782
 97
0
 75
1
 76
1
 52
0.0
 41
5.0
 77
0
 78
1
 53
45.0
 43
0.0
 44
0.0
 45
-11.2253201515
 46
11.2253201515
 79
0
 98
0
  0
HATCH
  5
1006
330
17
100
AcDbEntity
  8
BUILDINGS_HATCH
 62
251
100
AcDbHatch
 10
0.0
 20
0.0
 30
0.0
210
0.0
220
0.0
230
1.0
  2
SOLID
 70
1
 71
0
 91
1
 92
3
 72
0
 73
1
 93
12
 10
3138365.0394
 20
319111.7961
 10
3138406.8785
 20
319100.3317
 10
3138415.7478
 20
319132.561
 10
3138400.4865
 20
319136.7468
 10
3138405.1311
 20
319153.608
 10
3138418.1383
 20
319150.0625
 10
3138424.6499
 20
319173.6972
 10
3138408.6221
 20
319178.0723
 10
3138413.6632
 20
319196.3537
 10
3138427.7072
 20
319192.5071
 10
3138434.3589
 20
319216.6517
 10
3138396.7584
 20
319226.9837
 97
0
 75
0
 76
1
 98
0
  0
HATCH
  5
1007
330
17
100
AcDbEntity
  8
BUILDINGS_SHADOW
 62
7
100
AcDbHatch
 10
0.0
 20
0.0
 30
0.0
210
0.0
220
0.0
230
1.0
  2
ANSI31
 70
0
 71
0
 91
1
 92
3
 72
0
 73
1
 93
12
 10
3138359.122625313
 20
319119.85784778197
 10
3138400.9617253128
 20
319108.393447782
 10
3138409.8310253127
 20
319140.622747782
 10
3138394.5697253128
 20
319144.808547782
 10
3138399.2143253125
 20
319161.669747782
 10
3138412.221525313
 20
319158.124247782
 10
3138418.7331253127
 20
319181.758947782
 10
3138402.7053253124
 20
319186.134047782
 10
3138407.7464253125
 20
319204.41544778197
 10
3138421.7904253127
 20
319200.568847782
 10
3138428.4421253125
 20
319224.713447782
 10
3138390.841625313
 20
319235.045447782
 97
0
 75
1
 76
1
 52
0.0
 41
5.0
 77
0
 78
1
 53
45.0
 43
0.0
 44
0.0
 45
-11.2253201515
 46
11.2253201515
 79
0
 98
0
  0
HATCH
  5
1008
330
17
100
AcDbEntity
  8
BUILDINGS_HATCH
 62
251
100
AcDbHatch
 10
0.0
 20
0.0
 30
0.0
210
0.0
220
0.0
230
1.0
  2
SOLID
 70
1
 71
0
 91
1
 92
3
 72
0
 73
1
 93
4
 10
3137225.6487
 20
320658.6594
 10
3137231.3503
 20
320541.975
 10
3137261.6853
 20
320543.4226
 10
3137255.9838
 20
320660.1435
 97
0
 75
0
 76
1
 98
0
  0
HATCH
  5
1009
330
17
100
AcDbEntity
  8
BUILDINGS_SHADOW
 62
7
100
AcDbHatch
 10
0.0
 20
0.0
 30
0.0
210
0.0
220
0.0
230
1.0
  2
ANSI31
 70
0
 71
0
 91
1
 92
3
 72
0
 73
1
 93
4
 10
3137219.7319253124
 20
320666.721147782
 10
3137225.4335253127
 20
320550.03674778197
 10
3137255.7685253127
 20
320551.484347782
 10
3137250.0670253127
 20
320668.205247782
 97
0
 75
1
 76
1
 52
0.0
 41
5.0
 77
0
 78
1
 53
45.0
 43
0.0
 44
0.0
 45
-11.2253201515
 46
11.2253201515
 79
0
 98
0
  0
HATCH
  5
100A
330
17
100
AcDbEntity
  8
BUILDINGS_HATCH
 62
251
100
AcDbHatch
 10
0.0
 20
0.0
 30
0.0
210
0.0
220
0.0
230
1.0
  2
SOLID
 70
1
 71
0
 91
1
 92
3
 72
0
 73
1
 93
8
 10
3136711.0688
 20
320250.0515
 10
3136730.4518
 20
320196.1439
 10
3136742.5333
 20
320200.4538
 10
3136746.3258
 20
320189.8702
 10
3136764.7542
 20
320196.4602
 10
3136760.4324
 20
320208.5087
 10
3136772.7408
 20
320212.9262
 10
3136753.887
 20
320265.3688
 97
0
 75
0
 76
1
 98
0
  0
HATCH
  5
100B
330
17
100
AcDbEntity
  8
BUILDINGS_SHADOW
 62
7
100
AcDbHatch
 10
0.0
 20
0.0
 30
0.0
210
0.0
220
0.0
230
1.0
  2
ANSI31
 70
0
 71
0
 91
1
 92
3
 72
0
 73
1
 93
8
 10
3136705.1520253127
 20
320258.113247782
 10
3136724.5350253126
 20
320204.205647782
 10
3136736.6165253124
 20
320208.515547782
 10
3136740.409025313
 20
320197.931947782
 10
3136758.8374253125
 20
320204.52194778196
 10
3136754.5156253125
 20
320216.570447782
 10
3136766.8240253124
 20
320220.987947782
 10
3136747.9702253127
 20
320273.430547782
 97
0
 75
1
 76
1
 52
0.0
 41
5.0
 77
0
 78
1
 53
45.0
 43
0.0
 44
0.0
 45
-11.2253201515
 46
11.2253201515
 79
0
 98
0
  0
HATCH
  5
100C
330
17
100
AcDbEntity
  8
BUILDINGS_HATCH
 62
251
100
AcDbHatch
 10
0.0
 20
0.0
 30
0.0
210
0.0
220
0.0
230
1.0
  2
SOLID
 70
1
 71
0
 91
1
 92
3
 72
0
 73
1
 93
4
 10
3136808.36
 20
320440.7677
 10
3136882.2782
 20
320350.1272
 10
3136905.8333
 20
320369.2297
 10
3136831.9377
 20
320459.8699
 97
0
 75
0
 76
1
 98
0
  0
HATCH
  5
100D
330
17
100
AcDbEntity
  8
BUILDINGS_SHADOW
 62
7
100
AcDbHatch
 10
0.0
 20
0.0
 30
0.0
210
0.0
220
0.0
230
1.0
  2
ANSI31
 70
0
 71
0
 91
1
 92
3
 72
0
 73
1
 93
4
 10
3136802.4432253125
 20
320448.829447782
 10
3136876.3614253127
 20
320358.188947782
 10
3136899.9165253127
 20
320377.291447782
 10
3136826.020925313
 20
320467.931647782
 97
0
 75
1
 76
1
 52
0.0
 41
5.0
 77
0
 78
1
 53
45.0
 43
0.0
 44
0.0
 45
-11.2253201515
 46
11.2253201515
 79
0
 98
0
  0
HATCH
  5
100E
330
17
100
AcDbEntity
  8
BUILDINGS_HATCH
 62
251
100
AcDbHatch
 10
0.0
 20
0.0
 30
0.0
210
0.0
220
0.0
230
1.0
  2
SOLID
 70
1
 71
0
 91
1
 92
3
 72
0
 73
1
 93
12
 10
3136548.1085
 20
319842.6037
 10
3136603.3384
 20
319830.5411
 10
3136607.1058
 20
319847.665
 10
3136589.8987
 20
319851.4318
 10
3136594.6316
 20
319872.9644
 10
3136614.0939
 20
319868.703
 10
3136621.0168
 20
319900.2185
 10
3136606.2902
 20
319903.4157
 10
3136609.327
 20
319917.1512
 10
3136623.3545
 20
319914.1062
 10
3136626.1094
 20
319926.6395
 10
3136569.3012
 20
319939.0446
 97
0
 75
0
 76
1
 98
0
  0
HATCH
  5
100F
330
17
100
AcDbEntity
  8
BUILDINGS_SHADOW
 62
7
100
AcDbHatch
 10
0.0
 20
0.0
 30
0.0
210
0.0
220
0.0
230
1.0
  2
ANSI31
 70
0
 71
0
 91
1
 92
3
 72
0
 73
1
 93
12
 10
3136542.1917253127
 20
319850.66544778197
 10
3136597.4216253124
 20
319838.60284778196
 10
3136601.1890253127
 20
319855.72674778197
 10
3136583.9819253124
 20
319859.493547782
 10
3136588.7148253126
 20
319881.026147782
 10
3136608.177125313
 20
319876.76474778197
 10
3136615.1000253125
 20
319908.280247782
 10
3136600.373425313
 20
319911.477447782
 10
3136603.4102253127
 20
319925.212947782
 10
3136617.4377253125
 20
319922.16794778197
 10
3136620.1926253126
 20
319934.701247782
 10
3136563.3844253127
 20
319947.106347782
 97
0
 75
1
 76
1
 52
0.0
 41
5.0
 77
0
 78
1
 53
45.0
 43
0.0
 44
0.0
 45
-11.2253201515
 46
11.2253201515
 79
0
 98
0
  0
HATCH
  5
1010
330
17
100
AcDbEntity
  8
BUILDINGS_HATCH
 62
251
100
AcDbHatch
 10
0.0
 20
0.0
 30
0.0
210
0.0
220
0.0
230
1.0
  2
SOLID
 70
1
 71
0
 91
1
 92
3
 72
0
 73
1
 93
4
 10
3138078.4556
 20
320493.732
 10
3138108.5879
 20
320490.1087
 10
3138122.6439
 20
320606.0716
 10
3138092.4896
 20
320609.7315
 97
0
 75
0
 76
1
 98
0
  0
HATCH
  5
1011
330
17
100
AcDbEntity
  8
BUILDINGS_SHADOW
 62
7
100
AcDbHatch
 10
0.0
 20
0.0
 30
0.0
210
0.0
220
0.0
230
1.0
  2
ANSI31
 70
0
 71
0
 91
1
 92
3
 72
0
 73
1
 93
4
 10
3138072.5388253126
 20
320501.793747782
 10
3138102.671125313
 20
320498.170447782
 10
3138116.7271253127
 20
320614.133347782
 10
3138086.5728253126
 20
320617.793247782
 97
0
 75
1
 76
1
 52
0.0
 41
5.0
 77
0
 78
1
 53
45.0
 43
0.0
 44
0.0
 45
-11.2253201515
 46
11.2253201515
 79
0
 98
0
  0
HATCH
  5
1012
330
17
100
AcDbEntity
  8
BUILDINGS_HATCH
 62
251
100
AcDbHatch
 10
0.0
 20
0.0
 30
0.0
210
0.0
220
0.0
230
1.0
  2
SOLID
 70
1
 71
0
 91
1
 92
3
 72
0
 73
1
 93
12
 10
3136509.8002
 20
319714.4822
 10
3136556.1269
 20
319704.8714
 10
3136559.2655
 20
319719.8837
 10
3136578.0756
 20
319715.9566
 10
3136582.2053
 20
319735.7057
 10
3136564.1621
 20
319739.48
 10
3136569.8016
 20
319766.4072
 10
3136591.0254
 20
319762.0206
 10
3136596.8076
 20
319789.7497
 10
3136580.2301
 20
319793.1824
 10
3136583.2505
 20
319807.6116
 10
3136531.5113
 20
319818.3656
 97
0
 75
0
 76
1
 98
0
  0
HATCH
  5
1013
330
17
100
AcDbEntity
  8
BUILDINGS_SHADOW
 62
7
100
AcDbHatch
 10
0.0
 20
0.0
 30
0.0
210
0.0
220
0.0
230
1.0
  2
ANSI31
 70
0
 71
0
 91
1
 92
3
 72
0
 73
1
 93
12
 10
3136503.8834253126
 20
319722.543947782
 10
3136550.2101253127
 20
319712.933147782
 10
3136553.348725313
 20
319727.945447782
 10
3136572.1588253127
 20
319724.01834778197
 10
3136576.2885253127
 20
319743.767447782
 10
3136558.2453253125
 20
319747.541747782
 10
3136563.8848253125
 20
319774.468947782
 10
3136585.108625313
 20
319770.082347782
 10
3136590.8908253126
 20
319797.811447782
 10
3136574.3133253125
 20
319801.244147782
 10
3136577.3337253127
 20
319815.673347782
 10
3136525.5945253125
 20
319826.427347782
 97
0
 75
1
 76
1
 52
0.0
 41
5.0
 77
0
 78
1
 53
45.0
 43
0.0
 44
0.0
 45
-11.2253201515
 46
11.2253201515
 79
0
 98
0
  0
HATCH
  5
1014
330
17
100
AcDbEntity
  8
BUILDINGS_HATCH
 62
251
100
AcDbHatch
 10
0.0
 20
0.0
 30
0.0
210
0.0
220
0.0
230
1.0
  2
SOLID
 70
1
 71
0
 91
1
 92
3
 72
0
 73
1
 93
8
 10
3136569.4984
 20
319963.7934
 10
3136632.4047
 20
319953.634
 10
3136634.9386
 20
319969.2722
 10
3136617.5651
 20
319972.0913
 10
3136624.1871
 20
320012.9913
 10
3136640.1392
 20
320010.4039
 10
3136644.5617
 20
320037.707
 10
3136583.0769
 20
320047.5982
 97
0
 75
0
 76
1
 98
0
  0
HATCH
  5
1015
330
17
100
AcDbEntity
  8
BUILDINGS_SHADOW
 62
7
100
AcDbHatch
 10
0.0
 20
0.0
 30
0.0
210
0.0
220
0.0
230
1.0
  2
ANSI31
 70
0
 71
0
 91
1
 92
3
 72
0
 73
1
 93
8
 10
3136563.5816253126
 20
319971.855147782
 10
3136626.4879253125
 20
319961.695747782
 10
3136629.0218253126
 20
319977.333947782
 10
3136611.6483253124
 20
319980.15304778196
 10
3136618.270325313
 20
320021.053047782
 10
3136634.2224253127
 20
320018.46564778197
 10
3136638.6449253126
 20
320045.768747782
 10
3136577.160125313
 20
320055.659947782
 97
0
 75
1
 76
1
 52
0.0
 41
5.0
 77
0
 78
1
 53
45.0
 43
0.0
 44
0.0
 45
-11.2253201515
 46
11.2253201515
 79
0
 98
0
  0
HATCH
  5
1016
330
17
100
AcDbEntity
  8
BUILDINGS_HATCH
 62
251
100
AcDbHatch
 10
0.0
 20
0.0
 30
0.0
210
0.0
220
0.0
230
1.0
  2
SOLID
 70
1
 71
0
 91
1
 92
3
 72
0
 73
1
 93
4
 10
3138351.5339
 20
319019.8851
 10
3138389.1112
 20
319011.999
 10
3138402.6921
 20
319076.4575
 10
3138365.1376
 20
319084.3434
 97
0
 75
0
 76
1
 98
0
  0
HATCH
  5
1017
330
17
100
AcDbEntity
  8
BUILDINGS_SHADOW
 62
7
100
AcDbHatch
 10
0.0
 20
0.0
 30
0.0
210
0.0
220
0.0
230
1.0
  2
ANSI31
 70
0
 71
0
 91
1
 92
3
 72
0
 73
1
 93
4
 10
3138345.617125313
 20
319027.946847782
 10
3138383.194425313
 20
319020.060747782
 10
3138396.7753253127
 20
319084.519247782
 10
3138359.2208253127
 20
319092.405147782
 97
0
 75
1
 76
1
 52
0.0
 41
5.0
 77
0
 78
1
 53
45.0
 43
0.0
 44
0.0
 45
-11.2253201515
 46
11.2253201515
 79
0
 98
0
  0
HATCH
  5
1018
330
17
100
AcDbEntity
  8
BUILDINGS_HATCH
 62
251
100
AcDbHatch
 10
0.0
 20
0.0
 30
0.0
210
0.0
220
0.0
230
1.0
  2
SOLID
 70
1
 71
0
 91
1
 92
3
 72
0
 73
1
 93
8
 10
3136643.7495
 20
320193.1167
 10
3136681.1138
 20
320148.9059
 10
3136692.3599
 20
320158.3705
 10
3136700.1863
 20
320149.1382
 10
3136717.283
 20
320163.5156
 10
3136705.141
 20
320177.8603
 10
3136717.1837
 20
320187.9749
 10
3136684.1348
 20
320227.0732
 97
0
 75
0
 76
1
 98
0
  0
HATCH
  5
1019
330
17
100
AcDbEntity
  8
BUILDINGS_SHADOW
 62
7
100
AcDbHatch
 10
0.0
 20
0.0
 30
0.0
210
0.0
220
0.0
230
1.0
  2
ANSI31
 70
0
 71
0
 91
1
 92
3
 72
0
 73
1
 93
8
 10
3136637.8327253126
 20
320201.178447782
 10
3136675.1970253126
 20
320156.967647782
 10
3136686.4431253127
 20
320166.432247782
 10
3136694.269525313
 20
320157.199947782
 10
3136711.3662253125
 20
320171.577347782
 10
3136699.2242253125
 20
320185.922047782
 10
3136711.2669253126
 20
320196.03664778196
 10
3136678.2180253128
 20
320235.134947782
 97
0
 75
1
 76
1
 52
0.0
 41
5.0
 77
0
 78
1
 53
45.0
 43
0.0
 44
0.0
 45
-11.2253201515
 46
11.2253201515
 79
0
 98
0
  0
HATCH
  5
101A
330
17
100
AcDbEntity
  8
BUILDINGS_HATCH
 62
251
100
AcDbHatch
 10
0.0
 20
0.0
 30
0.0
210
0.0
220
0.0
230
1.0
  2
SOLID
 70
1
 71
0
 91
1
 92
3
 72
0
 73
1
 93
8
 10
3137871.7774
 20
318706.3225
 10
3137871.649
 20
318666.0585
 10
3137896.2118
 20
318665.9884
 10
3137896.2619
 20
318684.5325
 10
3137933.4333
 20
318684.3881
 10
3137933.3395
 20
318660.8796
 10
3137958.399
 20
318660.7687
 10
3137958.5259
 20
318706.0339
 97
0
 75
0
 76
1
 98
0
  0
HATCH
  5
101B
330
17
100
AcDbEntity
  8
BUILDINGS_SHADOW
 62
7
100
AcDbHatch
 10
0.0
 20
0.0
 30
0.0
210
0.0
220
0.0
230
1.0
  2
ANSI31
 70
0
 71
0
 91
1
 92
3
 72
0
 73
1
 93
8
 10
3137865.8606253127
 20
318714.384247782
 10
3137865.732225313
 20
318674.120247782
 10
3137890.295025313
 20
318674.05014778196
 10
3137890.3451253125
 20
318692.59424778196
 10
3137927.516525313
 20
318692.449847782
 10
3137927.4227253124
 20
318668.941347782
 10
3137952.482225313
 20
318668.830447782
 10
3137952.6091253124
 20
318714.095647782
 97
0
 75
1
 76
1
 52
0.0
 41
5.0
 77
0
 78
1
 53
45.0
 43
0.0
 44
0.0
 45
-11.2253201515
 46
11.2253201515
 79
0
 98
0
  0
HATCH
  5
101C
330
17
100
AcDbEntity
  8
BUILDINGS_HATCH
 62
251
100
AcDbHatch
 10
0.0
 20
0.0
 30
0.0
210
0.0
220
0.0
230
1.0
  2
SOLID
 70
1
 71
0
 91
1
 92
3
 72
0
 73
1
 93
8
 10
3136599.2544
 20
320121.3045
 10
3136658.6386
 20
320086.0609
 10
3136668.1572
 20
320102.0022
 10
3136653.5923
 20
320110.6737
 10
3136664.258
 20
320128.5761
 10
3136677.2946
 20
320120.8308
 10
3136682.2261
 20
320129.1102
 10
3136624.3703
 20
320163.4275
 97
0
 75
0
 76
1
 98
0
  0
HATCH
  5
101D
330
17
100
AcDbEntity
  8
BUILDINGS_SHADOW
 62
7
100
AcDbHatch
 10
0.0
 20
0.0
 30
0.0
210
0.0
220
0.0
230
1.0
  2
ANSI31
 70
0
 71
0
 91
1
 92
3
 72
0
 73
1
 93
8
 10
3136593.3376253126
 20
320129.366247782
 10
3136652.721825313
 20
320094.122647782
 10
3136662.2404253124
 20
320110.063947782
 10
3136647.675525313
 20
320118.735447782
 10
3136658.3412253126
 20
320136.637847782
 10
3136671.377825313
 20
320128.892547782
 10
3136676.3093253127
 20
320137.171947782
 10
3136618.4535253127
 20
320171.489247782
 97
0
 75
1
 76
1
 52
0.0
 41
5.0
 77
0
 78
1
 53
45.0
 43
0.0
 44
0.0
 45
-11.2253201515
 46
11.2253201515
 79
0
 98
0
  0
HATCH
  5
101E
330
17
100
AcDbEntity
  8
BUILDINGS_HATCH
 62
251
100
AcDbHatch
 10
0.0
 20
0.0
 30
0.0
210
0.0
220
0.0
230
1.0
  2
SOLID
 70
1
 71
0
 91
1
 92
3
 72
0
 73
1
 93
20
 10
3138161.2761
 20
318848.3744
 10
3138184.0303
 20
318817.3643
 10
3138205.5351
 20
318834.5154
 10
3138195.2917
 20
318849.1709
 10
3138207.8197
 20
318857.9316
 10
3138218.6885
 20
318845.0229
 10
3138239.3512
 20
318861.4879
 10
3138228.4181
 20
318874.7987
 10
3138254.5598
 20
318895.0486
 10
3138265.4529
 20
318882.3223
 10
3138286.4799
 20
318899.1126
 10
3138276.6562
 20
318912.6692
 10
3138288.9339
 20
318921.2497
 10
3138298.7456
 20
318908.8979
 10
3138320.7056
 20
318926.4468
 10
3138310.9477
 20
318939.7837
 10
3138323.4148
 20
318949.3482
 10
3138333.8814
 20
318936.9542
 10
3138352.4969
 20
318951.904
 10
3138328.5013
 20
318980.5155
 97
0
 75
0
 76
1
 98
0
  0
HATCH
  5
101F
330
17
100
AcDbEntity
  8
BUILDINGS_SHADOW
 62
7
100
AcDbHatch
 10
0.0
 20
0.0
 30
0.0
210
0.0
220
0.0
230
1.0
  2
ANSI31
 70
0
 71
0
 91
1
 92
3
 72
0
 73
1
 93
20
 10
3138155.3593253125
 20
318856.43614778196
 10
3138178.113525313
 20
318825.426047782
 10
3138199.6183253126
 20
318842.57714778197
 10
3138189.3749253126
 20
318857.232647782
 10
3138201.9029253125
 20
318865.993347782
 10
3138212.771725313
 20
318853.084647782
 10
3138233.4344253126
 20
318869.549647782
 10
3138222.5013253125
 20
318882.860447782
 10
3138248.6430253126
 20
318903.11034778197
 10
3138259.5361253126
 20
318890.384047782
 10
3138280.563125313
 20
318907.174347782
 10
3138270.7394253127
 20
318920.730947782
 10
3138283.0171253127
 20
318929.311447782
 10
3138292.8288253127
 20
318916.959647782
 10
3138314.7888253126
 20
318934.50854778197
 10
3138305.0309253125
 20
318947.845447782
 10
3138317.4980253126
 20
318957.409947782
 10
3138327.9646253125
 20
318945.01594778197
 10
3138346.580125313
 20
318959.965747782
 10
3138322.5845253128
 20
318988.57724778197
 97
0
 75
1
 76
1
 52
0.0
 41
5.0
 77
0
 78
1
 53
45.0
 43
0.0
 44
0.0
 45
-11.2253201515
 46
11.2253201515
 79
0
 98
0
  0
HATCH
  5
1020
330
17
100
AcDbEntity
  8
BUILDINGS_HATCH
 62
251
100
AcDbHatch
 10
0.0
 20
0.0
 30
0.0
210
0.0
220
0.0
230
1.0
  2
SOLID
 70
1
 71
0
 91
1
 92
3
 72
0
 73
1
 93
4
 10
3136930.4463
 20
320576.6165
 10
3136932.3712
 20
320459.7829
 10
3136962.7206
 20
320460.2807
 10
3136960.8181
 20
320577.1141
 97
0
 75
0
 76
1
 98
0
  0
HATCH
  5
1021
330
17
100
AcDbEntity
  8
BUILDINGS_SHADOW
 62
7
100
AcDbHatch
 10
0.0
 20
0.0
 30
0.0
210
0.0
220
0.0
230
1.0
  2
ANSI31
 70
0
 71
0
 91
1
 92
3
 72
0
 73
1
 93
4
 10
3136924.5295253126
 20
320584.678247782
 10
3136926.4544253126
 20
320467.844647782
 10
3136956.8038253128
 20
320468.342447782
 10
3136954.9013253124
 20
320585.175847782
 97
0
 75
1
 76
1
 52
0.0
 41
5.0
 77
0
 78
1
 53
45.0
 43
0.0
 44
0.0
 45
-11.2253201515
 46
11.2253201515
 79
0
 98
0
  0
HATCH
  5
1022
330
17
100
AcDbEntity
  8
BUILDINGS_HATCH
 62
251
100
AcDbHatch
 10
0.0
 20
0.0
 30
0.0
210
0.0
220
0.0
230
1.0
  2
SOLID
 70
1
 71
0
 91
1
 92
3
 72
0
 73
1
 93
20
 10
3137985.7085
 20
318703.2395
 10
3138008.4622
 20
318672.1926
 10
3138029.9674
 20
318689.3435
 10
3138019.7241
 20
318703.9991
 10
3138032.2522
 20
318712.7597
 10
3138043.1211
 20
318699.8509
 10
3138063.7844
 20
318716.3521
 10
3138052.8513
 20
318729.6631
 10
3138078.9935
 20
318749.9128
 10
3138089.8866
 20
318737.1863
 10
3138110.891
 20
318753.9401
 10
3138101.0674
 20
318767.4968
 10
3138113.3452
 20
318776.0772
 10
3138123.1569
 20
318763.7252
 10
3138145.1399
 20
318781.2736
 10
3138135.3595
 20
318794.6109
 10
3138147.8497
 20
318804.2116
 10
3138158.316
 20
318791.7809
 10
3138176.9318
 20
318806.7306
 10
3138152.9366
 20
318835.3788
 97
0
 75
0
 76
1
 98
0
  0
HATCH
  5
1023
330
17
100
AcDbEntity
  8
BUILDINGS_SHADOW
 62
7
100
AcDbHatch
 10
0.0
 20
0.0
 30
0.0
210
0.0
220
0.0
230
1.0
  2
ANSI31
 70
0
 71
0
 91
1
 92
3
 72
0
 73
1
 93
20
 10
3137979.791725313
 20
318711.301247782
 10
3138002.5454253126
 20
318680.254347782
 10
3138024.0506253126
 20
318697.405247782
 10
3138013.807325313
 20
318712.060847782
 10
3138026.3354253126
 20
318720.821447782
 10
3138037.2043253127
 20
318707.912647782
 10
3138057.8676253124
 20
318724.413847782
 10
3138046.934525313
 20
318737.724847782
 10
3138073.0767253125
 20
318757.974547782
 10
3138083.9698253125
 20
318745.248047782
 10
3138104.9742253125
 20
318762.001847782
 10
3138095.1506253127
 20
318775.558547782
 10
3138107.4284253125
 20
318784.138947782
 10
3138117.2401253125
 20
318771.786947782
 10
3138139.2231253125
 20
318789.335347782
 10
3138129.4427253124
 20
318802.672647782
 10
3138141.932925313
 20
318812.273347782
 10
3138152.3992253128
 20
318799.842647782
 10
3138171.0150253125
 20
318814.792347782
 10
3138147.019825313
 20
318843.440547782
 97
0
 75
1
 76
1
 52
0.0
 41
5.0
 77
0
 78
1
 53
45.0
 43
0.0
 44
0.0
 45
-11.2253201515
 46
11.2253201515
 79
0
 98
0
  0
HATCH
  5
1024
330
17
100
AcDbEntity
  8
BUILDINGS_HATCH
 62
251
100
AcDbHatch
 10
0.0
 20
0.0
 30
0.0
210
0.0
220
0.0
230
1.0
  2
SOLID
 70
1
 71
0
 91
1
 92
3
 72
0
 73
1
 93
4
 10
3137106.5301
 20
320689.3187
 10
3137112.2308
 20
320572.6342
 10
3137142.5435
 20
320574.1183
 10
3137136.8651
 20
320690.8025
 97
0
 75
0
 76
1
 98
0
  0
HATCH
  5
1025
330
17
100
AcDbEntity
  8
BUILDINGS_SHADOW
 62
7
100
AcDbHatch
 10
0.0
 20
0.0
 30
0.0
210
0.0
220
0.0
230
1.0
  2
ANSI31
 70
0
 71
0
 91
1
 92
3
 72
0
 73
1
 93
4
 10
3137100.6133253127
 20
320697.380447782
 10
3137106.3140253127
 20
320580.69594778196
 10
3137136.626725313
 20
320582.18004778196
 10
3137130.9483253127
 20
320698.864247782
 97
0
 75
1
 76
1
 52
0.0
 41
5.0
 77
0
 78
1
 53
45.0
 43
0.0
 44
0.0
 45
-11.2253201515
 46
11.2253201515
 79
0
 98
0
  0
HATCH
  5
1026
330
17
100
AcDbEntity
  8
BUILDINGS_HATCH
 62
251
100
AcDbHatch
 10
0.0
 20
0.0
 30
0.0
210
0.0
220
0.0
230
1.0
  2
SOLID
 70
1
 71
0
 91
1
 92
3
 72
0
 73
1
 93
4
 10
3138315.1993
 20
320346.3992
 10
3138341.2275
 20
320330.8022
 10
3138401.4632
 20
320430.9916
 10
3138375.4125
 20
320446.5887
 97
0
 75
0
 76
1
 98
0
  0
HATCH
  5
1027
330
17
100
AcDbEntity
  8
BUILDINGS_SHADOW
 62
7
100
AcDbHatch
 10
0.0
 20
0.0
 30
0.0
210
0.0
220
0.0
230
1.0
  2
ANSI31
 70
0
 71
0
 91
1
 92
3
 72
0
 73
1
 93
4
 10
3138309.2825253126
 20
320354.460947782
 10
3138335.3107253127
 20
320338.86394778197
 10
3138395.5464253128
 20
320439.053347782
 10
3138369.4957253127
 20
320454.650447782
 97
0
 75
1
 76
1
 52
0.0
 41
5.0
 77
0
 78
1
 53
45.0
 43
0.0
 44
0.0
 45
-11.2253201515
 46
11.2253201515
 79
0
 98
0
  0
HATCH
  5
1028
330
17
100
AcDbEntity
  8
BUILDINGS_HATCH
 62
251
100
AcDbHatch
 10
0.0
 20
0.0
 30
0.0
210
0.0
220
0.0
230
1.0
  2
SOLID
 70
1
 71
0
 91
1
 92
3
 72
0
 73
1
 93
4
 10
3137521.7378
 20
320690.4687
 10
3137550.3202
 20
320680.2507
 10
3137589.8815
 20
320790.2203
 10
3137561.2993
 20
320800.4383
 97
0
 75
0
 76
1
 98
0
  0
HATCH
  5
1029
330
17
100
AcDbEntity
  8
BUILDINGS_SHADOW
 62
7
100
AcDbHatch
 10
0.0
 20
0.0
 30
0.0
210
0.0
220
0.0
230
1.0
  2
ANSI31
 70
0
 71
0
 91
1
 92
3
 72
0
 73
1
 93
4
 10
3137515.8210253124
 20
320698.530447782
 10
3137544.4034253126
 20
320688.31244778197
 10
3137583.964725313
 20
320798.282047782
 10
3137555.3825253127
 20
320808.50004778197
 97
0
 75
1
 76
1
 52
0.0
 41
5.0
 77
0
 78
1
 53
45.0
 43
0.0
 44
0.0
 45
-11.2253201515
 46
11.2253201515
 79
0
 98
0
  0
HATCH
  5
102A
330
17
100
AcDbEntity
  8
BUILDINGS_HATCH
 62
251
100
AcDbHatch
 10
0.0
 20
0.0
 30
0.0
210
0.0
220
0.0
230
1.0
  2
SOLID
 70
1
 71
0
 91
1
 92
3
 72
0
 73
1
 93
4
 10
3137762.9518
 20
320669.3232
 10
3137792.2791
 20
320661.5813
 10
3137822.2397
 20
320774.52
 10
3137792.89
 20
320782.262
 97
0
 75
0
 76
1
 98
0
  0
HATCH
  5
102B
330
17
100
AcDbEntity
  8
BUILDINGS_SHADOW
 62
7
100
AcDbHatch
 10
0.0
 20
0.0
 30
0.0
210
0.0
220
0.0
230
1.0
  2
ANSI31
 70
0
 71
0
 91
1
 92
3
 72
0
 73
1
 93
4
 10
3137757.0350253126
 20
320677.384947782
 10
3137786.3623253126
 20
320669.643047782
 10
3137816.3229253124
 20
320782.581747782
 10
3137786.973225313
 20
320790.323747782
 97
0
 75
1
 76
1
 52
0.0
 41
5.0
 77
0
 78
1
 53
45.0
 43
0.0
 44
0.0
 45
-11.2253201515
 46
11.2253201515
 79
0
 98
0
  0
HATCH
  5
102C
330
17
100
AcDbEntity
  8
BUILDINGS_HATCH
 62
251
100
AcDbHatch
 10
0.0
 20
0.0
 30
0.0
210
0.0
220
0.0
230
1.0
  2
SOLID
 70
1
 71
0
 91
1
 92
3
 72
0
 73
1
 93
4
 10
3137640.1311
 20
320692.7831
 10
3137669.4584
 20
320685.041
 10
3137699.4198
 20
320797.9794
 10
3137670.0701
 20
320805.7217
 97
0
 75
0
 76
1
 98
0
  0
HATCH
  5
102D
330
17
100
AcDbEntity
  8
BUILDINGS_SHADOW
 62
7
100
AcDbHatch
 10
0.0
 20
0.0
 30
0.0
210
0.0
220
0.0
230
1.0
  2
ANSI31
 70
0
 71
0
 91
1
 92
3
 72
0
 73
1
 93
4
 10
3137634.2143253125
 20
320700.844847782
 10
3137663.5416253125
 20
320693.102747782
 10
3137693.5030253124
 20
320806.041147782
 10
3137664.153325313
 20
320813.783447782
 97
0
 75
1
 76
1
 52
0.0
 41
5.0
 77
0
 78
1
 53
45.0
 43
0.0
 44
0.0
 45
-11.2253201515
 46
11.2253201515
 79
0
 98
0
  0
HATCH
  5
102E
330
17
100
AcDbEntity
  8
BUILDINGS_HATCH
 62
251
100
AcDbHatch
 10
0.0
 20
0.0
 30
0.0
210
0.0
220
0.0
230
1.0
  2
SOLID
 70
1
 71
0
 91
1
 92
3
 72
0
 73
1
 93
4
 10
3137392.68
 20
320695.8425
 10
3137421.262
 20
320685.5877
 10
3137460.8241
 20
320795.557
 10
3137432.2424
 20
320805.8118
 97
0
 75
0
 76
1
 98
0
  0
HATCH
  5
102F
330
17
100
AcDbEntity
  8
BUILDINGS_SHADOW
 62
7
100
AcDbHatch
 10
0.0
 20
0.0
 30
0.0
210
0.0
220
0.0
230
1.0
  2
ANSI31
 70
0
 71
0
 91
1
 92
3
 72
0
 73
1
 93
4
 10
3137386.763225313
 20
320703.904247782
 10
3137415.3452253127
 20
320693.64944778197
 10
3137454.9073253125
 20
320803.61874778196
 10
3137426.3256253125
 20
320813.873547782
 97
0
 75
1
 76
1
 52
0.0
 41
5.0
 77
0
 78
1
 53
45.0
 43
0.0
 44
0.0
 45
-11.2253201515
 46
11.2253201515
 79
0
 98
0
  0
HATCH
  5
1030
330
17
100
AcDbEntity
  8
BUILDINGS_HATCH
 62
251
100
AcDbHatch
 10
0.0
 20
0.0
 30
0.0
210
0.0
220
0.0
230
1.0
  2
SOLID
 70
1
 71
0
 91
1
 92
3
 72
0
 73
1
 93
4
 10
3137961.6446
 20
320648.3361
 10
3137991.7765
 20
320644.7126
 10
3138005.8333
 20
320760.6754
 10
3137975.6793
 20
320764.3355
 97
0
 75
0
 76
1
 98
0
  0
HATCH
  5
1031
330
17
100
AcDbEntity
  8
BUILDINGS_SHADOW
 62
7
100
AcDbHatch
 10
0.0
 20
0.0
 30
0.0
210
0.0
220
0.0
230
1.0
  2
ANSI31
 70
0
 71
0
 91
1
 92
3
 72
0
 73
1
 93
4
 10
3137955.727825313
 20
320656.397847782
 10
3137985.859725313
 20
320652.774347782
 10
3137999.9165253127
 20
320768.737147782
 10
3137969.7625253126
 20
320772.397247782
 97
0
 75
1
 76
1
 52
0.0
 41
5.0
 77
0
 78
1
 53
45.0
 43
0.0
 44
0.0
 45
-11.2253201515
 46
11.2253201515
 79
0
 98
0
  0
HATCH
  5
1032
330
17
100
AcDbEntity
  8
BUILDINGS_HATCH
 62
251
100
AcDbHatch
 10
0.0
 20
0.0
 30
0.0
210
0.0
220
0.0
230
1.0
  2
SOLID
 70
1
 71
0
 91
1
 92
3
 72
0
 73
1
 93
4
 10
3138222.6316
 20
320586.2107
 10
3138256.6493
 20
320474.3889
 10
3138285.6931
 20
320483.1873
 10
3138251.7201
 20
320594.9722
 97
0
 75
0
 76
1
 98
0
  0
HATCH
  5
1033
330
17
100
AcDbEntity
  8
BUILDINGS_SHADOW
 62
7
100
AcDbHatch
 10
0.0
 20
0.0
 30
0.0
210
0.0
220
0.0
230
1.0
  2
ANSI31
 70
0
 71
0
 91
1
 92
3
 72
0
 73
1
 93
4
 10
3138216.7148253126
 20
320594.272447782
 10
3138250.732525313
 20
320482.450647782
 10
3138279.7763253124
 20
320491.249047782
 10
3138245.8033253127
 20
320603.033947782
 97
0
 75
1
 76
1
 52
0.0
 41
5.0
 77
0
 78
1
 53
45.0
 43
0.0
 44
0.0
 45
-11.2253201515
 46
11.2253201515
 79
0
 98
0
  0
HATCH
  5
1034
330
17
100
AcDbEntity
  8
BUILDINGS_HATCH
 62
251
100
AcDbHatch
 10
0.0
 20
0.0
 30
0.0
210
0.0
220
0.0
230
1.0
  2
SOLID
 70
1
 71
0
 91
1
 92
3
 72
0
 73
1
 93
4
 10
3137227.4787
 20
320702.0844
 10
3137257.063
 20
320695.3249
 10
3137283.2171
 20
320809.2089
 10
3137253.6105
 20
320815.9685
 97
0
 75
0
 76
1
 98
0
  0
HATCH
  5
1035
330
17
100
AcDbEntity
  8
BUILDINGS_SHADOW
 62
7
100
AcDbHatch
 10
0.0
 20
0.0
 30
0.0
210
0.0
220
0.0
230
1.0
  2
ANSI31
 70
0
 71
0
 91
1
 92
3
 72
0
 73
1
 93
4
 10
3137221.5619253125
 20
320710.146147782
 10
3137251.1462253127
 20
320703.386647782
 10
3137277.3003253127
 20
320817.270647782
 10
3137247.6937253126
 20
320824.030247782
 97
0
 75
1
 76
1
 52
0.0
 41
5.0
 77
0
 78
1
 53
45.0
 43
0.0
 44
0.0
 45
-11.2253201515
 46
11.2253201515
 79
0
 98
0
  0
HATCH
  5
1036
330
17
100
AcDbEntity
  8
BUILDINGS_HATCH
 62
251
100
AcDbHatch
 10
0.0
 20
0.0
 30
0.0
210
0.0
220
0.0
230
1.0
  2
SOLID
 70
1
 71
0
 91
1
 92
3
 72
0
 73
1
 93
4
 10
3136802.4309
 20
320490.6863
 10
3136832.7666
 20
320489.6507
 10
3136836.7392
 20
320606.432
 10
3136806.3811
 20
320607.4678
 97
0
 75
0
 76
1
 98
0
  0
HATCH
  5
1037
330
17
100
AcDbEntity
  8
BUILDINGS_SHADOW
 62
7
100
AcDbHatch
 10
0.0
 20
0.0
 30
0.0
210
0.0
220
0.0
230
1.0
  2
ANSI31
 70
0
 71
0
 91
1
 92
3
 72
0
 73
1
 93
4
 10
3136796.5141253127
 20
320498.748047782
 10
3136826.849825313
 20
320497.712447782
 10
3136830.822425313
 20
320614.49374778196
 10
3136800.4643253125
 20
320615.529547782
 97
0
 75
1
 76
1
 52
0.0
 41
5.0
 77
0
 78
1
 53
45.0
 43
0.0
 44
0.0
 45
-11.2253201515
 46
11.2253201515
 79
0
 98
0
  0
HATCH
  5
1038
330
17
100
AcDbEntity
  8
BUILDINGS_HATCH
 62
251
100
AcDbHatch
 10
0.0
 20
0.0
 30
0.0
210
0.0
220
0.0
230
1.0
  2
SOLID
 70
1
 71
0
 91
1
 92
3
 72
0
 73
1
 93
4
 10
3138091.8789
 20
320640.5107
 10
3138122.0109
 20
320636.8875
 10
3138136.0667
 20
320752.8503
 10
3138105.9127
 20
320756.5102
 97
0
 75
0
 76
1
 98
0
  0
HATCH
  5
1039
330
17
100
AcDbEntity
  8
BUILDINGS_SHADOW
 62
7
100
AcDbHatch
 10
0.0
 20
0.0
 30
0.0
210
0.0
220
0.0
230
1.0
  2
ANSI31
 70
0
 71
0
 91
1
 92
3
 72
0
 73
1
 93
4
 10
3138085.9621253125
 20
320648.572447782
 10
3138116.0941253128
 20
320644.949247782
 10
3138130.1499253125
 20
320760.912047782
 10
3138099.995925313
 20
320764.571947782
 97
0
 75
1
 76
1
 52
0.0
 41
5.0
 77
0
 78
1
 53
45.0
 43
0.0
 44
0.0
 45
-11.2253201515
 46
11.2253201515
 79
0
 98
0
  0
HATCH
  5
103A
330
17
100
AcDbEntity
  8
BUILDINGS_HATCH
 62
251
100
AcDbHatch
 10
0.0
 20
0.0
 30
0.0
210
0.0
220
0.0
230
1.0
  2
SOLID
 70
1
 71
0
 91
1
 92
3
 72
0
 73
1
 93
4
 10
3136946.1749
 20
320617.728
 10
3136973.0971
 20
320603.7636
 10
3137027.1124
 20
320707.4345
 10
3137000.1678
 20
320721.399
 97
0
 75
0
 76
1
 98
0
  0
HATCH
  5
103B
330
17
100
AcDbEntity
  8
BUILDINGS_SHADOW
 62
7
100
AcDbHatch
 10
0.0
 20
0.0
 30
0.0
210
0.0
220
0.0
230
1.0
  2
ANSI31
 70
0
 71
0
 91
1
 92
3
 72
0
 73
1
 93
4
 10
3136940.2581253126
 20
320625.789747782
 10
3136967.1803253125
 20
320611.825347782
 10
3137021.1956253126
 20
320715.49624778196
 10
3136994.2510253126
 20
320729.46074778197
 97
0
 75
1
 76
1
 52
0.0
 41
5.0
 77
0
 78
1
 53
45.0
 43
0.0
 44
0.0
 45
-11.2253201515
 46
11.2253201515
 79
0
 98
0
  0
HATCH
  5
103C
330
17
100
AcDbEntity
  8
BUILDINGS_HATCH
 62
251
100
AcDbHatch
 10
0.0
 20
0.0
 30
0.0
210
0.0
220
0.0
230
1.0
  2
SOLID
 70
1
 71
0
 91
1
 92
3
 72
0
 73
1
 93
18
 10
3136368.7466
 20
318979.0614
 10
3136482.5226
 20
318976.5533
 10
3136483.3545
 20
319014.2192
 10
3136579.5532
 20
319012.087
 10
3136582.0324
 20
319123.3328
 10
3136576.8814
 20
319123.4516
 10
3136577.2496
 20
319139.4741
 10
3136554.5217
 20
319139.968
 10
3136554.1767
 20
319124.0183
 10
3136477.4532
 20
319125.722
 10
3136477.7145
 20
319137.3283
 10
3136457.8559
 20
319137.7604
 10
3136457.5948
 20
319126.1905
 10
3136456.5103
 20
319126.2002
 10
3136455.8298
 20
319095.3958
 10
3136381.3654
 20
319097.0435
 10
3136379.865
 20
319029.9603
 10
3136369.8793
 20
319030.1951
 97
0
 75
0
 76
1
 98
0
  0
HATCH
  5
103D
330
17
100
AcDbEntity
  8
BUILDINGS_SHADOW
 62
7
100
AcDbHatch
 10
0.0
 20
0.0
 30
0.0
210
0.0
220
0.0
230
1.0
  2
ANSI31
 70
0
 71
0
 91
1
 92
3
 72
0
 73
1
 93
18
 10
3136362.829825313
 20
318987.123147782
 10
3136476.6058253124
 20
318984.615047782
 10
3136477.4377253125
 20
319022.280947782
 10
3136573.6364253126
 20
319020.148747782
 10
3136576.1156253126
 20
319131.39454778197
 10
3136570.9646253125
 20
319131.51334778196
 10
3136571.332825313
 20
319147.535847782
 10
3136548.6049253126
 20
319148.029747782
 10
3136548.259925313
 20
319132.080047782
 10
3136471.5364253125
 20
319133.783747782
 10
3136471.7977253124
 20
319145.390047782
 10
3136451.9391253125
 20
319145.822147782
 10
3136451.6780253127
 20
319134.252247782
 10
3136450.593525313
 20
319134.261947782
 10
3136449.9130253126
 20
319103.457547782
 10
3136375.4486253127
 20
319105.105247782
 10
3136373.948225313
 20
319038.02204778197
 10
3136363.962525313
 20
319038.256847782
 97
0
 75
1
 76
1
 52
0.0
 41
5.0
 77
0
 78
1
 53
45.0
 43
0.0
 44
0.0
 45
-11.2253201515
 46
11.2253201515
 79
0
 98
0
  0
HATCH
  5
103E
330
17
100
AcDbEntity
  8
BUILDINGS_HATCH
 62
251
100
AcDbHatch
 10
0.0
 20
0.0
 30
0.0
210
0.0
220
0.0
230
1.0
  2
SOLID
 70
1
 71
0
 91
1
 92
3
 72
0
 73
1
 93
4
 10
3138341.4027
 20
320585.1684
 10
3138375.4212
 20
320473.3469
 10
3138404.4649
 20
320482.1454
 10
3138370.4911
 20
320593.93
 97
0
 75
0
 76
1
 98
0
  0
HATCH
  5
103F
330
17
100
AcDbEntity
  8
BUILDINGS_SHADOW
 62
7
100
AcDbHatch
 10
0.0
 20
0.0
 30
0.0
210
0.0
220
0.0
230
1.0
  2
ANSI31
 70
0
 71
0
 91
1
 92
3
 72
0
 73
1
 93
4
 10
3138335.4859253126
 20
320593.230147782
 10
3138369.504425313
 20
320481.408647782
 10
3138398.5481253127
 20
320490.20714778197
 10
3138364.574325313
 20
320601.991747782
 97
0
 75
1
 76
1
 52
0.0
 41
5.0
 77
0
 78
1
 53
45.0
 43
0.0
 44
0.0
 45
-11.2253201515
 46
11.2253201515
 79
0
 98
0
  0
HATCH
  5
1040
330
17
100
AcDbEntity
  8
BUILDINGS_HATCH
 62
251
100
AcDbHatch
 10
0.0
 20
0.0
 30
0.0
210
0.0
220
0.0
230
1.0
  2
SOLID
 70
1
 71
0
 91
1
 92
3
 72
0
 73
1
 93
4
 10
3137114.9991
 20
320729.7279
 10
3137144.5833
 20
320722.9683
 10
3137170.7382
 20
320836.8521
 10
3137141.1316
 20
320843.6119
 97
0
 75
0
 76
1
 98
0
  0
HATCH
  5
1041
330
17
100
AcDbEntity
  8
BUILDINGS_SHADOW
 62
7
100
AcDbHatch
 10
0.0
 20
0.0
 30
0.0
210
0.0
220
0.0
230
1.0
  2
ANSI31
 70
0
 71
0
 91
1
 92
3
 72
0
 73
1
 93
4
 10
3137109.082325313
 20
320737.789647782
 10
3137138.6665253127
 20
320731.030047782
 10
3137164.8214253127
 20
320844.913847782
 10
3137135.2148253126
 20
320851.673647782
 97
0
 75
1
 76
1
 52
0.0
 41
5.0
 77
0
 78
1
 53
45.0
 43
0.0
 44
0.0
 45
-11.2253201515
 46
11.2253201515
 79
0
 98
0
  0
HATCH
  5
1042
330
17
100
AcDbEntity
  8
BUILDINGS_HATCH
 62
251
100
AcDbHatch
 10
0.0
 20
0.0
 30
0.0
210
0.0
220
0.0
230
1.0
  2
SOLID
 70
1
 71
0
 91
1
 92
3
 72
0
 73
1
 93
4
 10
3138207.0118
 20
320744.9627
 10
3138208.1547
 20
320628.0997
 10
3138238.5021
 20
320628.4174
 10
3138237.3809
 20
320745.2071
 97
0
 75
0
 76
1
 98
0
  0
HATCH
  5
1043
330
17
100
AcDbEntity
  8
BUILDINGS_SHADOW
 62
7
100
AcDbHatch
 10
0.0
 20
0.0
 30
0.0
210
0.0
220
0.0
230
1.0
  2
ANSI31
 70
0
 71
0
 91
1
 92
3
 72
0
 73
1
 93
4
 10
3138201.0950253126
 20
320753.02444778197
 10
3138202.2379253125
 20
320636.161447782
 10
3138232.585325313
 20
320636.47914778197
 10
3138231.464125313
 20
320753.268847782
 97
0
 75
1
 76
1
 52
0.0
 41
5.0
 77
0
 78
1
 53
45.0
 43
0.0
 44
0.0
 45
-11.2253201515
 46
11.2253201515
 79
0
 98
0
  0
HATCH
  5
1044
330
17
100
AcDbEntity
  8
BUILDINGS_HATCH
 62
251
100
AcDbHatch
 10
0.0
 20
0.0
 30
0.0
210
0.0
220
0.0
230
1.0
  2
SOLID
 70
1
 71
0
 91
1
 92
3
 72
0
 73
1
 93
4
 10
3136822.1133
 20
320638.7592
 10
3136849.0579
 20
320624.7944
 10
3136903.074
 20
320728.465
 10
3136876.1069
 20
320742.4299
 97
0
 75
0
 76
1
 98
0
  0
HATCH
  5
1045
330
17
100
AcDbEntity
  8
BUILDINGS_SHADOW
 62
7
100
AcDbHatch
 10
0.0
 20
0.0
 30
0.0
210
0.0
220
0.0
230
1.0
  2
ANSI31
 70
0
 71
0
 91
1
 92
3
 72
0
 73
1
 93
4
 10
3136816.1965253125
 20
320646.82094778196
 10
3136843.1411253125
 20
320632.856147782
 10
3136897.1572253127
 20
320736.526747782
 10
3136870.1901253127
 20
320750.491647782
 97
0
 75
1
 76
1
 52
0.0
 41
5.0
 77
0
 78
1
 53
45.0
 43
0.0
 44
0.0
 45
-11.2253201515
 46
11.2253201515
 79
0
 98
0
  0
HATCH
  5
1046
330
17
100
AcDbEntity
  8
BUILDINGS_HATCH
 62
251
100
AcDbHatch
 10
0.0
 20
0.0
 30
0.0
210
0.0
220
0.0
230
1.0
  2
SOLID
 70
1
 71
0
 91
1
 92
3
 72
0
 73
1
 93
4
 10
3137003.6416
 20
320748.8201
 10
3137033.2257
 20
320742.0603
 10
3137059.3814
 20
320855.9439
 10
3137029.7749
 20
320862.7039
 97
0
 75
0
 76
1
 98
0
  0
HATCH
  5
1047
330
17
100
AcDbEntity
  8
BUILDINGS_SHADOW
 62
7
100
AcDbHatch
 10
0.0
 20
0.0
 30
0.0
210
0.0
220
0.0
230
1.0
  2
ANSI31
 70
0
 71
0
 91
1
 92
3
 72
0
 73
1
 93
4
 10
3136997.724825313
 20
320756.881847782
 10
3137027.3089253125
 20
320750.122047782
 10
3137053.4646253125
 20
320864.005647782
 10
3137023.8581253127
 20
320870.765647782
 97
0
 75
1
 76
1
 52
0.0
 41
5.0
 77
0
 78
1
 53
45.0
 43
0.0
 44
0.0
 45
-11.2253201515
 46
11.2253201515
 79
0
 98
0
  0
HATCH
  5
1048
330
17
100
AcDbEntity
  8
BUILDINGS_HATCH
 62
251
100
AcDbHatch
 10
0.0
 20
0.0
 30
0.0
210
0.0
220
0.0
230
1.0
  2
SOLID
 70
1
 71
0
 91
1
 92
3
 72
0
 73
1
 93
4
 10
3138330.5383
 20
320732.3794
 10
3138331.6824
 20
320615.553
 10
3138362.0298
 20
320615.8708
 10
3138360.9077
 20
320732.6606
 97
0
 75
0
 76
1
 98
0
  0
HATCH
  5
1049
330
17
100
AcDbEntity
  8
BUILDINGS_SHADOW
 62
7
100
AcDbHatch
 10
0.0
 20
0.0
 30
0.0
210
0.0
220
0.0
230
1.0
  2
ANSI31
 70
0
 71
0
 91
1
 92
3
 72
0
 73
1
 93
4
 10
3138324.621525313
 20
320740.44114778197
 10
3138325.7656253125
 20
320623.614747782
 10
3138356.113025313
 20
320623.93254778197
 10
3138354.9909253125
 20
320740.722347782
 97
0
 75
1
 76
1
 52
0.0
 41
5.0
 77
0
 78
1
 53
45.0
 43
0.0
 44
0.0
 45
-11.2253201515
 46
11.2253201515
 79
0
 98
0
  0
HATCH
  5
104A
330
17
100
AcDbEntity
  8
BUILDINGS_HATCH
 62
251
100
AcDbHatch
 10
0.0
 20
0.0
 30
0.0
210
0.0
220
0.0
230
1.0
  2
SOLID
 70
1
 71
0
 91
1
 92
3
 72
0
 73
1
 93
4
 10
3137808.8636
 20
320887.4021
 10
3137838.4478
 20
320880.6438
 10
3137864.5973
 20
320994.4921
 10
3137835.0133
 20
321001.2505
 97
0
 75
0
 76
1
 98
0
  0
HATCH
  5
104B
330
17
100
AcDbEntity
  8
BUILDINGS_SHADOW
 62
7
100
AcDbHatch
 10
0.0
 20
0.0
 30
0.0
210
0.0
220
0.0
230
1.0
  2
ANSI31
 70
0
 71
0
 91
1
 92
3
 72
0
 73
1
 93
4
 10
3137802.9468253125
 20
320895.463847782
 10
3137832.531025313
 20
320888.705547782
 10
3137858.6805253127
 20
321002.55384778196
 10
3137829.096525313
 20
321009.312247782
 97
0
 75
1
 76
1
 52
0.0
 41
5.0
 77
0
 78
1
 53
45.0
 43
0.0
 44
0.0
 45
-11.2253201515
 46
11.2253201515
 79
0
 98
0
  0
HATCH
  5
104C
330
17
100
AcDbEntity
  8
BUILDINGS_HATCH
 62
251
100
AcDbHatch
 10
0.0
 20
0.0
 30
0.0
210
0.0
220
0.0
230
1.0
  2
SOLID
 70
1
 71
0
 91
1
 92
3
 72
0
 73
1
 93
4
 10
3137692.7036
 20
320910.1459
 10
3137722.3102
 20
320903.3871
 10
3137748.4605
 20
321017.2353
 10
3137718.8544
 20
321024.0306
 97
0
 75
0
 76
1
 98
0
  0
HATCH
  5
104D
330
17
100
AcDbEntity
  8
BUILDINGS_SHADOW
 62
7
100
AcDbHatch
 10
0.0
 20
0.0
 30
0.0
210
0.0
220
0.0
230
1.0
  2
ANSI31
 70
0
 71
0
 91
1
 92
3
 72
0
 73
1
 93
4
 10
3137686.786825313
 20
320918.207647782
 10
3137716.393425313
 20
320911.448847782
 10
3137742.5437253127
 20
321025.297047782
 10
3137712.9376253127
 20
321032.092347782
 97
0
 75
1
 76
1
 52
0.0
 41
5.0
 77
0
 78
1
 53
45.0
 43
0.0
 44
0.0
 45
-11.2253201515
 46
11.2253201515
 79
0
 98
0
  0
HATCH
  5
104E
330
17
100
AcDbEntity
  8
BUILDINGS_HATCH
 62
251
100
AcDbHatch
 10
0.0
 20
0.0
 30
0.0
210
0.0
220
0.0
230
1.0
  2
SOLID
 70
1
 71
0
 91
1
 92
3
 72
0
 73
1
 93
4
 10
3137979.7241
 20
320844.0272
 10
3138009.8557
 20
320840.4037
 10
3138023.9122
 20
320956.3665
 10
3137993.7582
 20
320959.9901
 97
0
 75
0
 76
1
 98
0
  0
HATCH
  5
104F
330
17
100
AcDbEntity
  8
BUILDINGS_SHADOW
 62
7
100
AcDbHatch
 10
0.0
 20
0.0
 30
0.0
210
0.0
220
0.0
230
1.0
  2
ANSI31
 70
0
 71
0
 91
1
 92
3
 72
0
 73
1
 93
4
 10
3137973.807325313
 20
320852.088947782
 10
3138003.938925313
 20
320848.465447782
 10
3138017.995425313
 20
320964.428247782
 10
3137987.8414253127
 20
320968.051847782
 97
0
 75
1
 76
1
 52
0.0
 41
5.0
 77
0
 78
1
 53
45.0
 43
0.0
 44
0.0
 45
-11.2253201515
 46
11.2253201515
 79
0
 98
0
  0
HATCH
  5
1050
330
17
100
AcDbEntity
  8
BUILDINGS_HATCH
 62
251
100
AcDbHatch
 10
0.0
 20
0.0
 30
0.0
210
0.0
220
0.0
230
1.0
  2
SOLID
 70
1
 71
0
 91
1
 92
3
 72
0
 73
1
 93
4
 10
3137585.6704
 20
320935.2924
 10
3137615.2545
 20
320928.5336
 10
3137641.4058
 20
321042.4181
 10
3137611.7994
 20
321049.1771
 97
0
 75
0
 76
1
 98
0
  0
HATCH
  5
1051
330
17
100
AcDbEntity
  8
BUILDINGS_SHADOW
 62
7
100
AcDbHatch
 10
0.0
 20
0.0
 30
0.0
210
0.0
220
0.0
230
1.0
  2
ANSI31
 70
0
 71
0
 91
1
 92
3
 72
0
 73
1
 93
4
 10
3137579.753625313
 20
320943.35414778197
 10
3137609.3377253124
 20
320936.595347782
 10
3137635.4890253125
 20
321050.479847782
 10
3137605.8826253125
 20
321057.23884778196
 97
0
 75
1
 76
1
 52
0.0
 41
5.0
 77
0
 78
1
 53
45.0
 43
0.0
 44
0.0
 45
-11.2253201515
 46
11.2253201515
 79
0
 98
0
  0
HATCH
  5
1052
330
17
100
AcDbEntity
  8
BUILDINGS_HATCH
 62
251
100
AcDbHatch
 10
0.0
 20
0.0
 30
0.0
210
0.0
220
0.0
230
1.0
  2
SOLID
 70
1
 71
0
 91
1
 92
3
 72
0
 73
1
 93
4
 10
3136889.8981
 20
320773.9941
 10
3136919.4821
 20
320767.2341
 10
3136945.6386
 20
320881.1175
 10
3136916.0322
 20
320887.8777
 97
0
 75
0
 76
1
 98
0
  0
HATCH
  5
1053
330
17
100
AcDbEntity
  8
BUILDINGS_SHADOW
 62
7
100
AcDbHatch
 10
0.0
 20
0.0
 30
0.0
210
0.0
220
0.0
230
1.0
  2
ANSI31
 70
0
 71
0
 91
1
 92
3
 72
0
 73
1
 93
4
 10
3136883.9813253125
 20
320782.055847782
 10
3136913.565325313
 20
320775.295847782
 10
3136939.721825313
 20
320889.179247782
 10
3136910.1154253124
 20
320895.939447782
 97
0
 75
1
 76
1
 52
0.0
 41
5.0
 77
0
 78
1
 53
45.0
 43
0.0
 44
0.0
 45
-11.2253201515
 46
11.2253201515
 79
0
 98
0
  0
HATCH
  5
1054
330
17
100
AcDbEntity
  8
BUILDINGS_HATCH
 62
251
100
AcDbHatch
 10
0.0
 20
0.0
 30
0.0
210
0.0
220
0.0
230
1.0
  2
SOLID
 70
1
 71
0
 91
1
 92
3
 72
0
 73
1
 93
4
 10
3138106.288
 20
320832.6566
 10
3138136.4419
 20
320828.9967
 10
3138150.4749
 20
320944.9598
 10
3138120.3438
 20
320948.6195
 97
0
 75
0
 76
1
 98
0
  0
HATCH
  5
1055
330
17
100
AcDbEntity
  8
BUILDINGS_SHADOW
 62
7
100
AcDbHatch
 10
0.0
 20
0.0
 30
0.0
210
0.0
220
0.0
230
1.0
  2
ANSI31
 70
0
 71
0
 91
1
 92
3
 72
0
 73
1
 93
4
 10
3138100.371225313
 20
320840.718347782
 10
3138130.5251253126
 20
320837.058447782
 10
3138144.5581253124
 20
320953.021547782
 10
3138114.4270253126
 20
320956.68124778196
 97
0
 75
1
 76
1
 52
0.0
 41
5.0
 77
0
 78
1
 53
45.0
 43
0.0
 44
0.0
 45
-11.2253201515
 46
11.2253201515
 79
0
 98
0
  0
HATCH
  5
1056
330
17
100
AcDbEntity
  8
BUILDINGS_HATCH
 62
251
100
AcDbHatch
 10
0.0
 20
0.0
 30
0.0
210
0.0
220
0.0
230
1.0
  2
SOLID
 70
1
 71
0
 91
1
 92
3
 72
0
 73
1
 93
4
 10
3137464.7339
 20
320967.1697
 10
3137494.3404
 20
320960.4105
 10
3137520.4696
 20
321074.2585
 10
3137490.8859
 20
321081.0175
 97
0
 75
0
 76
1
 98
0
  0
HATCH
  5
1057
330
17
100
AcDbEntity
  8
BUILDINGS_SHADOW
 62
7
100
AcDbHatch
 10
0.0
 20
0.0
 30
0.0
210
0.0
220
0.0
230
1.0
  2
ANSI31
 70
0
 71
0
 91
1
 92
3
 72
0
 73
1
 93
4
 10
3137458.8171253125
 20
320975.231447782
 10
3137488.4236253127
 20
320968.472247782
 10
3137514.5528253126
 20
321082.320247782
 10
3137484.9691253128
 20
321089.079247782
 97
0
 75
1
 76
1
 52
0.0
 41
5.0
 77
0
 78
1
 53
45.0
 43
0.0
 44
0.0
 45
-11.2253201515
 46
11.2253201515
 79
0
 98
0
  0
HATCH
  5
1058
330
17
100
AcDbEntity
  8
BUILDINGS_HATCH
 62
251
100
AcDbHatch
 10
0.0
 20
0.0
 30
0.0
210
0.0
220
0.0
230
1.0
  2
SOLID
 70
1
 71
0
 91
1
 92
3
 72
0
 73
1
 93
8
 10
3136940.6099
 20
318341.4971
 10
3136941.281
 20
318297.3564
 10
3136987.6128
 20
318298.0413
 10
3136987.6289
 20
318297.311
 10
3137097.3112
 20
318298.9686
 10
3137095.6221
 20
318409.4483
 10
3136986.3929
 20
318407.8232
 10
3136987.3938
 20
318342.2145
 97
0
 75
0
 76
1
 98
0
  0
HATCH
  5
1059
330
17
100
AcDbEntity
  8
BUILDINGS_SHADOW
 62
7
100
AcDbHatch
 10
0.0
 20
0.0
 30
0.0
210
0.0
220
0.0
230
1.0
  2
ANSI31
 70
0
 71
0
 91
1
 92
3
 72
0
 73
1
 93
8
 10
3136934.6931253127
 20
318349.55884778197
 10
3136935.3642253126
 20
318305.418147782
 10
3136981.6960253124
 20
318306.103047782
 10
3136981.7121253125
 20
318305.372747782
 10
3137091.3944253125
 20
318307.030347782
 10
3137089.7053253124
 20
318417.510047782
 10
3136980.4761253125
 20
318415.884947782
 10
3136981.477025313
 20
318350.276247782
 97
0
 75
1
 76
1
 52
0.0
 41
5.0
 77
0
 78
1
 53
45.0
 43
0.0
 44
0.0
 45
-11.2253201515
 46
11.2253201515
 79
0
 98
0
  0
HATCH
  5
105A
330
17
100
AcDbEntity
  8
BUILDINGS_HATCH
 62
251
100
AcDbHatch
 10
0.0
 20
0.0
 30
0.0
210
0.0
220
0.0
230
1.0
  2
SOLID
 70
1
 71
0
 91
1
 92
3
 72
0
 73
1
 93
4
 10
3138213.5628
 20
320832.2985
 10
3138243.6944
 20
320828.6755
 10
3138257.7266
 20
320944.6386
 10
3138227.5952
 20
320948.2616
 97
0
 75
0
 76
1
 98
0
  0
HATCH
  5
105B
330
17
100
AcDbEntity
  8
BUILDINGS_SHADOW
 62
7
100
AcDbHatch
 10
0.0
 20
0.0
 30
0.0
210
0.0
220
0.0
230
1.0
  2
ANSI31
 70
0
 71
0
 91
1
 92
3
 72
0
 73
1
 93
4
 10
3138207.6460253126
 20
320840.36024778197
 10
3138237.7776253126
 20
320836.737247782
 10
3138251.809825313
 20
320952.700347782
 10
3138221.6784253125
 20
320956.323347782
 97
0
 75
1
 76
1
 52
0.0
 41
5.0
 77
0
 78
1
 53
45.0
 43
0.0
 44
0.0
 45
-11.2253201515
 46
11.2253201515
 79
0
 98
0
  0
HATCH
  5
105C
330
17
100
AcDbEntity
  8
BUILDINGS_HATCH
 62
251
100
AcDbHatch
 10
0.0
 20
0.0
 30
0.0
210
0.0
220
0.0
230
1.0
  2
SOLID
 70
1
 71
0
 91
1
 92
3
 72
0
 73
1
 93
4
 10
3138331.245
 20
320818.0873
 10
3138360.8521
 20
320811.3296
 10
3138386.9984
 20
320925.2154
 10
3138357.3915
 20
320931.9729
 97
0
 75
0
 76
1
 98
0
  0
HATCH
  5
105D
330
17
100
AcDbEntity
  8
BUILDINGS_SHADOW
 62
7
100
AcDbHatch
 10
0.0
 20
0.0
 30
0.0
210
0.0
220
0.0
230
1.0
  2
ANSI31
 70
0
 71
0
 91
1
 92
3
 72
0
 73
1
 93
4
 10
3138325.3282253128
 20
320826.149047782
 10
3138354.9353253124
 20
320819.391347782
 10
3138381.0816253126
 20
320933.277147782
 10
3138351.4747253126
 20
320940.034647782
 97
0
 75
1
 76
1
 52
0.0
 41
5.0
 77
0
 78
1
 53
45.0
 43
0.0
 44
0.0
 45
-11.2253201515
 46
11.2253201515
 79
0
 98
0
  0
HATCH
  5
105E
330
17
100
AcDbEntity
  8
BUILDINGS_HATCH
 62
251
100
AcDbHatch
 10
0.0
 20
0.0
 30
0.0
210
0.0
220
0.0
230
1.0
  2
SOLID
 70
1
 71
0
 91
1
 92
3
 72
0
 73
1
 93
4
 10
3137987.6712
 20
320987.2034
 10
3138017.8025
 20
320983.58
 10
3138031.8362
 20
321099.543
 10
3138001.7051
 20
321103.1664
 97
0
 75
0
 76
1
 98
0
  0
HATCH
  5
105F
330
17
100
AcDbEntity
  8
BUILDINGS_SHADOW
 62
7
100
AcDbHatch
 10
0.0
 20
0.0
 30
0.0
210
0.0
220
0.0
230
1.0
  2
ANSI31
 70
0
 71
0
 91
1
 92
3
 72
0
 73
1
 93
4
 10
3137981.754425313
 20
320995.265147782
 10
3138011.885725313
 20
320991.641747782
 10
3138025.9194253124
 20
321107.604747782
 10
3137995.7883253125
 20
321111.228147782
 97
0
 75
1
 76
1
 52
0.0
 41
5.0
 77
0
 78
1
 53
45.0
 43
0.0
 44
0.0
 45
-11.2253201515
 46
11.2253201515
 79
0
 98
0
  0
HATCH
  5
1060
330
17
100
AcDbEntity
  8
BUILDINGS_HATCH
 62
251
100
AcDbHatch
 10
0.0
 20
0.0
 30
0.0
210
0.0
220
0.0
230
1.0
  2
SOLID
 70
1
 71
0
 91
1
 92
3
 72
0
 73
1
 93
4
 10
3137846.5237
 20
321038.3114
 10
3137873.239
 20
321023.9487
 10
3137928.821
 20
321126.7327
 10
3137902.1061
 20
321141.1317
 97
0
 75
0
 76
1
 98
0
  0
HATCH
  5
1061
330
17
100
AcDbEntity
  8
BUILDINGS_SHADOW
 62
7
100
AcDbHatch
 10
0.0
 20
0.0
 30
0.0
210
0.0
220
0.0
230
1.0
  2
ANSI31
 70
0
 71
0
 91
1
 92
3
 72
0
 73
1
 93
4
 10
3137840.6069253124
 20
321046.373147782
 10
3137867.3222253127
 20
321032.010447782
 10
3137922.9042253126
 20
321134.794447782
 10
3137896.1893253126
 20
321149.193447782
 97
0
 75
1
 76
1
 52
0.0
 41
5.0
 77
0
 78
1
 53
45.0
 43
0.0
 44
0.0
 45
-11.2253201515
 46
11.2253201515
 79
0
 98
0
  0
HATCH
  5
1062
330
17
100
AcDbEntity
  8
BUILDINGS_HATCH
 62
251
100
AcDbHatch
 10
0.0
 20
0.0
 30
0.0
210
0.0
220
0.0
230
1.0
  2
SOLID
 70
1
 71
0
 91
1
 92
3
 72
0
 73
1
 93
4
 10
3137727.407
 20
321069.0026
 10
3137754.1219
 20
321054.6032
 10
3137809.7274
 20
321157.423
 10
3137782.9898
 20
321171.786
 97
0
 75
0
 76
1
 98
0
  0
HATCH
  5
1063
330
17
100
AcDbEntity
  8
BUILDINGS_SHADOW
 62
7
100
AcDbHatch
 10
0.0
 20
0.0
 30
0.0
210
0.0
220
0.0
230
1.0
  2
ANSI31
 70
0
 71
0
 91
1
 92
3
 72
0
 73
1
 93
4
 10
3137721.4902253128
 20
321077.064347782
 10
3137748.205125313
 20
321062.664947782
 10
3137803.810625313
 20
321165.484747782
 10
3137777.0730253127
 20
321179.847747782
 97
0
 75
1
 76
1
 52
0.0
 41
5.0
 77
0
 78
1
 53
45.0
 43
0.0
 44
0.0
 45
-11.2253201515
 46
11.2253201515
 79
0
 98
0
  0
HATCH
  5
1064
330
17
100
AcDbEntity
  8
BUILDINGS_HATCH
 62
251
100
AcDbHatch
 10
0.0
 20
0.0
 30
0.0
210
0.0
220
0.0
230
1.0
  2
SOLID
 70
1
 71
0
 91
1
 92
3
 72
0
 73
1
 93
4
 10
3137613.4685
 20
321197.4827
 10
3137618.698
 20
321080.7662
 10
3137649.0086
 20
321082.1417
 10
3137643.7787
 20
321198.8217
 97
0
 75
0
 76
1
 98
0
  0
HATCH
  5
1065
330
17
100
AcDbEntity
  8
BUILDINGS_SHADOW
 62
7
100
AcDbHatch
 10
0.0
 20
0.0
 30
0.0
210
0.0
220
0.0
230
1.0
  2
ANSI31
 70
0
 71
0
 91
1
 92
3
 72
0
 73
1
 93
4
 10
3137607.5517253126
 20
321205.544447782
 10
3137612.7812253125
 20
321088.827947782
 10
3137643.0918253125
 20
321090.20344778197
 10
3137637.861925313
 20
321206.88344778196
 97
0
 75
1
 76
1
 52
0.0
 41
5.0
 77
0
 78
1
 53
45.0
 43
0.0
 44
0.0
 45
-11.2253201515
 46
11.2253201515
 79
0
 98
0
  0
HATCH
  5
1066
330
17
100
AcDbEntity
  8
BUILDINGS_HATCH
 62
251
100
AcDbHatch
 10
0.0
 20
0.0
 30
0.0
210
0.0
220
0.0
230
1.0
  2
SOLID
 70
1
 71
0
 91
1
 92
3
 72
0
 73
1
 93
4
 10
3138118.469
 20
320976.9639
 10
3138148.6003
 20
320973.3407
 10
3138162.6557
 20
321089.3036
 10
3138132.5023
 20
321092.9635
 97
0
 75
0
 76
1
 98
0
  0
HATCH
  5
1067
330
17
100
AcDbEntity
  8
BUILDINGS_SHADOW
 62
7
100
AcDbHatch
 10
0.0
 20
0.0
 30
0.0
210
0.0
220
0.0
230
1.0
  2
ANSI31
 70
0
 71
0
 91
1
 92
3
 72
0
 73
1
 93
4
 10
3138112.5522253127
 20
320985.02564778196
 10
3138142.6835253127
 20
320981.402447782
 10
3138156.7389253126
 20
321097.365347782
 10
3138126.5855253125
 20
321101.025247782
 97
0
 75
1
 76
1
 52
0.0
 41
5.0
 77
0
 78
1
 53
45.0
 43
0.0
 44
0.0
 45
-11.2253201515
 46
11.2253201515
 79
0
 98
0
  0
HATCH
  5
1068
330
17
100
AcDbEntity
  8
BUILDINGS_HATCH
 62
251
100
AcDbHatch
 10
0.0
 20
0.0
 30
0.0
210
0.0
220
0.0
230
1.0
  2
SOLID
 70
1
 71
0
 91
1
 92
3
 72
0
 73
1
 93
4
 10
3137489.7545
 20
321224.2007
 10
3137494.9833
 20
321107.5206
 10
3137525.3162
 20
321108.8592
 10
3137520.0875
 20
321225.5757
 97
0
 75
0
 76
1
 98
0
  0
HATCH
  5
1069
330
17
100
AcDbEntity
  8
BUILDINGS_SHADOW
 62
7
100
AcDbHatch
 10
0.0
 20
0.0
 30
0.0
210
0.0
220
0.0
230
1.0
  2
ANSI31
 70
0
 71
0
 91
1
 92
3
 72
0
 73
1
 93
4
 10
3137483.8377253124
 20
321232.262447782
 10
3137489.0665253126
 20
321115.582347782
 10
3137519.3994253124
 20
321116.920947782
 10
3137514.1707253125
 20
321233.637447782
 97
0
 75
1
 76
1
 52
0.0
 41
5.0
 77
0
 78
1
 53
45.0
 43
0.0
 44
0.0
 45
-11.2253201515
 46
11.2253201515
 79
0
 98
0
  0
HATCH
  5
106A
330
17
100
AcDbEntity
  8
BUILDINGS_HATCH
 62
251
100
AcDbHatch
 10
0.0
 20
0.0
 30
0.0
210
0.0
220
0.0
230
1.0
  2
SOLID
 70
1
 71
0
 91
1
 92
3
 72
0
 73
1
 93
8
 10
3136336.5624
 20
318673.5071
 10
3136441.3516
 20
318648.6645
 10
3136453.2763
 20
318698.7531
 10
3136409.9356
 20
318709.0313
 10
3136411.2499
 20
318714.5319
 10
3136363.1513
 20
318725.9476
 10
3136361.7663
 20
318720.1191
 10
3136348.417
 20
318723.3043
 97
0
 75
0
 76
1
 98
0
  0
HATCH
  5
106B
330
17
100
AcDbEntity
  8
BUILDINGS_SHADOW
 62
7
100
AcDbHatch
 10
0.0
 20
0.0
 30
0.0
210
0.0
220
0.0
230
1.0
  2
ANSI31
 70
0
 71
0
 91
1
 92
3
 72
0
 73
1
 93
8
 10
3136330.645625313
 20
318681.568847782
 10
3136435.434825313
 20
318656.726247782
 10
3136447.3595253127
 20
318706.81484778196
 10
3136404.0188253126
 20
318717.09304778196
 10
3136405.333125313
 20
318722.593647782
 10
3136357.2345253127
 20
318734.009347782
 10
3136355.8495253124
 20
318728.180847782
 10
3136342.5002253125
 20
318731.366047782
 97
0
 75
1
 76
1
 52
0.0
 41
5.0
 77
0
 78
1
 53
45.0
 43
0.0
 44
0.0
 45
-11.2253201515
 46
11.2253201515
 79
0
 98
0
  0
HATCH
  5
106C
330
17
100
AcDbEntity
  8
BUILDINGS_HATCH
 62
251
100
AcDbHatch
 10
0.0
 20
0.0
 30
0.0
210
0.0
220
0.0
230
1.0
  2
SOLID
 70
1
 71
0
 91
1
 92
3
 72
0
 73
1
 93
4
 10
3135958.7871
 20
320149.0167
 10
3136147.9224
 20
320109.8036
 10
3136224.7794
 20
320478.9532
 10
3136035.6479
 20
320518.1288
 97
0
 75
0
 76
1
 98
0
  0
HATCH
  5
106D
330
17
100
AcDbEntity
  8
BUILDINGS_SHADOW
 62
7
100
AcDbHatch
 10
0.0
 20
0.0
 30
0.0
210
0.0
220
0.0
230
1.0
  2
ANSI31
 70
0
 71
0
 91
1
 92
3
 72
0
 73
1
 93
4
 10
3135952.8703253125
 20
320157.07844778197
 10
3136142.0056253127
 20
320117.865347782
 10
3136218.8626253125
 20
320487.014947782
 10
3136029.731125313
 20
320526.190547782
 97
0
 75
1
 76
1
 52
0.0
 41
5.0
 77
0
 78
1
 53
45.0
 43
0.0
 44
0.0
 45
-11.2253201515
 46
11.2253201515
 79
0
 98
0
  0
HATCH
  5
106E
330
17
100
AcDbEntity
  8
BUILDINGS_HATCH
 62
251
100
AcDbHatch
 10
0.0
 20
0.0
 30
0.0
210
0.0
220
0.0
230
1.0
  2
SOLID
 70
1
 71
0
 91
1
 92
3
 72
0
 73
1
 93
4
 10
3138250.3025
 20
320989.4591
 10
3138277.0405
 20
320975.0604
 10
3138332.6204
 20
321077.8822
 10
3138305.9048
 20
321092.2441
 97
0
 75
0
 76
1
 98
0
  0
HATCH
  5
106F
330
17
100
AcDbEntity
  8
BUILDINGS_SHADOW
 62
7
100
AcDbHatch
 10
0.0
 20
0.0
 30
0.0
210
0.0
220
0.0
230
1.0
  2
ANSI31
 70
0
 71
0
 91
1
 92
3
 72
0
 73
1
 93
4
 10
3138244.385725313
 20
320997.52084778197
 10
3138271.1237253128
 20
320983.122147782
 10
3138326.7036253125
 20
321085.943947782
 10
3138299.988025313
 20
321100.305847782
 97
0
 75
1
 76
1
 52
0.0
 41
5.0
 77
0
 78
1
 53
45.0
 43
0.0
 44
0.0
 45
-11.2253201515
 46
11.2253201515
 79
0
 98
0
  0
HATCH
  5
1070
330
17
100
AcDbEntity
  8
BUILDINGS_HATCH
 62
251
100
AcDbHatch
 10
0.0
 20
0.0
 30
0.0
210
0.0
220
0.0
230
1.0
  2
SOLID
 70
1
 71
0
 91
1
 92
3
 72
0
 73
1
 93
4
 10
3138367.6133
 20
320958.7876
 10
3138394.3289
 20
320944.3893
 10
3138449.9081
 20
321047.2115
 10
3138423.1923
 20
321061.5732
 97
0
 75
0
 76
1
 98
0
  0
HATCH
  5
1071
330
17
100
AcDbEntity
  8
BUILDINGS_SHADOW
 62
7
100
AcDbHatch
 10
0.0
 20
0.0
 30
0.0
210
0.0
220
0.0
230
1.0
  2
ANSI31
 70
0
 71
0
 91
1
 92
3
 72
0
 73
1
 93
4
 10
3138361.6965253125
 20
320966.849347782
 10
3138388.4121253127
 20
320952.451047782
 10
3138443.9913253128
 20
321055.27324778197
 10
3138417.275525313
 20
321069.634947782
 97
0
 75
1
 76
1
 52
0.0
 41
5.0
 77
0
 78
1
 53
45.0
 43
0.0
 44
0.0
 45
-11.2253201515
 46
11.2253201515
 79
0
 98
0
  0
HATCH
  5
1072
330
17
100
AcDbEntity
  8
BUILDINGS_HATCH
 62
251
100
AcDbHatch
 10
0.0
 20
0.0
 30
0.0
210
0.0
220
0.0
230
1.0
  2
SOLID
 70
1
 71
0
 91
1
 92
3
 72
0
 73
1
 93
4
 10
3138004.4626
 20
321144.3929
 10
3138030.1229
 20
321128.2511
 10
3138092.6721
 20
321226.9952
 10
3138066.9896
 20
321243.1737
 97
0
 75
0
 76
1
 98
0
  0
HATCH
  5
1073
330
17
100
AcDbEntity
  8
BUILDINGS_SHADOW
 62
7
100
AcDbHatch
 10
0.0
 20
0.0
 30
0.0
210
0.0
220
0.0
230
1.0
  2
ANSI31
 70
0
 71
0
 91
1
 92
3
 72
0
 73
1
 93
4
 10
3137998.545825313
 20
321152.45464778197
 10
3138024.2061253125
 20
321136.312847782
 10
3138086.7553253127
 20
321235.056947782
 10
3138061.0728253126
 20
321251.235447782
 97
0
 75
1
 76
1
 52
0.0
 41
5.0
 77
0
 78
1
 53
45.0
 43
0.0
 44
0.0
 45
-11.2253201515
 46
11.2253201515
 79
0
 98
0
  0
HATCH
  5
1074
330
17
100
AcDbEntity
  8
BUILDINGS_HATCH
 62
251
100
AcDbHatch
 10
0.0
 20
0.0
 30
0.0
210
0.0
220
0.0
230
1.0
  2
SOLID
 70
1
 71
0
 91
1
 92
3
 72
0
 73
1
 93
4
 10
3137911.6473
 20
321164.9951
 10
3137941.7783
 20
321161.3716
 10
3137955.835
 20
321277.3342
 10
3137925.6817
 20
321280.958
 97
0
 75
0
 76
1
 98
0
  0
HATCH
  5
1075
330
17
100
AcDbEntity
  8
BUILDINGS_SHADOW
 62
7
100
AcDbHatch
 10
0.0
 20
0.0
 30
0.0
210
0.0
220
0.0
230
1.0
  2
ANSI31
 70
0
 71
0
 91
1
 92
3
 72
0
 73
1
 93
4
 10
3137905.7305253125
 20
321173.056847782
 10
3137935.8615253125
 20
321169.433347782
 10
3137949.9182253126
 20
321285.395947782
 10
3137919.7649253127
 20
321289.019747782
 97
0
 75
1
 76
1
 52
0.0
 41
5.0
 77
0
 78
1
 53
45.0
 43
0.0
 44
0.0
 45
-11.2253201515
 46
11.2253201515
 79
0
 98
0
  0
HATCH
  5
1076
330
17
100
AcDbEntity
  8
BUILDINGS_HATCH
 62
251
100
AcDbHatch
 10
0.0
 20
0.0
 30
0.0
210
0.0
220
0.0
230
1.0
  2
SOLID
 70
1
 71
0
 91
1
 92
3
 72
0
 73
1
 93
4
 10
3137787.195
 20
321313.2064
 10
3137792.426
 20
321196.5264
 10
3137822.7587
 20
321197.8655
 10
3137817.5279
 20
321314.582
 97
0
 75
0
 76
1
 98
0
  0
HATCH
  5
1077
330
17
100
AcDbEntity
  8
BUILDINGS_SHADOW
 62
7
100
AcDbHatch
 10
0.0
 20
0.0
 30
0.0
210
0.0
220
0.0
230
1.0
  2
ANSI31
 70
0
 71
0
 91
1
 92
3
 72
0
 73
1
 93
4
 10
3137781.2782253125
 20
321321.268147782
 10
3137786.5092253126
 20
321204.58814778196
 10
3137816.8419253128
 20
321205.927247782
 10
3137811.6111253127
 20
321322.643747782
 97
0
 75
1
 76
1
 52
0.0
 41
5.0
 77
0
 78
1
 53
45.0
 43
0.0
 44
0.0
 45
-11.2253201515
 46
11.2253201515
 79
0
 98
0
  0
HATCH
  5
1078
330
17
100
AcDbEntity
  8
BUILDINGS_HATCH
 62
251
100
AcDbHatch
 10
0.0
 20
0.0
 30
0.0
210
0.0
220
0.0
230
1.0
  2
SOLID
 70
1
 71
0
 91
1
 92
3
 72
0
 73
1
 93
4
 10
3137614.2923
 20
321231.9728
 10
3137641.0071
 20
321217.6098
 10
3137696.6125
 20
321320.3927
 10
3137669.8756
 20
321334.7924
 97
0
 75
0
 76
1
 98
0
  0
HATCH
  5
1079
330
17
100
AcDbEntity
  8
BUILDINGS_SHADOW
 62
7
100
AcDbHatch
 10
0.0
 20
0.0
 30
0.0
210
0.0
220
0.0
230
1.0
  2
ANSI31
 70
0
 71
0
 91
1
 92
3
 72
0
 73
1
 93
4
 10
3137608.3755253125
 20
321240.034547782
 10
3137635.0903253127
 20
321225.67154778197
 10
3137690.6957253125
 20
321328.454447782
 10
3137663.9588253126
 20
321342.85414778197
 97
0
 75
1
 76
1
 52
0.0
 41
5.0
 77
0
 78
1
 53
45.0
 43
0.0
 44
0.0
 45
-11.2253201515
 46
11.2253201515
 79
0
 98
0
  0
HATCH
  5
107A
330
17
100
AcDbEntity
  8
BUILDINGS_HATCH
 62
251
100
AcDbHatch
 10
0.0
 20
0.0
 30
0.0
210
0.0
220
0.0
230
1.0
  2
SOLID
 70
1
 71
0
 91
1
 92
3
 72
0
 73
1
 93
4
 10
3138176.8905
 20
321120.2444
 10
3138293.5673
 20
321110.1304
 10
3138296.1818
 20
321140.2972
 10
3138179.5279
 20
321150.411
 97
0
 75
0
 76
1
 98
0
  0
HATCH
  5
107B
330
17
100
AcDbEntity
  8
BUILDINGS_SHADOW
 62
7
100
AcDbHatch
 10
0.0
 20
0.0
 30
0.0
210
0.0
220
0.0
230
1.0
  2
ANSI31
 70
0
 71
0
 91
1
 92
3
 72
0
 73
1
 93
4
 10
3138170.973725313
 20
321128.306147782
 10
3138287.650525313
 20
321118.192147782
 10
3138290.2650253125
 20
321148.35894778196
 10
3138173.6111253127
 20
321158.472747782
 97
0
 75
1
 76
1
 52
0.0
 41
5.0
 77
0
 78
1
 53
45.0
 43
0.0
 44
0.0
 45
-11.2253201515
 46
11.2253201515
 79
0
 98
0
  0
HATCH
  5
107C
330
17
100
AcDbEntity
  8
BUILDINGS_HATCH
 62
251
100
AcDbHatch
 10
0.0
 20
0.0
 30
0.0
210
0.0
220
0.0
230
1.0
  2
SOLID
 70
1
 71
0
 91
1
 92
3
 72
0
 73
1
 93
4
 10
3137491.8959
 20
321259.4822
 10
3137521.0114
 20
321250.9021
 10
3137554.1958
 20
321362.9357
 10
3137525.0805
 20
321371.5157
 97
0
 75
0
 76
1
 98
0
  0
HATCH
  5
107D
330
17
100
AcDbEntity
  8
BUILDINGS_SHADOW
 62
7
100
AcDbHatch
 10
0.0
 20
0.0
 30
0.0
210
0.0
220
0.0
230
1.0
  2
ANSI31
 70
0
 71
0
 91
1
 92
3
 72
0
 73
1
 93
4
 10
3137485.9791253125
 20
321267.543947782
 10
3137515.094625313
 20
321258.963847782
 10
3137548.2790253125
 20
321370.99744778196
 10
3137519.163725313
 20
321379.577447782
 97
0
 75
1
 76
1
 52
0.0
 41
5.0
 77
0
 78
1
 53
45.0
 43
0.0
 44
0.0
 45
-11.2253201515
 46
11.2253201515
 79
0
 98
0
  0
HATCH
  5
107E
330
17
100
AcDbEntity
  8
BUILDINGS_HATCH
 62
251
100
AcDbHatch
 10
0.0
 20
0.0
 30
0.0
210
0.0
220
0.0
230
1.0
  2
SOLID
 70
1
 71
0
 91
1
 92
3
 72
0
 73
1
 93
68
 10
3135982.1912
 20
321040.374
 10
3136007.5991
 20
321034.124
 10
3135989.9744
 20
320960.5042
 10
3136017.7945
 20
320953.6487
 10
3136014.6702
 20
320942.7981
 10
3136037.6434
 20
320937.154
 10
3136040.1789
 20
320950.3828
 10
3136052.8718
 20
320947.2762
 10
3136059.7844
 20
320975.0315
 10
3136047.7016
 20
320978.1326
 10
3136050.8747
 20
320994.4587
 10
3136063.5669
 20
320991.2791
 10
3136069.25
 20
321015.4314
 10
3136056.5294
 20
321017.9541
 10
3136059.0985
 20
321032.4238
 10
3136032.4936
 20
321038.7208
 10
3136034.3979
 20
321049.5823
 10
3136048.9204
 20
321046.423
 10
3136055.2233
 20
321074.2202
 10
3136119.9282
 20
321058.494
 10
3136110.4961
 20
321019.2985
 10
3136203.614
 20
320997.2961
 10
3136196.0542
 20
320965.3483
 10
3136102.3096
 20
320985.4946
 10
3136095.3918
 20
320957.1552
 10
3136218.1872
 20
320931.311
 10
3136239.5769
 20
321019.3535
 10
3136271.6159
 20
321011.8038
 10
3136388.1625
 20
320827.0
 10
3136416.7908
 20
320844.925
 10
3136310.9793
 20
321007.219
 10
3136319.8334
 20
321050.0703
 10
3136490.4471
 20
321154.9658
 10
3136471.9306
 20
321184.1154
 10
3136278.1347
 20
321061.3564
 10
3136250.9192
 20
321067.5854
 10
3136274.7964
 20
321163.5275
 10
3136148.3819
 20
321191.2653
 10
3136141.4636
 20
321162.8529
 10
3136238.2131
 20
321140.2708
 10
3136229.4232
 20
321104.647
 10
3136133.8605
 20
321126.0505
 10
3136126.3169
 20
321095.9279
 10
3136221.8795
 20
321074.4879
 10
3136211.1955
 20
321031.6894
 10
3136127.7482
 20
321051.1598
 10
3136130.8939
 20
321064.4196
 10
3136045.6172
 20
321083.9432
 10
3136049.4162
 20
321102.0524
 10
3136060.8942
 20
321099.5408
 10
3136067.8227
 20
321129.0847
 10
3136053.9385
 20
321132.859
 10
3136055.8265
 20
321141.8954
 10
3136082.4313
 20
321135.5985
 10
3136086.1874
 20
321148.8894
 10
3136098.885
 20
321146.3304
 10
3136105.8027
 20
321174.6698
 10
3136091.8907
 20
321177.8602
 10
3136094.4435
 20
321190.5047
 10
3136107.1358
 20
321187.3617
 10
3136114.6583
 20
321215.1116
 10
3136101.9657
 20
321218.2181
 10
3136104.5073
 20
321232.1405
 10
3136083.9463
 20
321237.1424
 10
3136080.2009
 20
321225.056
 10
3136052.3767
 20
321231.4004
 10
3136034.7524
 20
321157.7805
 10
3136011.7743
 20
321162.8406
 97
0
 75
0
 76
1
 98
0
  0
HATCH
  5
107F
330
17
100
AcDbEntity
  8
BUILDINGS_SHADOW
 62
7
100
AcDbHatch
 10
0.0
 20
0.0
 30
0.0
210
0.0
220
0.0
230
1.0
  2
ANSI31
 70
0
 71
0
 91
1
 92
3
 72
0
 73
1
 93
68
 10
3135976.2744253124
 20
321048.435747782
 10
3136001.682325313
 20
321042.185747782
 10
3135984.057625313
 20
320968.565947782
 10
3136011.8777253125
 20
320961.710447782
 10
3136008.7534253127
 20
320950.859847782
 10
3136031.7266253126
 20
320945.215747782
 10
3136034.262125313
 20
320958.444547782
 10
3136046.9550253125
 20
320955.337947782
 10
3136053.8676253124
 20
320983.093247782
 10
3136041.7848253124
 20
320986.194347782
 10
3136044.9579253127
 20
321002.520447782
 10
3136057.6501253126
 20
320999.340847782
 10
3136063.3332253126
 20
321023.493147782
 10
3136050.6126253125
 20
321026.01584778196
 10
3136053.1817253125
 20
321040.485547782
 10
3136026.576825313
 20
321046.782547782
 10
3136028.481125313
 20
321057.644047782
 10
3136043.003625313
 20
321054.484747782
 10
3136049.306525313
 20
321082.281947782
 10
3136114.0114253126
 20
321066.555747782
 10
3136104.5793253127
 20
321027.36024778197
 10
3136197.6972253127
 20
321005.35784778197
 10
3136190.137425313
 20
320973.410047782
 10
3136096.3928253124
 20
320993.55634778197
 10
3136089.4750253125
 20
320965.21694778197
 10
3136212.2704253127
 20
320939.372747782
 10
3136233.660125313
 20
321027.415247782
 10
3136265.6991253127
 20
321019.865547782
 10
3136382.2457253127
 20
320835.061747782
 10
3136410.8740253127
 20
320852.986747782
 10
3136305.0625253124
 20
321015.280747782
 10
3136313.9166253125
 20
321058.132047782
 10
3136484.5303253126
 20
321163.027547782
 10
3136466.0138253127
 20
321192.177147782
 10
3136272.2179253125
 20
321069.418147782
 10
3136245.0024253125
 20
321075.647147782
 10
3136268.8796253125
 20
321171.589247782
 10
3136142.4651253126
 20
321199.327047782
 10
3136135.5468253125
 20
321170.914647782
 10
3136232.2963253125
 20
321148.332547782
 10
3136223.5064253127
 20
321112.708747782
 10
3136127.9437253126
 20
321134.112247782
 10
3136120.4001253126
 20
321103.989647782
 10
3136215.9627253124
 20
321082.549647782
 10
3136205.2787253126
 20
321039.75114778196
 10
3136121.8314253124
 20
321059.221547782
 10
3136124.9771253127
 20
321072.481347782
 10
3136039.700425313
 20
321092.00494778197
 10
3136043.4994253125
 20
321110.114147782
 10
3136054.9774253126
 20
321107.602547782
 10
3136061.9059253125
 20
321137.146447782
 10
3136048.021725313
 20
321140.920747782
 10
3136049.9097253126
 20
321149.95714778197
 10
3136076.5145253125
 20
321143.660247782
 10
3136080.270625313
 20
321156.951147782
 10
3136092.9682253124
 20
321154.39214778197
 10
3136099.8859253125
 20
321182.73154778196
 10
3136085.9739253125
 20
321185.921947782
 10
3136088.5267253127
 20
321198.566447782
 10
3136101.2190253125
 20
321195.423447782
 10
3136108.7415253124
 20
321223.173347782
 10
3136096.0489253127
 20
321226.279847782
 10
3136098.590525313
 20
321240.20224778197
 10
3136078.0295253126
 20
321245.204147782
 10
3136074.2841253127
 20
321233.117747782
 10
3136046.4599253125
 20
321239.462147782
 10
3136028.8356253128
 20
321165.842247782
 10
3136005.857525313
 20
321170.902347782
 97
0
 75
1
 76
1
 52
0.0
 41
5.0
 77
0
 78
1
 53
45.0
 43
0.0
 44
0.0
 45
-11.2253201515
 46
11.2253201515
 79
0
 98
0
  0
HATCH
  5
1080
330
17
100
AcDbEntity
  8
BUILDINGS_HATCH
 62
251
100
AcDbHatch
 10
0.0
 20
0.0
 30
0.0
210
0.0
220
0.0
230
1.0
  2
SOLID
 70
1
 71
0
 91
1
 92
3
 72
0
 73
1
 93
4
 10
3138099.796
 20
321268.9135
 10
3138105.567
 20
321239.1476
 10
3138220.538
 20
321261.3185
 10
3138214.7888
 20
321291.0112
 97
0
 75
0
 76
1
 98
0
  0
HATCH
  5
1081
330
17
100
AcDbEntity
  8
BUILDINGS_SHADOW
 62
7
100
AcDbHatch
 10
0.0
 20
0.0
 30
0.0
210
0.0
220
0.0
230
1.0
  2
ANSI31
 70
0
 71
0
 91
1
 92
3
 72
0
 73
1
 93
4
 10
3138093.8792253127
 20
321276.975247782
 10
3138099.6502253124
 20
321247.209347782
 10
3138214.621225313
 20
321269.380247782
 10
3138208.872025313
 20
321299.072947782
 97
0
 75
1
 76
1
 52
0.0
 41
5.0
 77
0
 78
1
 53
45.0
 43
0.0
 44
0.0
 45
-11.2253201515
 46
11.2253201515
 79
0
 98
0
  0
HATCH
  5
1082
330
17
100
AcDbEntity
  8
BUILDINGS_HATCH
 62
251
100
AcDbHatch
 10
0.0
 20
0.0
 30
0.0
210
0.0
220
0.0
230
1.0
  2
SOLID
 70
1
 71
0
 91
1
 92
3
 72
0
 73
1
 93
4
 10
3138377.1688
 20
321203.3246
 10
3138422.2929
 20
321095.5673
 10
3138450.276
 20
321107.2227
 10
3138405.1747
 20
321215.0162
 97
0
 75
0
 76
1
 98
0
  0
HATCH
  5
1083
330
17
100
AcDbEntity
  8
BUILDINGS_SHADOW
 62
7
100
AcDbHatch
 10
0.0
 20
0.0
 30
0.0
210
0.0
220
0.0
230
1.0
  2
ANSI31
 70
0
 71
0
 91
1
 92
3
 72
0
 73
1
 93
4
 10
3138371.2520253127
 20
321211.386347782
 10
3138416.3761253124
 20
321103.629047782
 10
3138444.3592253127
 20
321115.284447782
 10
3138399.2579253125
 20
321223.077947782
 97
0
 75
1
 76
1
 52
0.0
 41
5.0
 77
0
 78
1
 53
45.0
 43
0.0
 44
0.0
 45
-11.2253201515
 46
11.2253201515
 79
0
 98
0
  0
HATCH
  5
1084
330
17
100
AcDbEntity
  8
BUILDINGS_HATCH
 62
251
100
AcDbHatch
 10
0.0
 20
0.0
 30
0.0
210
0.0
220
0.0
230
1.0
  2
SOLID
 70
1
 71
0
 91
1
 92
3
 72
0
 73
1
 93
4
 10
3137842.2872
 20
321401.4652
 10
3137915.5699
 20
321310.3606
 10
3137939.2567
 20
321329.3174
 10
3137865.974
 20
321420.4219
 97
0
 75
0
 76
1
 98
0
  0
HATCH
  5
1085
330
17
100
AcDbEntity
  8
BUILDINGS_SHADOW
 62
7
100
AcDbHatch
 10
0.0
 20
0.0
 30
0.0
210
0.0
220
0.0
230
1.0
  2
ANSI31
 70
0
 71
0
 91
1
 92
3
 72
0
 73
1
 93
4
 10
3137836.370425313
 20
321409.52694778197
 10
3137909.6531253126
 20
321318.422347782
 10
3137933.3399253124
 20
321337.379147782
 10
3137860.0572253126
 20
321428.483647782
 97
0
 75
1
 76
1
 52
0.0
 41
5.0
 77
0
 78
1
 53
45.0
 43
0.0
 44
0.0
 45
-11.2253201515
 46
11.2253201515
 79
0
 98
0
  0
HATCH
  5
1086
330
17
100
AcDbEntity
  8
BUILDINGS_HATCH
 62
251
100
AcDbHatch
 10
0.0
 20
0.0
 30
0.0
210
0.0
220
0.0
230
1.0
  2
SOLID
 70
1
 71
0
 91
1
 92
3
 72
0
 73
1
 93
12
 10
3137694.1376
 20
317862.2444
 10
3137759.1296
 20
317856.9628
 10
3137760.5225
 20
317873.9984
 10
3137743.7441
 20
317875.3874
 10
3137745.1361
 20
317892.3135
 10
3137762.389
 20
317890.9204
 10
3137764.668
 20
317918.7538
 10
3137746.2859
 20
317920.2298
 10
3137747.8321
 20
317939.2719
 10
3137766.5977
 20
317937.7195
 10
3137768.3204
 20
317958.8408
 10
3137702.4708
 20
317964.203
 97
0
 75
0
 76
1
 98
0
  0
HATCH
  5
1087
330
17
100
AcDbEntity
  8
BUILDINGS_SHADOW
 62
7
100
AcDbHatch
 10
0.0
 20
0.0
 30
0.0
210
0.0
220
0.0
230
1.0
  2
ANSI31
 70
0
 71
0
 91
1
 92
3
 72
0
 73
1
 93
12
 10
3137688.2208253127
 20
317870.306147782
 10
3137753.2128253127
 20
317865.02454778197
 10
3137754.6057253126
 20
317882.060147782
 10
3137737.8273253124
 20
317883.449147782
 10
3137739.2193253124
 20
317900.375247782
 10
3137756.4722253126
 20
317898.982147782
 10
3137758.7512253127
 20
317926.815547782
 10
3137740.3691253127
 20
317928.29154778196
 10
3137741.915325313
 20
317947.333647782
 10
3137760.6809253125
 20
317945.781247782
 10
3137762.4036253127
 20
317966.902547782
 10
3137696.5540253124
 20
317972.26474778197
 97
0
 75
1
 76
1
 52
0.0
 41
5.0
 77
0
 78
1
 53
45.0
 43
0.0
 44
0.0
 45
-11.2253201515
 46
11.2253201515
 79
0
 98
0
  0
HATCH
  5
1088
330
17
100
AcDbEntity
  8
BUILDINGS_HATCH
 62
251
100
AcDbHatch
 10
0.0
 20
0.0
 30
0.0
210
0.0
220
0.0
230
1.0
  2
SOLID
 70
1
 71
0
 91
1
 92
3
 72
0
 73
1
 93
4
 10
3135815.59
 20
319385.9852
 10
3135818.2953
 20
319359.9693
 10
3135886.5995
 20
319367.0258
 10
3135883.8938
 20
319393.0052
 97
0
 75
0
 76
1
 98
0
  0
HATCH
  5
1089
330
17
100
AcDbEntity
  8
BUILDINGS_SHADOW
 62
7
100
AcDbHatch
 10
0.0
 20
0.0
 30
0.0
210
0.0
220
0.0
230
1.0
  2
ANSI31
 70
0
 71
0
 91
1
 92
3
 72
0
 73
1
 93
4
 10
3135809.6732253125
 20
319394.046947782
 10
3135812.3785253125
 20
319368.031047782
 10
3135880.6827253127
 20
319375.087547782
 10
3135877.977025313
 20
319401.066947782
 97
0
 75
1
 76
1
 52
0.0
 41
5.0
 77
0
 78
1
 53
45.0
 43
0.0
 44
0.0
 45
-11.2253201515
 46
11.2253201515
 79
0
 98
0
  0
HATCH
  5
108A
330
17
100
AcDbEntity
  8
BUILDINGS_HATCH
 62
251
100
AcDbHatch
 10
0.0
 20
0.0
 30
0.0
210
0.0
220
0.0
230
1.0
  2
SOLID
 70
1
 71
0
 91
1
 92
3
 72
0
 73
1
 93
4
 10
3136132.6094
 20
320658.4303
 10
3136179.4905
 20
320647.9738
 10
3136199.2558
 20
320736.2134
 10
3136152.3975
 20
320746.6696
 97
0
 75
0
 76
1
 98
0
  0
HATCH
  5
108B
330
17
100
AcDbEntity
  8
BUILDINGS_SHADOW
 62
7
100
AcDbHatch
 10
0.0
 20
0.0
 30
0.0
210
0.0
220
0.0
230
1.0
  2
ANSI31
 70
0
 71
0
 91
1
 92
3
 72
0
 73
1
 93
4
 10
3136126.6926253126
 20
320666.492047782
 10
3136173.5737253125
 20
320656.03554778197
 10
3136193.3390253126
 20
320744.275147782
 10
3136146.4807253126
 20
320754.731347782
 97
0
 75
1
 76
1
 52
0.0
 41
5.0
 77
0
 78
1
 53
45.0
 43
0.0
 44
0.0
 45
-11.2253201515
 46
11.2253201515
 79
0
 98
0
  0
HATCH
  5
108C
330
17
100
AcDbEntity
  8
BUILDINGS_HATCH
 62
251
100
AcDbHatch
 10
0.0
 20
0.0
 30
0.0
210
0.0
220
0.0
230
1.0
  2
SOLID
 70
1
 71
0
 91
1
 92
3
 72
0
 73
1
 93
4
 10
3137565.5281
 20
321410.5115
 10
3137579.23
 20
321383.4863
 10
3137683.7383
 20
321436.2275
 10
3137670.036
 20
321463.216
 97
0
 75
0
 76
1
 98
0
  0
HATCH
  5
108D
330
17
100
AcDbEntity
  8
BUILDINGS_SHADOW
 62
7
100
AcDbHatch
 10
0.0
 20
0.0
 30
0.0
210
0.0
220
0.0
230
1.0
  2
ANSI31
 70
0
 71
0
 91
1
 92
3
 72
0
 73
1
 93
4
 10
3137559.611325313
 20
321418.573247782
 10
3137573.3132253126
 20
321391.548047782
 10
3137677.8215253125
 20
321444.28924778197
 10
3137664.1192253125
 20
321471.277747782
 97
0
 75
1
 76
1
 52
0.0
 41
5.0
 77
0
 78
1
 53
45.0
 43
0.0
 44
0.0
 45
-11.2253201515
 46
11.2253201515
 79
0
 98
0
  0
HATCH
  5
108E
330
17
100
AcDbEntity
  8
BUILDINGS_HATCH
 62
251
100
AcDbHatch
 10
0.0
 20
0.0
 30
0.0
210
0.0
220
0.0
230
1.0
  2
SOLID
 70
1
 71
0
 91
1
 92
3
 72
0
 73
1
 93
4
 10
3138245.2836
 20
321261.9409
 10
3138355.5808
 20
321222.6792
 10
3138365.772
 20
321251.1733
 10
3138255.4979
 20
321290.4713
 97
0
 75
0
 76
1
 98
0
  0
HATCH
  5
108F
330
17
100
AcDbEntity
  8
BUILDINGS_SHADOW
 62
7
100
AcDbHatch
 10
0.0
 20
0.0
 30
0.0
210
0.0
220
0.0
230
1.0
  2
ANSI31
 70
0
 71
0
 91
1
 92
3
 72
0
 73
1
 93
4
 10
3138239.366825313
 20
321270.002647782
 10
3138349.6640253128
 20
321230.740947782
 10
3138359.8552253125
 20
321259.235047782
 10
3138249.5811253125
 20
321298.53304778197
 97
0
 75
1
 76
1
 52
0.0
 41
5.0
 77
0
 78
1
 53
45.0
 43
0.0
 44
0.0
 45
-11.2253201515
 46
11.2253201515
 79
0
 98
0
  0
HATCH
  5
1090
330
17
100
AcDbEntity
  8
BUILDINGS_HATCH
 62
251
100
AcDbHatch
 10
0.0
 20
0.0
 30
0.0
210
0.0
220
0.0
230
1.0
  2
SOLID
 70
1
 71
0
 91
1
 92
3
 72
0
 73
1
 93
4
 10
3137711.043
 20
321435.0012
 10
3137825.8648
 20
321412.0868
 10
3137831.8196
 20
321441.7496
 10
3137716.9983
 20
321464.7004
 97
0
 75
0
 76
1
 98
0
  0
HATCH
  5
1091
330
17
100
AcDbEntity
  8
BUILDINGS_SHADOW
 62
7
100
AcDbHatch
 10
0.0
 20
0.0
 30
0.0
210
0.0
220
0.0
230
1.0
  2
ANSI31
 70
0
 71
0
 91
1
 92
3
 72
0
 73
1
 93
4
 10
3137705.1262253127
 20
321443.062947782
 10
3137819.9480253127
 20
321420.148547782
 10
3137825.9028253127
 20
321449.811347782
 10
3137711.0815253127
 20
321472.76214778196
 97
0
 75
1
 76
1
 52
0.0
 41
5.0
 77
0
 78
1
 53
45.0
 43
0.0
 44
0.0
 45
-11.2253201515
 46
11.2253201515
 79
0
 98
0
  0
HATCH
  5
1092
330
17
100
AcDbEntity
  8
BUILDINGS_HATCH
 62
251
100
AcDbHatch
 10
0.0
 20
0.0
 30
0.0
210
0.0
220
0.0
230
1.0
  2
SOLID
 70
1
 71
0
 91
1
 92
3
 72
0
 73
1
 93
12
 10
3137689.2639
 20
317742.5504
 10
3137754.2789
 20
317737.2685
 10
3137755.6718
 20
317754.3042
 10
3137738.8933
 20
317755.6931
 10
3137740.2853
 20
317772.6193
 10
3137757.5384
 20
317771.2261
 10
3137759.8174
 20
317799.0595
 10
3137741.4351
 20
317800.5356
 10
3137742.981
 20
317819.5412
 10
3137761.7245
 20
317818.0254
 10
3137763.4698
 20
317839.1465
 10
3137697.5971
 20
317844.5089
 97
0
 75
0
 76
1
 98
0
  0
HATCH
  5
1093
330
17
100
AcDbEntity
  8
BUILDINGS_SHADOW
 62
7
100
AcDbHatch
 10
0.0
 20
0.0
 30
0.0
210
0.0
220
0.0
230
1.0
  2
ANSI31
 70
0
 71
0
 91
1
 92
3
 72
0
 73
1
 93
12
 10
3137683.347125313
 20
317750.612147782
 10
3137748.3621253124
 20
317745.330247782
 10
3137749.755025313
 20
317762.365947782
 10
3137732.9765253128
 20
317763.75484778197
 10
3137734.3685253127
 20
317780.681047782
 10
3137751.6216253126
 20
317779.287847782
 10
3137753.9006253127
 20
317807.12124778196
 10
3137735.5183253125
 20
317808.597347782
 10
3137737.064225313
 20
317827.60294778197
 10
3137755.8077253127
 20
317826.087147782
 10
3137757.5530253127
 20
317847.20824778196
 10
3137691.6803253125
 20
317852.570647782
 97
0
 75
1
 76
1
 52
0.0
 41
5.0
 77
0
 78
1
 53
45.0
 43
0.0
 44
0.0
 45
-11.2253201515
 46
11.2253201515
 79
0
 98
0
  0
HATCH
  5
1094
330
17
100
AcDbEntity
  8
BUILDINGS_HATCH
 62
251
100
AcDbHatch
 10
0.0
 20
0.0
 30
0.0
210
0.0
220
0.0
230
1.0
  2
SOLID
 70
1
 71
0
 91
1
 92
3
 72
0
 73
1
 93
12
 10
3137678.6927
 20
317632.8359
 10
3137743.6856
 20
317627.5542
 10
3137745.0785
 20
317644.5899
 10
3137728.3221
 20
317645.9421
 10
3137729.7145
 20
317662.9048
 10
3137746.9677
 20
317661.5116
 10
3137749.2467
 20
317689.345
 10
3137730.8417
 20
317690.8213
 10
3137732.4103
 20
317709.8267
 10
3137751.1538
 20
317708.3109
 10
3137752.8766
 20
317729.4322
 10
3137687.0261
 20
317734.7945
 97
0
 75
0
 76
1
 98
0
  0
HATCH
  5
1095
330
17
100
AcDbEntity
  8
BUILDINGS_SHADOW
 62
7
100
AcDbHatch
 10
0.0
 20
0.0
 30
0.0
210
0.0
220
0.0
230
1.0
  2
ANSI31
 70
0
 71
0
 91
1
 92
3
 72
0
 73
1
 93
12
 10
3137672.7759253127
 20
317640.897647782
 10
3137737.7688253126
 20
317635.615947782
 10
3137739.1617253125
 20
317652.651647782
 10
3137722.4053253126
 20
317654.003847782
 10
3137723.7977253124
 20
317670.966547782
 10
3137741.0509253126
 20
317669.573347782
 10
3137743.3299253127
 20
317697.40674778196
 10
3137724.924925313
 20
317698.883047782
 10
3137726.4935253127
 20
317717.88844778197
 10
3137745.2370253126
 20
317716.372647782
 10
3137746.9598253127
 20
317737.493947782
 10
3137681.1093253125
 20
317742.856247782
 97
0
 75
1
 76
1
 52
0.0
 41
5.0
 77
0
 78
1
 53
45.0
 43
0.0
 44
0.0
 45
-11.2253201515
 46
11.2253201515
 79
0
 98
0
  0
HATCH
  5
1096
330
17
100
AcDbEntity
  8
BUILDINGS_HATCH
 62
251
100
AcDbHatch
 10
0.0
 20
0.0
 30
0.0
210
0.0
220
0.0
230
1.0
  2
SOLID
 70
1
 71
0
 91
1
 92
3
 72
0
 73
1
 93
26
 10
3136612.3727
 20
317702.1353
 10
3136628.9585
 20
317701.9516
 10
3136630.3954
 20
317624.5113
 10
3136663.6315
 20
317623.7417
 10
3136664.5091
 20
317534.1867
 10
3136742.5817
 20
317533.4211
 10
3136742.3536
 20
317510.2423
 10
3136771.4814
 20
317509.984
 10
3136771.7341
 20
317535.9369
 10
3136830.3054
 20
317535.3447
 10
3136848.5649
 20
317555.6988
 10
3136845.6109
 20
317612.527
 10
3136822.7638
 20
317632.9534
 10
3136808.5425
 20
317632.2033
 10
3136808.4039
 20
317705.7991
 10
3136822.0751
 20
317705.6779
 10
3136822.3019
 20
317728.7106
 10
3136802.507
 20
317728.8861
 10
3136802.8451
 20
317807.8074
 10
3136731.4733
 20
317807.1991
 10
3136731.6688
 20
317826.6911
 10
3136700.8471
 20
317827.001
 10
3136700.6358
 20
317805.7204
 10
3136627.2409
 20
317803.7798
 10
3136626.4565
 20
317725.5926
 10
3136612.6046
 20
317725.7156
 97
0
 75
0
 76
1
 98
0
  0
HATCH
  5
1097
330
17
100
AcDbEntity
  8
BUILDINGS_SHADOW
 62
7
100
AcDbHatch
 10
0.0
 20
0.0
 30
0.0
210
0.0
220
0.0
230
1.0
  2
ANSI31
 70
0
 71
0
 91
1
 92
3
 72
0
 73
1
 93
26
 10
3136606.455925313
 20
317710.197047782
 10
3136623.041725313
 20
317710.01334778196
 10
3136624.4786253124
 20
317632.573047782
 10
3136657.714725313
 20
317631.803447782
 10
3136658.5923253126
 20
317542.248447782
 10
3136736.6649253126
 20
317541.48284778197
 10
3136736.4368253127
 20
317518.304047782
 10
3136765.5646253126
 20
317518.045747782
 10
3136765.8173253126
 20
317543.99864778196
 10
3136824.3886253126
 20
317543.406447782
 10
3136842.6481253128
 20
317563.760547782
 10
3136839.694125313
 20
317620.588747782
 10
3136816.8470253125
 20
317641.015147782
 10
3136802.6257253126
 20
317640.265047782
 10
3136802.4871253124
 20
317713.860847782
 10
3136816.1583253127
 20
317713.739647782
 10
3136816.3851253125
 20
317736.772347782
 10
3136796.590225313
 20
317736.947847782
 10
3136796.9283253127
 20
317815.869147782
 10
3136725.556525313
 20
317815.260847782
 10
3136725.7520253127
 20
317834.752847782
 10
3136694.9303253125
 20
317835.062747782
 10
3136694.7190253125
 20
317813.782147782
 10
3136621.3241253127
 20
317811.841547782
 10
3136620.5397253125
 20
317733.65434778197
 10
3136606.687825313
 20
317733.777347782
 97
0
 75
1
 76
1
 52
0.0
 41
5.0
 77
0
 78
1
 53
45.0
 43
0.0
 44
0.0
 45
-11.2253201515
 46
11.2253201515
 79
0
 98
0
  0
HATCH
  5
1098
330
17
100
AcDbEntity
  8
BUILDINGS_HATCH
 62
251
100
AcDbHatch
 10
0.0
 20
0.0
 30
0.0
210
0.0
220
0.0
230
1.0
  2
SOLID
 70
1
 71
0
 91
1
 92
3
 72
0
 73
1
 93
4
 10
3136394.3105
 20
317958.0757
 10
3136395.4372
 20
317919.5892
 10
3136477.2421
 20
317921.9651
 10
3136476.1152
 20
317960.4516
 97
0
 75
0
 76
1
 98
0
  0
HATCH
  5
1099
330
17
100
AcDbEntity
  8
BUILDINGS_SHADOW
 62
7
100
AcDbHatch
 10
0.0
 20
0.0
 30
0.0
210
0.0
220
0.0
230
1.0
  2
ANSI31
 70
0
 71
0
 91
1
 92
3
 72
0
 73
1
 93
4
 10
3136388.393725313
 20
317966.137447782
 10
3136389.5204253127
 20
317927.650947782
 10
3136471.3253253126
 20
317930.02684778196
 10
3136470.1984253125
 20
317968.51334778196
 97
0
 75
1
 76
1
 52
0.0
 41
5.0
 77
0
 78
1
 53
45.0
 43
0.0
 44
0.0
 45
-11.2253201515
 46
11.2253201515
 79
0
 98
0
  0
HATCH
  5
109A
330
17
100
AcDbEntity
  8
BUILDINGS_HATCH
 62
251
100
AcDbHatch
 10
0.0
 20
0.0
 30
0.0
210
0.0
220
0.0
230
1.0
  2
SOLID
 70
1
 71
0
 91
1
 92
3
 72
0
 73
1
 93
4
 10
3135543.7202
 20
320124.8338
 10
3135592.8315
 20
320110.9607
 10
3135619.2864
 20
320203.995
 10
3135570.1757
 20
320217.9045
 97
0
 75
0
 76
1
 98
0
  0
HATCH
  5
109B
330
17
100
AcDbEntity
  8
BUILDINGS_SHADOW
 62
7
100
AcDbHatch
 10
0.0
 20
0.0
 30
0.0
210
0.0
220
0.0
230
1.0
  2
ANSI31
 70
0
 71
0
 91
1
 92
3
 72
0
 73
1
 93
4
 10
3135537.8034253125
 20
320132.895547782
 10
3135586.9147253125
 20
320119.022447782
 10
3135613.3696253127
 20
320212.056747782
 10
3135564.2589253127
 20
320225.966247782
 97
0
 75
1
 76
1
 52
0.0
 41
5.0
 77
0
 78
1
 53
45.0
 43
0.0
 44
0.0
 45
-11.2253201515
 46
11.2253201515
 79
0
 98
0
  0
HATCH
  5
109C
330
17
100
AcDbEntity
  8
BUILDINGS_HATCH
 62
251
100
AcDbHatch
 10
0.0
 20
0.0
 30
0.0
210
0.0
220
0.0
230
1.0
  2
SOLID
 70
1
 71
0
 91
1
 92
3
 72
0
 73
1
 93
4
 10
3135354.2825
 20
320132.6257
 10
3135436.906
 20
320109.0337
 10
3135479.2847
 20
320256.8655
 10
3135396.6389
 20
320280.421
 97
0
 75
0
 76
1
 98
0
  0
HATCH
  5
109D
330
17
100
AcDbEntity
  8
BUILDINGS_SHADOW
 62
7
100
AcDbHatch
 10
0.0
 20
0.0
 30
0.0
210
0.0
220
0.0
230
1.0
  2
ANSI31
 70
0
 71
0
 91
1
 92
3
 72
0
 73
1
 93
4
 10
3135348.365725313
 20
320140.68744778197
 10
3135430.9892253126
 20
320117.095447782
 10
3135473.367925313
 20
320264.927247782
 10
3135390.722125313
 20
320288.48274778196
 97
0
 75
1
 76
1
 52
0.0
 41
5.0
 77
0
 78
1
 53
45.0
 43
0.0
 44
0.0
 45
-11.2253201515
 46
11.2253201515
 79
0
 98
0
  0
HATCH
  5
109E
330
17
100
AcDbEntity
  8
BUILDINGS_HATCH
 62
251
100
AcDbHatch
 10
0.0
 20
0.0
 30
0.0
210
0.0
220
0.0
230
1.0
  2
SOLID
 70
1
 71
0
 91
1
 92
3
 72
0
 73
1
 93
4
 10
3135636.2198
 20
318319.08
 10
3135641.4221
 20
318236.1667
 10
3135846.0478
 20
318248.9047
 10
3135840.8445
 20
318331.818
 97
0
 75
0
 76
1
 98
0
  0
HATCH
  5
109F
330
17
100
AcDbEntity
  8
BUILDINGS_SHADOW
 62
7
100
AcDbHatch
 10
0.0
 20
0.0
 30
0.0
210
0.0
220
0.0
230
1.0
  2
ANSI31
 70
0
 71
0
 91
1
 92
3
 72
0
 73
1
 93
4
 10
3135630.3030253127
 20
318327.141747782
 10
3135635.5053253127
 20
318244.228447782
 10
3135840.1310253125
 20
318256.966447782
 10
3135834.9277253128
 20
318339.879747782
 97
0
 75
1
 76
1
 52
0.0
 41
5.0
 77
0
 78
1
 53
45.0
 43
0.0
 44
0.0
 45
-11.2253201515
 46
11.2253201515
 79
0
 98
0
  0
HATCH
  5
10A0
330
17
100
AcDbEntity
  8
BUILDINGS_HATCH
 62
251
100
AcDbHatch
 10
0.0
 20
0.0
 30
0.0
210
0.0
220
0.0
230
1.0
  2
SOLID
 70
1
 71
0
 91
1
 92
3
 72
0
 73
1
 93
4
 10
3135311.8306
 20
320014.6196
 10
3135396.1473
 20
319985.7554
 10
3135421.2718
 20
320058.7599
 10
3135336.9554
 20
320087.6239
 97
0
 75
0
 76
1
 98
0
  0
HATCH
  5
10A1
330
17
100
AcDbEntity
  8
BUILDINGS_SHADOW
 62
7
100
AcDbHatch
 10
0.0
 20
0.0
 30
0.0
210
0.0
220
0.0
230
1.0
  2
ANSI31
 70
0
 71
0
 91
1
 92
3
 72
0
 73
1
 93
4
 10
3135305.9138253126
 20
320022.68134778197
 10
3135390.2305253125
 20
319993.817147782
 10
3135415.355025313
 20
320066.821647782
 10
3135331.0386253125
 20
320095.685647782
 97
0
 75
1
 76
1
 52
0.0
 41
5.0
 77
0
 78
1
 53
45.0
 43
0.0
 44
0.0
 45
-11.2253201515
 46
11.2253201515
 79
0
 98
0
  0
HATCH
  5
10A2
330
17
100
AcDbEntity
  8
BUILDINGS_HATCH
 62
251
100
AcDbHatch
 10
0.0
 20
0.0
 30
0.0
210
0.0
220
0.0
230
1.0
  2
SOLID
 70
1
 71
0
 91
1
 92
3
 72
0
 73
1
 93
4
 10
3134976.1879
 20
319246.1287
 10
3135293.0738
 20
319240.0741
 10
3135296.2721
 20
319407.8964
 10
3134979.3891
 20
319413.9145
 97
0
 75
0
 76
1
 98
0
  0
HATCH
  5
10A3
330
17
100
AcDbEntity
  8
BUILDINGS_SHADOW
 62
7
100
AcDbHatch
 10
0.0
 20
0.0
 30
0.0
210
0.0
220
0.0
230
1.0
  2
ANSI31
 70
0
 71
0
 91
1
 92
3
 72
0
 73
1
 93
4
 10
3134970.2711253124
 20
319254.190447782
 10
3135287.1570253125
 20
319248.135847782
 10
3135290.355325313
 20
319415.958147782
 10
3134973.4723253124
 20
319421.976247782
 97
0
 75
1
 76
1
 52
0.0
 41
5.0
 77
0
 78
1
 53
45.0
 43
0.0
 44
0.0
 45
-11.2253201515
 46
11.2253201515
 79
0
 98
0
  0
HATCH
  5
10A4
330
17
100
AcDbEntity
  8
BUILDINGS_HATCH
 62
251
100
AcDbHatch
 10
0.0
 20
0.0
 30
0.0
210
0.0
220
0.0
230
1.0
  2
SOLID
 70
1
 71
0
 91
1
 92
3
 72
0
 73
1
 93
24
 10
3136029.604
 20
317773.9776
 10
3136029.8605
 20
317665.8468
 10
3136114.5629
 20
317666.0778
 10
3136114.6539
 20
317625.5562
 10
3136080.1675
 20
317625.4983
 10
3136080.6722
 20
317425.9563
 10
3136116.3117
 20
317426.0404
 10
3136116.4442
 20
317377.4873
 10
3136212.38
 20
317377.7282
 10
3136212.2097
 20
317442.3804
 10
3136243.8492
 20
317442.4639
 10
3136243.6688
 20
317518.6884
 10
3136264.7769
 20
317518.7561
 10
3136264.6826
 20
317553.8749
 10
3136240.9081
 20
317553.8309
 10
3136240.7757
 20
317599.9017
 10
3136210.7639
 20
317599.8403
 10
3136210.6166
 20
317664.5288
 10
3136244.8546
 20
317664.6256
 10
3136244.5737
 20
317772.7201
 10
3136209.5676
 20
317772.6301
 10
3136209.4664
 20
317814.5755
 10
3136113.4881
 20
317814.335
 10
3136113.5823
 20
317774.1784
 97
0
 75
0
 76
1
 98
0
  0
HATCH
  5
10A5
330
17
100
AcDbEntity
  8
BUILDINGS_SHADOW
 62
7
100
AcDbHatch
 10
0.0
 20
0.0
 30
0.0
210
0.0
220
0.0
230
1.0
  2
ANSI31
 70
0
 71
0
 91
1
 92
3
 72
0
 73
1
 93
24
 10
3136023.6872253125
 20
317782.039347782
 10
3136023.9437253126
 20
317673.908547782
 10
3136108.6461253124
 20
317674.139547782
 10
3136108.7371253124
 20
317633.617947782
 10
3136074.2507253126
 20
317633.56004778197
 10
3136074.7554253126
 20
317434.018047782
 10
3136110.3949253126
 20
317434.102147782
 10
3136110.5274253124
 20
317385.54904778197
 10
3136206.4632253125
 20
317385.789947782
 10
3136206.2929253126
 20
317450.442147782
 10
3136237.9324253127
 20
317450.52564778196
 10
3136237.7520253127
 20
317526.750147782
 10
3136258.8601253126
 20
317526.817847782
 10
3136258.7658253126
 20
317561.936647782
 10
3136234.9913253128
 20
317561.892647782
 10
3136234.8589253128
 20
317607.963447782
 10
3136204.847125313
 20
317607.902047782
 10
3136204.6998253125
 20
317672.59054778196
 10
3136238.937825313
 20
317672.687347782
 10
3136238.6569253127
 20
317780.78184778197
 10
3136203.650825313
 20
317780.691847782
 10
3136203.5496253124
 20
317822.63724778197
 10
3136107.571325313
 20
317822.396747782
 10
3136107.6655253125
 20
317782.24014778197
 97
0
 75
1
 76
1
 52
0.0
 41
5.0
 77
0
 78
1
 53
45.0
 43
0.0
 44
0.0
 45
-11.2253201515
 46
11.2253201515
 79
0
 98
0
  0
HATCH
  5
10A6
330
17
100
AcDbEntity
  8
BUILDINGS_HATCH
 62
251
100
AcDbHatch
 10
0.0
 20
0.0
 30
0.0
210
0.0
220
0.0
230
1.0
  2
SOLID
 70
1
 71
0
 91
1
 92
3
 72
0
 73
1
 93
8
 10
3135014.4665
 20
320046.5999
 10
3135113.9966
 20
320016.028
 10
3135094.8907
 20
319954.1771
 10
3135166.322
 20
319932.2173
 10
3135185.8002
 20
319995.3062
 10
3135200.6047
 20
319990.7563
 10
3135274.3962
 20
320229.6786
 10
3135088.6331
 20
320286.7591
 97
0
 75
0
 76
1
 98
0
  0
HATCH
  5
10A7
330
17
100
AcDbEntity
  8
BUILDINGS_SHADOW
 62
7
100
AcDbHatch
 10
0.0
 20
0.0
 30
0.0
210
0.0
220
0.0
230
1.0
  2
ANSI31
 70
0
 71
0
 91
1
 92
3
 72
0
 73
1
 93
8
 10
3135008.5497253127
 20
320054.66164778196
 10
3135108.079825313
 20
320024.089747782
 10
3135088.9739253125
 20
319962.23884778196
 10
3135160.405225313
 20
319940.279047782
 10
3135179.8834253126
 20
320003.367947782
 10
3135194.6879253127
 20
319998.818047782
 10
3135268.4794253125
 20
320237.740347782
 10
3135082.716325313
 20
320294.820847782
 97
0
 75
1
 76
1
 52
0.0
 41
5.0
 77
0
 78
1
 53
45.0
 43
0.0
 44
0.0
 45
-11.2253201515
 46
11.2253201515
 79
0
 98
0
  0
HATCH
  5
10A8
330
17
100
AcDbEntity
  8
BUILDINGS_HATCH
 62
251
100
AcDbHatch
 10
0.0
 20
0.0
 30
0.0
210
0.0
220
0.0
230
1.0
  2
SOLID
 70
1
 71
0
 91
1
 92
3
 72
0
 73
1
 93
12
 10
3135413.3776
 20
321236.4516
 10
3135467.7416
 20
321216.6172
 10
3135479.207
 20
321245.5362
 10
3135453.8331
 20
321252.9913
 10
3135475.2369
 20
321314.4205
 10
3135507.3327
 20
321305.7371
 10
3135513.5927
 20
321328.6429
 10
3135475.2161
 20
321339.8648
 10
3135492.3637
 20
321395.3088
 10
3135447.6716
 20
321410.2378
 10
3135427.7457
 20
321352.3729
 10
3135449.5152
 20
321346.1182
 97
0
 75
0
 76
1
 98
0
  0
HATCH
  5
10A9
330
17
100
AcDbEntity
  8
BUILDINGS_SHADOW
 62
7
100
AcDbHatch
 10
0.0
 20
0.0
 30
0.0
210
0.0
220
0.0
230
1.0
  2
ANSI31
 70
0
 71
0
 91
1
 92
3
 72
0
 73
1
 93
12
 10
3135407.4608253124
 20
321244.51334778196
 10
3135461.8248253125
 20
321224.67894778197
 10
3135473.2902253126
 20
321253.59794778196
 10
3135447.9163253126
 20
321261.053047782
 10
3135469.3201253125
 20
321322.482247782
 10
3135501.415925313
 20
321313.798847782
 10
3135507.6759253126
 20
321336.70464778197
 10
3135469.2993253125
 20
321347.926547782
 10
3135486.4469253127
 20
321403.370547782
 10
3135441.7548253126
 20
321418.299547782
 10
3135421.8289253125
 20
321360.434647782
 10
3135443.5984253124
 20
321354.179947782
 97
0
 75
1
 76
1
 52
0.0
 41
5.0
 77
0
 78
1
 53
45.0
 43
0.0
 44
0.0
 45
-11.2253201515
 46
11.2253201515
 79
0
 98
0
  0
HATCH
  5
10AA
330
17
100
AcDbEntity
  8
BUILDINGS_HATCH
 62
251
100
AcDbHatch
 10
0.0
 20
0.0
 30
0.0
210
0.0
220
0.0
230
1.0
  2
SOLID
 70
1
 71
0
 91
1
 92
3
 72
0
 73
1
 93
4
 10
3136893.3327
 20
317076.0618
 10
3136913.5613
 20
316757.3747
 10
3137001.0047
 20
316760.3604
 10
3136983.7379
 20
317081.9415
 97
0
 75
0
 76
1
 98
0
  0
HATCH
  5
10AB
330
17
100
AcDbEntity
  8
BUILDINGS_SHADOW
 62
7
100
AcDbHatch
 10
0.0
 20
0.0
 30
0.0
210
0.0
220
0.0
230
1.0
  2
ANSI31
 70
0
 71
0
 91
1
 92
3
 72
0
 73
1
 93
4
 10
3136887.415925313
 20
317084.123547782
 10
3136907.644525313
 20
316765.436447782
 10
3136995.0879253126
 20
316768.422147782
 10
3136977.8211253127
 20
317090.003247782
 97
0
 75
1
 76
1
 52
0.0
 41
5.0
 77
0
 78
1
 53
45.0
 43
0.0
 44
0.0
 45
-11.2253201515
 46
11.2253201515
 79
0
 98
0
  0
HATCH
  5
10AC
330
17
100
AcDbEntity
  8
BUILDINGS_HATCH
 62
251
100
AcDbHatch
 10
0.0
 20
0.0
 30
0.0
210
0.0
220
0.0
230
1.0
  2
SOLID
 70
1
 71
0
 91
1
 92
3
 72
0
 73
1
 93
19
 10
3134968.6587
 20
318553.5463
 10
3134971.7084
 20
318543.3704
 10
3134977.579
 20
318535.2866
 10
3134985.7521
 20
318529.4454
 10
3134995.3527
 20
318526.5483
 10
3135005.3659
 20
318526.8234
 10
3135014.7975
 20
318530.2798
 10
3135022.6046
 20
318536.5251
 10
3135028.0135
 20
318544.9823
 10
3135030.4506
 20
318554.6708
 10
3135029.6588
 20
318564.6438
 10
3135025.719
 20
318573.842
 10
3135019.052
 20
318581.3124
 10
3135010.3288
 20
318586.2824
 10
3135000.4934
 20
318588.196
 10
3134989.9497
 20
318586.7209
 10
3134980.5273
 20
318581.7678
 10
3134973.3388
 20
318573.9472
 10
3134969.206
 20
318564.1644
 97
0
 75
0
 76
1
 98
0
  0
HATCH
  5
10AD
330
17
100
AcDbEntity
  8
BUILDINGS_SHADOW
 62
7
100
AcDbHatch
 10
0.0
 20
0.0
 30
0.0
210
0.0
220
0.0
230
1.0
  2
ANSI31
 70
0
 71
0
 91
1
 92
3
 72
0
 73
1
 93
19
 10
3134962.7419253127
 20
318561.608047782
 10
3134965.7916253125
 20
318551.432147782
 10
3134971.6622253126
 20
318543.348347782
 10
3134979.835325313
 20
318537.507147782
 10
3134989.435925313
 20
318534.610047782
 10
3134999.4491253127
 20
318534.885147782
 10
3135008.8807253125
 20
318538.341547782
 10
3135016.687825313
 20
318544.586847782
 10
3135022.0967253125
 20
318553.04404778196
 10
3135024.5338253127
 20
318562.732547782
 10
3135023.7420253125
 20
318572.705547782
 10
3135019.8022253127
 20
318581.903747782
 10
3135013.135225313
 20
318589.374147782
 10
3135004.4120253124
 20
318594.344147782
 10
3134994.5766253127
 20
318596.257747782
 10
3134984.032925313
 20
318594.782647782
 10
3134974.610525313
 20
318589.82954778196
 10
3134967.4220253127
 20
318582.008947782
 10
3134963.2892253124
 20
318572.226147782
 97
0
 75
1
 76
1
 52
0.0
 41
5.0
 77
0
 78
1
 53
45.0
 43
0.0
 44
0.0
 45
-11.2253201515
 46
11.2253201515
 79
0
 98
0
  0
HATCH
  5
10AE
330
17
100
AcDbEntity
  8
BUILDINGS_HATCH
 62
251
100
AcDbHatch
 10
0.0
 20
0.0
 30
0.0
210
0.0
220
0.0
230
1.0
  2
SOLID
 70
1
 71
0
 91
1
 92
3
 72
0
 73
1
 93
4
 10
3135562.5435
 20
321696.3597
 10
3135607.7413
 20
321685.004
 10
3135617.6486
 20
321724.195
 10
3135572.4283
 20
321735.5509
 97
0
 75
0
 76
1
 98
0
  0
HATCH
  5
10AF
330
17
100
AcDbEntity
  8
BUILDINGS_SHADOW
 62
7
100
AcDbHatch
 10
0.0
 20
0.0
 30
0.0
210
0.0
220
0.0
230
1.0
  2
ANSI31
 70
0
 71
0
 91
1
 92
3
 72
0
 73
1
 93
4
 10
3135556.626725313
 20
321704.42144778196
 10
3135601.8245253125
 20
321693.065747782
 10
3135611.7318253126
 20
321732.256747782
 10
3135566.5115253124
 20
321743.61264778196
 97
0
 75
1
 76
1
 52
0.0
 41
5.0
 77
0
 78
1
 53
45.0
 43
0.0
 44
0.0
 45
-11.2253201515
 46
11.2253201515
 79
0
 98
0
  0
HATCH
  5
10B0
330
17
100
AcDbEntity
  8
BUILDINGS_HATCH
 62
251
100
AcDbHatch
 10
0.0
 20
0.0
 30
0.0
210
0.0
220
0.0
230
1.0
  2
SOLID
 70
1
 71
0
 91
1
 92
3
 72
0
 73
1
 93
4
 10
3135936.9938
 20
317241.7541
 10
3135995.9976
 20
317198.2978
 10
3136024.9802
 20
317237.4651
 10
3135965.9765
 20
317280.9213
 97
0
 75
0
 76
1
 98
0
  0
HATCH
  5
10B1
330
17
100
AcDbEntity
  8
BUILDINGS_SHADOW
 62
7
100
AcDbHatch
 10
0.0
 20
0.0
 30
0.0
210
0.0
220
0.0
230
1.0
  2
ANSI31
 70
0
 71
0
 91
1
 92
3
 72
0
 73
1
 93
4
 10
3135931.0770253125
 20
317249.815847782
 10
3135990.0808253125
 20
317206.359547782
 10
3136019.0634253128
 20
317245.52684778196
 10
3135960.0597253125
 20
317288.983047782
 97
0
 75
1
 76
1
 52
0.0
 41
5.0
 77
0
 78
1
 53
45.0
 43
0.0
 44
0.0
 45
-11.2253201515
 46
11.2253201515
 79
0
 98
0
  0
HATCH
  5
10B2
330
17
100
AcDbEntity
  8
BUILDINGS_HATCH
 62
251
100
AcDbHatch
 10
0.0
 20
0.0
 30
0.0
210
0.0
220
0.0
230
1.0
  2
SOLID
 70
1
 71
0
 91
1
 92
3
 72
0
 73
1
 93
4
 10
3136379.0982
 20
316989.2897
 10
3136408.5678
 20
316951.0988
 10
3136453.7362
 20
316985.7424
 10
3136424.2666
 20
317023.9332
 97
0
 75
0
 76
1
 98
0
  0
HATCH
  5
10B3
330
17
100
AcDbEntity
  8
BUILDINGS_SHADOW
 62
7
100
AcDbHatch
 10
0.0
 20
0.0
 30
0.0
210
0.0
220
0.0
230
1.0
  2
ANSI31
 70
0
 71
0
 91
1
 92
3
 72
0
 73
1
 93
4
 10
3136373.1814253125
 20
316997.351447782
 10
3136402.6510253125
 20
316959.16054778197
 10
3136447.819425313
 20
316993.804147782
 10
3136418.349825313
 20
317031.994947782
 97
0
 75
1
 76
1
 52
0.0
 41
5.0
 77
0
 78
1
 53
45.0
 43
0.0
 44
0.0
 45
-11.2253201515
 46
11.2253201515
 79
0
 98
0
  0
HATCH
  5
10B4
330
17
100
AcDbEntity
  8
BUILDINGS_HATCH
 62
251
100
AcDbHatch
 10
0.0
 20
0.0
 30
0.0
210
0.0
220
0.0
230
1.0
  2
SOLID
 70
1
 71
0
 91
1
 92
3
 72
0
 73
1
 93
4
 10
3135854.0609
 20
317265.3097
 10
3135905.4755
 20
317252.7677
 10
3135917.6707
 20
317302.4886
 10
3135866.2565
 20
317315.067
 97
0
 75
0
 76
1
 98
0
  0
HATCH
  5
10B5
330
17
100
AcDbEntity
  8
BUILDINGS_SHADOW
 62
7
100
AcDbHatch
 10
0.0
 20
0.0
 30
0.0
210
0.0
220
0.0
230
1.0
  2
ANSI31
 70
0
 71
0
 91
1
 92
3
 72
0
 73
1
 93
4
 10
3135848.1441253126
 20
317273.371447782
 10
3135899.558725313
 20
317260.829447782
 10
3135911.753925313
 20
317310.550347782
 10
3135860.339725313
 20
317323.128747782
 97
0
 75
1
 76
1
 52
0.0
 41
5.0
 77
0
 78
1
 53
45.0
 43
0.0
 44
0.0
 45
-11.2253201515
 46
11.2253201515
 79
0
 98
0
  0
HATCH
  5
10B6
330
17
100
AcDbEntity
  8
BUILDINGS_HATCH
 62
251
100
AcDbHatch
 10
0.0
 20
0.0
 30
0.0
210
0.0
220
0.0
230
1.0
  2
SOLID
 70
1
 71
0
 91
1
 92
3
 72
0
 73
1
 93
4
 10
3136053.0708
 20
317148.6531
 10
3136127.7299
 20
317091.7334
 10
3136161.0678
 20
317135.2793
 10
3136086.4086
 20
317192.1623
 97
0
 75
0
 76
1
 98
0
  0
HATCH
  5
10B7
330
17
100
AcDbEntity
  8
BUILDINGS_SHADOW
 62
7
100
AcDbHatch
 10
0.0
 20
0.0
 30
0.0
210
0.0
220
0.0
230
1.0
  2
ANSI31
 70
0
 71
0
 91
1
 92
3
 72
0
 73
1
 93
4
 10
3136047.1540253125
 20
317156.714847782
 10
3136121.813125313
 20
317099.795147782
 10
3136155.1510253125
 20
317143.341047782
 10
3136080.491825313
 20
317200.224047782
 97
0
 75
1
 76
1
 52
0.0
 41
5.0
 77
0
 78
1
 53
45.0
 43
0.0
 44
0.0
 45
-11.2253201515
 46
11.2253201515
 79
0
 98
0
  0
HATCH
  5
10B8
330
17
100
AcDbEntity
  8
BUILDINGS_HATCH
 62
251
100
AcDbHatch
 10
0.0
 20
0.0
 30
0.0
210
0.0
220
0.0
230
1.0
  2
SOLID
 70
1
 71
0
 91
1
 92
3
 72
0
 73
1
 93
4
 10
3136146.2573
 20
317088.721
 10
3136204.0645
 20
317045.2762
 10
3136232.7424
 20
317083.2419
 10
3136174.9352
 20
317126.6866
 97
0
 75
0
 76
1
 98
0
  0
HATCH
  5
10B9
330
17
100
AcDbEntity
  8
BUILDINGS_SHADOW
 62
7
100
AcDbHatch
 10
0.0
 20
0.0
 30
0.0
210
0.0
220
0.0
230
1.0
  2
ANSI31
 70
0
 71
0
 91
1
 92
3
 72
0
 73
1
 93
4
 10
3136140.340525313
 20
317096.782747782
 10
3136198.1477253125
 20
317053.337947782
 10
3136226.8256253125
 20
317091.303647782
 10
3136169.018425313
 20
317134.748347782
 97
0
 75
1
 76
1
 52
0.0
 41
5.0
 77
0
 78
1
 53
45.0
 43
0.0
 44
0.0
 45
-11.2253201515
 46
11.2253201515
 79
0
 98
0
  0
HATCH
  5
10BA
330
17
100
AcDbEntity
  8
BUILDINGS_HATCH
 62
251
100
AcDbHatch
 10
0.0
 20
0.0
 30
0.0
210
0.0
220
0.0
230
1.0
  2
SOLID
 70
1
 71
0
 91
1
 92
3
 72
0
 73
1
 93
4
 10
3136215.5617
 20
317029.3671
 10
3136264.9812
 20
316995.671
 10
3136296.0066
 20
317040.9535
 10
3136246.6099
 20
317074.6493
 97
0
 75
0
 76
1
 98
0
  0
HATCH
  5
10BB
330
17
100
AcDbEntity
  8
BUILDINGS_SHADOW
 62
7
100
AcDbHatch
 10
0.0
 20
0.0
 30
0.0
210
0.0
220
0.0
230
1.0
  2
ANSI31
 70
0
 71
0
 91
1
 92
3
 72
0
 73
1
 93
4
 10
3136209.6449253126
 20
317037.42884778196
 10
3136259.0644253124
 20
317003.73274778196
 10
3136290.0898253126
 20
317049.015247782
 10
3136240.6931253127
 20
317082.711047782
 97
0
 75
1
 76
1
 52
0.0
 41
5.0
 77
0
 78
1
 53
45.0
 43
0.0
 44
0.0
 45
-11.2253201515
 46
11.2253201515
 79
0
 98
0
  0
HATCH
  5
10BC
330
17
100
AcDbEntity
  8
BUILDINGS_HATCH
 62
251
100
AcDbHatch
 10
0.0
 20
0.0
 30
0.0
210
0.0
220
0.0
230
1.0
  2
SOLID
 70
1
 71
0
 91
1
 92
3
 72
0
 73
1
 93
4
 10
3135745.0329
 20
317314.9444
 10
3135747.6477
 20
317266.1136
 10
3135844.6679
 20
317271.3074
 10
3135842.0524
 20
317320.1017
 97
0
 75
0
 76
1
 98
0
  0
HATCH
  5
10BD
330
17
100
AcDbEntity
  8
BUILDINGS_SHADOW
 62
7
100
AcDbHatch
 10
0.0
 20
0.0
 30
0.0
210
0.0
220
0.0
230
1.0
  2
ANSI31
 70
0
 71
0
 91
1
 92
3
 72
0
 73
1
 93
4
 10
3135739.1161253126
 20
317323.00614778197
 10
3135741.7309253127
 20
317274.175347782
 10
3135838.7511253124
 20
317279.369147782
 10
3135836.1356253126
 20
317328.163447782
 97
0
 75
1
 76
1
 52
0.0
 41
5.0
 77
0
 78
1
 53
45.0
 43
0.0
 44
0.0
 45
-11.2253201515
 46
11.2253201515
 79
0
 98
0
  0
HATCH
  5
10BE
330
17
100
AcDbEntity
  8
BUILDINGS_HATCH
 62
251
100
AcDbHatch
 10
0.0
 20
0.0
 30
0.0
210
0.0
220
0.0
230
1.0
  2
SOLID
 70
1
 71
0
 91
1
 92
3
 72
0
 73
1
 93
8
 10
3135062.5703
 20
318001.5474
 10
3135069.4107
 20
317932.7832
 10
3135087.2798
 20
317934.5942
 10
3135090.1977
 20
317907.1891
 10
3135161.3372
 20
317914.6917
 10
3135150.2541
 20
318039.6025
 10
3135081.8241
 20
318031.7835
 10
3135084.5105
 20
318003.7599
 97
0
 75
0
 76
1
 98
0
  0
HATCH
  5
10BF
330
17
100
AcDbEntity
  8
BUILDINGS_SHADOW
 62
7
100
AcDbHatch
 10
0.0
 20
0.0
 30
0.0
210
0.0
220
0.0
230
1.0
  2
ANSI31
 70
0
 71
0
 91
1
 92
3
 72
0
 73
1
 93
8
 10
3135056.6535253124
 20
318009.609147782
 10
3135063.4939253125
 20
317940.844947782
 10
3135081.363025313
 20
317942.655947782
 10
3135084.2809253125
 20
317915.250847782
 10
3135155.4204253126
 20
317922.753447782
 10
3135144.3373253127
 20
318047.66424778197
 10
3135075.9073253125
 20
318039.845247782
 10
3135078.5937253125
 20
318011.821647782
 97
0
 75
1
 76
1
 52
0.0
 41
5.0
 77
0
 78
1
 53
45.0
 43
0.0
 44
0.0
 45
-11.2253201515
 46
11.2253201515
 79
0
 98
0
  0
HATCH
  5
10C0
330
17
100
AcDbEntity
  8
BUILDINGS_HATCH
 62
251
100
AcDbHatch
 10
0.0
 20
0.0
 30
0.0
210
0.0
220
0.0
230
1.0
  2
SOLID
 70
1
 71
0
 91
1
 92
3
 72
0
 73
1
 93
4
 10
3136302.1962
 20
316890.7525
 10
3136348.5124
 20
316861.2824
 10
3136399.3919
 20
316940.8859
 10
3136353.0532
 20
316970.3561
 97
0
 75
0
 76
1
 98
0
  0
HATCH
  5
10C1
330
17
100
AcDbEntity
  8
BUILDINGS_SHADOW
 62
7
100
AcDbHatch
 10
0.0
 20
0.0
 30
0.0
210
0.0
220
0.0
230
1.0
  2
ANSI31
 70
0
 71
0
 91
1
 92
3
 72
0
 73
1
 93
4
 10
3136296.2794253128
 20
316898.814247782
 10
3136342.5956253125
 20
316869.344147782
 10
3136393.475125313
 20
316948.947647782
 10
3136347.1364253126
 20
316978.41784778197
 97
0
 75
1
 76
1
 52
0.0
 41
5.0
 77
0
 78
1
 53
45.0
 43
0.0
 44
0.0
 45
-11.2253201515
 46
11.2253201515
 79
0
 98
0
  0
HATCH
  5
10C2
330
17
100
AcDbEntity
  8
BUILDINGS_HATCH
 62
251
100
AcDbHatch
 10
0.0
 20
0.0
 30
0.0
210
0.0
220
0.0
230
1.0
  2
SOLID
 70
1
 71
0
 91
1
 92
3
 72
0
 73
1
 93
4
 10
3135662.3865
 20
317292.1003
 10
3135676.5481
 20
317253.2418
 10
3135736.7445
 20
317275.0817
 10
3135722.5825
 20
317313.9038
 97
0
 75
0
 76
1
 98
0
  0
HATCH
  5
10C3
330
17
100
AcDbEntity
  8
BUILDINGS_SHADOW
 62
7
100
AcDbHatch
 10
0.0
 20
0.0
 30
0.0
210
0.0
220
0.0
230
1.0
  2
ANSI31
 70
0
 71
0
 91
1
 92
3
 72
0
 73
1
 93
4
 10
3135656.4697253127
 20
317300.162047782
 10
3135670.6313253124
 20
317261.303547782
 10
3135730.8277253127
 20
317283.143447782
 10
3135716.6657253127
 20
317321.96554778196
 97
0
 75
1
 76
1
 52
0.0
 41
5.0
 77
0
 78
1
 53
45.0
 43
0.0
 44
0.0
 45
-11.2253201515
 46
11.2253201515
 79
0
 98
0
  0
HATCH
  5
10C4
330
17
100
AcDbEntity
  8
BUILDINGS_HATCH
 62
251
100
AcDbHatch
 10
0.0
 20
0.0
 30
0.0
210
0.0
220
0.0
230
1.0
  2
SOLID
 70
1
 71
0
 91
1
 92
3
 72
0
 73
1
 93
4
 10
3135809.9037
 20
317113.623
 10
3135898.6993
 20
317078.3697
 10
3135919.7584
 20
317131.151
 10
3135830.9856
 20
317166.4039
 97
0
 75
0
 76
1
 98
0
  0
HATCH
  5
10C5
330
17
100
AcDbEntity
  8
BUILDINGS_SHADOW
 62
7
100
AcDbHatch
 10
0.0
 20
0.0
 30
0.0
210
0.0
220
0.0
230
1.0
  2
ANSI31
 70
0
 71
0
 91
1
 92
3
 72
0
 73
1
 93
4
 10
3135803.986925313
 20
317121.684747782
 10
3135892.7825253126
 20
317086.431447782
 10
3135913.841625313
 20
317139.212747782
 10
3135825.0688253124
 20
317174.46564778197
 97
0
 75
1
 76
1
 52
0.0
 41
5.0
 77
0
 78
1
 53
45.0
 43
0.0
 44
0.0
 45
-11.2253201515
 46
11.2253201515
 79
0
 98
0
  0
HATCH
  5
10C6
330
17
100
AcDbEntity
  8
BUILDINGS_HATCH
 62
251
100
AcDbHatch
 10
0.0
 20
0.0
 30
0.0
210
0.0
220
0.0
230
1.0
  2
SOLID
 70
1
 71
0
 91
1
 92
3
 72
0
 73
1
 93
4
 10
3135939.0003
 20
317043.5493
 10
3135999.819
 20
316998.2517
 10
3136032.8693
 20
317042.4204
 10
3135972.0506
 20
317087.718
 97
0
 75
0
 76
1
 98
0
  0
HATCH
  5
10C7
330
17
100
AcDbEntity
  8
BUILDINGS_SHADOW
 62
7
100
AcDbHatch
 10
0.0
 20
0.0
 30
0.0
210
0.0
220
0.0
230
1.0
  2
ANSI31
 70
0
 71
0
 91
1
 92
3
 72
0
 73
1
 93
4
 10
3135933.0835253126
 20
317051.611047782
 10
3135993.902225313
 20
317006.313447782
 10
3136026.9525253125
 20
317050.482147782
 10
3135966.133825313
 20
317095.779747782
 97
0
 75
1
 76
1
 52
0.0
 41
5.0
 77
0
 78
1
 53
45.0
 43
0.0
 44
0.0
 45
-11.2253201515
 46
11.2253201515
 79
0
 98
0
  0
HATCH
  5
10C8
330
17
100
AcDbEntity
  8
BUILDINGS_HATCH
 62
251
100
AcDbHatch
 10
0.0
 20
0.0
 30
0.0
210
0.0
220
0.0
230
1.0
  2
SOLID
 70
1
 71
0
 91
1
 92
3
 72
0
 73
1
 93
4
 10
3136066.1569
 20
316935.7111
 10
3136088.4717
 20
316878.3451
 10
3136154.1698
 20
316903.7516
 10
3136131.8549
 20
316961.1175
 97
0
 75
0
 76
1
 98
0
  0
HATCH
  5
10C9
330
17
100
AcDbEntity
  8
BUILDINGS_SHADOW
 62
7
100
AcDbHatch
 10
0.0
 20
0.0
 30
0.0
210
0.0
220
0.0
230
1.0
  2
ANSI31
 70
0
 71
0
 91
1
 92
3
 72
0
 73
1
 93
4
 10
3136060.2401253125
 20
316943.772847782
 10
3136082.5549253128
 20
316886.40684778197
 10
3136148.2530253124
 20
316911.813347782
 10
3136125.938125313
 20
316969.179247782
 97
0
 75
1
 76
1
 52
0.0
 41
5.0
 77
0
 78
1
 53
45.0
 43
0.0
 44
0.0
 45
-11.2253201515
 46
11.2253201515
 79
0
 98
0
  0
HATCH
  5
10CA
330
17
100
AcDbEntity
  8
BUILDINGS_HATCH
 62
251
100
AcDbHatch
 10
0.0
 20
0.0
 30
0.0
210
0.0
220
0.0
230
1.0
  2
SOLID
 70
1
 71
0
 91
1
 92
3
 72
0
 73
1
 93
5
 10
3135078.2071
 20
321569.8277
 10
3135135.6273
 20
321530.6901
 10
3135172.005
 20
321583.8439
 10
3135148.0399
 20
321599.6831
 10
3135201.0669
 20
321680.3586
 97
0
 75
0
 76
1
 98
0
  0
HATCH
  5
10CB
330
17
100
AcDbEntity
  8
BUILDINGS_SHADOW
 62
7
100
AcDbHatch
 10
0.0
 20
0.0
 30
0.0
210
0.0
220
0.0
230
1.0
  2
ANSI31
 70
0
 71
0
 91
1
 92
3
 72
0
 73
1
 93
5
 10
3135072.290325313
 20
321577.889447782
 10
3135129.7105253125
 20
321538.751847782
 10
3135166.0882253125
 20
321591.90564778197
 10
3135142.123125313
 20
321607.744847782
 10
3135195.1501253126
 20
321688.42034778197
 97
0
 75
1
 76
1
 52
0.0
 41
5.0
 77
0
 78
1
 53
45.0
 43
0.0
 44
0.0
 45
-11.2253201515
 46
11.2253201515
 79
0
 98
0
  0
HATCH
  5
10CC
330
17
100
AcDbEntity
  8
BUILDINGS_HATCH
 62
251
100
AcDbHatch
 10
0.0
 20
0.0
 30
0.0
210
0.0
220
0.0
230
1.0
  2
SOLID
 70
1
 71
0
 91
1
 92
3
 72
0
 73
1
 93
4
 10
3135509.1835
 20
317329.7562
 10
3135529.7675
 20
317306.5738
 10
3135554.8249
 20
317328.7274
 10
3135534.2179
 20
317351.8735
 97
0
 75
0
 76
1
 98
0
  0
HATCH
  5
10CD
330
17
100
AcDbEntity
  8
BUILDINGS_SHADOW
 62
7
100
AcDbHatch
 10
0.0
 20
0.0
 30
0.0
210
0.0
220
0.0
230
1.0
  2
ANSI31
 70
0
 71
0
 91
1
 92
3
 72
0
 73
1
 93
4
 10
3135503.2667253125
 20
317337.817947782
 10
3135523.8507253127
 20
317314.635547782
 10
3135548.9081253125
 20
317336.78914778196
 10
3135528.3011253127
 20
317359.935247782
 97
0
 75
1
 76
1
 52
0.0
 41
5.0
 77
0
 78
1
 53
45.0
 43
0.0
 44
0.0
 45
-11.2253201515
 46
11.2253201515
 79
0
 98
0
  0
HATCH
  5
10CE
330
17
100
AcDbEntity
  8
BUILDINGS_HATCH
 62
251
100
AcDbHatch
 10
0.0
 20
0.0
 30
0.0
210
0.0
220
0.0
230
1.0
  2
SOLID
 70
1
 71
0
 91
1
 92
3
 72
0
 73
1
 93
4
 10
3136868.6472
 20
316598.3543
 10
3136841.9477
 20
316597.3863
 10
3136840.8464
 20
316608.2746
 10
3136814.1802
 20
316608.5109
 97
0
 75
0
 76
1
 98
0
  0
HATCH
  5
10CF
330
17
100
AcDbEntity
  8
BUILDINGS_SHADOW
 62
7
100
AcDbHatch
 10
0.0
 20
0.0
 30
0.0
210
0.0
220
0.0
230
1.0
  2
ANSI31
 70
0
 71
0
 91
1
 92
3
 72
0
 73
1
 93
4
 10
3136862.7304253126
 20
316606.416047782
 10
3136836.0309253125
 20
316605.448047782
 10
3136834.929625313
 20
316616.336347782
 10
3136808.2634253125
 20
316616.572647782
 97
0
 75
1
 76
1
 52
0.0
 41
5.0
 77
0
 78
1
 53
45.0
 43
0.0
 44
0.0
 45
-11.2253201515
 46
11.2253201515
 79
0
 98
0
  0
ENDSEC
  0
SECTION
  2
OBJECTS
  0
DICTIONARY
  5
A
330
0
100
AcDbDictionary
281
1
  3
ACAD_COLOR
350
B
  3
ACAD_GROUP
350
C
  3
ACAD_LAYOUT
350
D
  3
ACAD_MATERIAL
350
E
  3
ACAD_MLEADERSTYLE
350
F
  3
ACAD_MLINESTYLE
350
10
  3
ACAD_PLOTSETTINGS
350
11
  3
ACAD_PLOTSTYLENAME
350
12
  3
ACAD_SCALELIST
350
14
  3
ACAD_TABLESTYLE
350
15
  3
ACAD_VISUALSTYLE
350
16
  3
EZDXF_META
350
2D
  0
DICTIONARY
  5
B
330
A
100
AcDbDictionary
281
1
  0
DICTIONARY
  5
C
330
A
100
AcDbDictionary
281
1
  0
DICTIONARY
  5
D
330
A
100
AcDbDictionary
281
1
  3
Model
350
1A
  3
Layout1
350
1E
  3
NEAR 40-scale
350
EF2
  3
FAR 100-scale
350
F0D
  3
PARCEL OVERVIEW 3000 SCALE
350
F25
  0
DICTIONARY
  5
E
330
A
100
AcDbDictionary
281
1
  3
ByBlock
350
1F
  3
ByLayer
350
20
  3
Global
350
21
  0
DICTIONARY
  5
F
330
A
100
AcDbDictionary
281
1
  3
Standard
350
2C
  0
DICTIONARY
  5
10
330
A
100
AcDbDictionary
281
1
  3
Standard
350
22
  0
DICTIONARY
  5
11
330
A
100
AcDbDictionary
281
1
  0
ACDBDICTIONARYWDFLT
  5
12
330
A
100
AcDbDictionary
281
1
  3
Normal
350
13
100
AcDbDictionaryWithDefault
340
13
  0
ACDBPLACEHOLDER
  5
13
330
12
  0
DICTIONARY
  5
14
330
A
100
AcDbDictionary
281
1
  0
DICTIONARY
  5
15
330
A
100
AcDbDictionary
281
1
  0
DICTIONARY
  5
16
330
A
100
AcDbDictionary
281
1
  0
LAYOUT
  5
1A
330
D
100
AcDbPlotSettings
  1

  4
A3
  6

 40
7.5
 41
20.0
 42
7.5
 43
20.0
 44
420.0
 45
297.0
 46
0.0
 47
0.0
 48
0.0
 49
0.0
140
0.0
141
0.0
142
1.0
143
1.0
 70
1024
 72
1
 73
0
 74
5
  7

 75
16
 76
0
 77
2
 78
300
147
1.0
148
0.0
149
0.0
100
AcDbLayout
  1
Model
 70
1
 71
0
 10
0.0
 20
0.0
 11
420.0
 21
297.0
 12
0.0
 22
0.0
 32
0.0
 14
1e+20
 24
1e+20
 34
1e+20
 15
-1e+20
 25
-1e+20
 35
-1e+20
146
0.0
 13
0.0
 23
0.0
 33
0.0
 16
1.0
 26
0.0
 36
0.0
 17
0.0
 27
1.0
 37
0.0
 76
1
330
17
  0
LAYOUT
  5
1E
330
D
100
AcDbPlotSettings
  1

  4
A3
  6

 40
7.5
 41
20.0
 42
7.5
 43
20.0
 44
420.0
 45
297.0
 46
0.0
 47
0.0
 48
0.0
 49
0.0
140
0.0
141
0.0
142
1.0
143
1.0
 70
0
 72
1
 73
0
 74
5
  7

 75
16
 76
0
 77
2
 78
300
147
1.0
148
0.0
149
0.0
100
AcDbLayout
  1
Layout1
 70
1
 71
1
 10
0.0
 20
0.0
 11
420.0
 21
297.0
 12
0.0
 22
0.0
 32
0.0
 14
1e+20
 24
1e+20
 34
1e+20
 15
-1e+20
 25
-1e+20
 35
-1e+20
146
0.0
 13
0.0
 23
0.0
 33
0.0
 16
1.0
 26
0.0
 36
0.0
 17
0.0
 27
1.0
 37
0.0
 76
1
330
1B
  0
MATERIAL
  5
1F
102
{ACAD_REACTORS
330
E
102
}
330
E
100
AcDbMaterial
  1
ByBlock
  2

 70
0
 40
1.0
 71
1
 41
1.0
 91
-1023410177
 42
1.0
 72
1
  3

 73
1
 74
1
 75
1
 44
0.5
 73
0
 45
1.0
 46
1.0
 77
1
  4

 78
1
 79
1
170
1
 48
1.0
171
1
  6

172
1
173
1
174
1
140
1.0
141
1.0
175
1
  7

176
1
177
1
178
1
143
1.0
179
1
  8

270
1
271
1
272
1
145
1.0
146
1.0
273
1
  9

274
1
275
1
276
1
 42
1.0
 72
1
  3

 73
1
 74
1
 75
1
 94
63
  0
MATERIAL
  5
20
102
{ACAD_REACTORS
330
E
102
}
330
E
100
AcDbMaterial
  1
ByLayer
  2

 70
0
 40
1.0
 71
1
 41
1.0
 91
-1023410177
 42
1.0
 72
1
  3

 73
1
 74
1
 75
1
 44
0.5
 73
0
 45
1.0
 46
1.0
 77
1
  4

 78
1
 79
1
170
1
 48
1.0
171
1
  6

172
1
173
1
174
1
140
1.0
141
1.0
175
1
  7

176
1
177
1
178
1
143
1.0
179
1
  8

270
1
271
1
272
1
145
1.0
146
1.0
273
1
  9

274
1
275
1
276
1
 42
1.0
 72
1
  3

 73
1
 74
1
 75
1
 94
63
  0
MATERIAL
  5
21
102
{ACAD_REACTORS
330
E
102
}
330
E
100
AcDbMaterial
  1
Global
  2

 70
0
 40
1.0
 71
1
 41
1.0
 91
-1023410177
 42
1.0
 72
1
  3

 73
1
 74
1
 75
1
 44
0.5
 73
0
 45
1.0
 46
1.0
 77
1
  4

 78
1
 79
1
170
1
 48
1.0
171
1
  6

172
1
173
1
174
1
140
1.0
141
1.0
175
1
  7

176
1
177
1
178
1
143
1.0
179
1
  8

270
1
271
1
272
1
145
1.0
146
1.0
273
1
  9

274
1
275
1
276
1
 42
1.0
 72
1
  3

 73
1
 74
1
 75
1
 94
63
  0
MLINESTYLE
  5
22
102
{ACAD_REACTORS
330
10
102
}
330
10
100
AcDbMlineStyle
  2
Standard
 70
0
  3

 62
256
 51
90.0
 52
90.0
 71
2
 49
0.5
 62
256
  6
BYLAYER
 49
-0.5
 62
256
  6
BYLAYER
  0
MLEADERSTYLE
  5
2C
102
{ACAD_REACTORS
330
F
102
}
330
F
100
AcDbMLeaderStyle
179
2
170
2
171
1
172
0
 90
2
 40
0.0
 41
0.0
173
1
 91
-1056964608
 92
-2
290
1
 42
2.0
291
1
 43
8.0
  3
Standard
 44
4.0
300

342
29
174
1
175
1
176
0
178
1
 93
-1056964608
 45
4.0
292
0
297
0
 46
4.0
 94
-1056964608
 47
1.0
 49
1.0
140
1.0
294
1
141
0.0
177
0
142
1.0
295
0
296
0
143
3.75
271
0
272
9
273
9
  0
DICTIONARY
  5
2D
330
A
100
AcDbDictionary
280
1
281
1
  3
CREATED_BY_EZDXF
350
2E
  3
WRITTEN_BY_EZDXF
350
EA2
  0
DICTIONARYVAR
  5
2E
330
2D
100
DictionaryVariables
280
0
  1
1.4.3 @ 2026-03-04T06:07:58.101685+00:00
  0
DICTIONARYVAR
  5
EA2
330
2D
100
DictionaryVariables
280
0
  1
1.4.3 @ 2026-07-23T22:04:37.478652+00:00
  0
LAYOUT
  5
EF2
330
D
100
AcDbPlotSettings
  1

  2
DWG to PDF.pc3
  4
ezdxf_(36.00_x_24.00_Inches)
  6

 40
12.7
 41
12.7
 42
12.7
 43
12.7
 44
914.4
 45
609.5999999999999
 46
0.0
 47
0.0
 48
0.0
 49
0.0
140
0.0
141
0.0
142
1.0
143
1.0
 70
672
 72
0
 73
0
 74
5
  7

 75
16
 76
0
 77
2
 78
300
147
0.03937007874015748
148
0.0
149
0.0
100
AcDbLayout
  1
NEAR 40-scale
 70
1
 71
5
 10
-0.5
 20
-0.5
 11
35.5
 21
23.499999999999996
 12
0.0
 22
0.0
 32
0.0
 14
1e+20
 24
1e+20
 34
1e+20
 15
-1e+20
 25
-1e+20
 35
-1e+20
146
0.0
 13
0.0
 23
0.0
 33
0.0
 16
1.0
 26
0.0
 36
0.0
 17
0.0
 27
1.0
 37
0.0
 76
1
330
EEF
331
EF3
  0
LAYOUT
  5
F0D
330
D
100
AcDbPlotSettings
  1

  2
DWG to PDF.pc3
  4
ezdxf_(36.00_x_24.00_Inches)
  6

 40
12.7
 41
12.7
 42
12.7
 43
12.7
 44
914.4
 45
609.5999999999999
 46
0.0
 47
0.0
 48
0.0
 49
0.0
140
0.0
141
0.0
142
1.0
143
1.0
 70
672
 72
0
 73
0
 74
5
  7

 75
16
 76
0
 77
2
 78
300
147
0.03937007874015748
148
0.0
149
0.0
100
AcDbLayout
  1
FAR 100-scale
 70
1
 71
5
 10
-0.5
 20
-0.5
 11
35.5
 21
23.499999999999996
 12
0.0
 22
0.0
 32
0.0
 14
1e+20
 24
1e+20
 34
1e+20
 15
-1e+20
 25
-1e+20
 35
-1e+20
146
0.0
 13
0.0
 23
0.0
 33
0.0
 16
1.0
 26
0.0
 36
0.0
 17
0.0
 27
1.0
 37
0.0
 76
1
330
F08
331
F0E
  0
LAYOUT
  5
F25
330
D
100
AcDbPlotSettings
  1

  2
DWG to PDF.pc3
  4
ezdxf_(36.00_x_24.00_Inches)
  6

 40
12.7
 41
12.7
 42
12.7
 43
12.7
 44
914.4
 45
609.5999999999999
 46
0.0
 47
0.0
 48
0.0
 49
0.0
140
0.0
141
0.0
142
1.0
143
1.0
 70
672
 72
0
 73
0
 74
5
  7

 75
16
 76
0
 77
2
 78
300
147
0.03937007874015748
148
0.0
149
0.0
100
AcDbLayout
  1
PARCEL OVERVIEW 3000 SCALE
 70
1
 71
5
 10
-0.5
 20
-0.5
 11
35.5
 21
23.499999999999996
 12
0.0
 22
0.0
 32
0.0
 14
1e+20
 24
1e+20
 34
1e+20
 15
-1e+20
 25
-1e+20
 35
-1e+20
146
0.0
 13
0.0
 23
0.0
 33
0.0
 16
1.0
 26
0.0
 36
0.0
 17
0.0
 27
1.0
 37
0.0
 76
1
330
F22
331
F26
  0
DICTIONARY
  5
10D1
330
1
100
AcDbDictionary
280
     1
281
     1
  3
ACAD_LAYERSTATES
360
10DA
  0
DICTIONARY
  5
10DA
102
{ACAD_REACTORS
330
10D1
102
}
330
10D1
100
AcDbDictionary
281
     1
  3
SURVEY
350
10D2
  3
PRESENTATION
350
10D3
  3
ARCHITECTURAL
350
10D4
  3
FIELD
350
10D5
  0
XRECORD
  5
10D2
102
{ACAD_XDICTIONARY
360
10D6
102
}
102
{ACAD_REACTORS
330
10DA
102
}
330
10DA
100
AcDbXrecord
280
     1
 91
   67583
301

290
     0
302
ADJOINING_LABELS
330
F0A
 90
        8
 62
    230
370
    -3
440
        0
302
ADJOINING_PARCELS
330
F0B
 90
        8
 62
    241
370
    -3
440
        0
302
BENCHMARKS
330
36
 90
        8
 62
      2
370
    -3
440
        0
302
BM_LABELS
330
37
 90
        8
 62
      2
370
    -3
440
        0
302
BUILDINGS
330
57
 90
        8
 62
      9
370
    -3
440
        0
302
CENTER
330
2F
 90
        8
 62
      1
370
    -3
440
        0
302
CL_LOCAL
330
45
 90
        8
 62
      4
370
    -3
440
        0
302
CL_LOCAL_3D
330
46
 90
        8
 62
      4
370
    -3
440
        0
302
CL_MAJOR
330
43
 90
        8
 62
      2
370
    -3
440
        0
302
CL_MAJOR_3D
330
44
 90
        8
 62
      2
370
    -3
440
        0
302
CL_TRAIL
330
47
 90
        8
 62
      6
370
    -3
440
        0
302
CL_TRAIL_3D
330
48
 90
        8
 62
      6
370
    -3
440
        0
302
CONTOUR_1FT
330
38
 90
        8
 62
    251
370
    -3
440
        0
302
CONTOUR_INDEX
330
30
 90
        8
 62
    150
370
    -3
440
        0
302
CONTOUR_MAJOR
330
31
 90
        8
 62
     92
370
    -3
440
        0
302
CONTOUR_MINOR
330
32
 90
        8
 62
    253
370
    -3
440
        0
302
COUNTY_BOUNDARY
330
58
 90
        8
 62
     40
370
    -3
440
        0
302
COUNTY_LABEL
330
59
 90
        8
 62
     40
370
    -3
440
        0
302
ELEV_LABELS
330
33
 90
        8
 62
      7
370
    -3
440
        0
302
HYDRO
330
42
 90
        8
 62
    140
370
    -3
440
        0
302
HYDRO_3D
330
4D
 90
        8
 62
    140
370
    -3
440
        0
302
NORTH_ARROW
330
35
 90
        8
 62
      7
370
    -3
440
        0
302
OTLS_GRID
330
5A
 90
        8
 62
      4
370
    -3
440
        0
302
OTLS_LABELS
330
5B
 90
        8
 62
      4
370
    -3
440
        0
302
PIPELINE
330
53
 90
        8
 62
     30
370
    -3
440
        0
302
PIPELINE_3D
330
54
 90
        8
 62
     30
370
    -3
440
        0
302
PLSS_LABELS
330
3D
 90
        8
 62
      7
370
    -3
440
        0
302
PLSS_QQ
330
3E
 90
        8
 62
      8
370
    -3
440
        0
302
PLSS_QQ_3D
330
50
 90
        8
 62
      7
370
    -3
440
        0
302
PLSS_SECTION
330
3B
 90
        8
 62
      7
370
    -3
440
        0
302
PLSS_SECTION_3D
330
4E
 90
        8
 62
      7
370
    -3
440
        0
302
PLSS_TWP
330
3C
 90
        8
 62
      7
370
    -3
440
        0
302
PLSS_TWP_3D
330
4F
 90
        8
 62
      7
370
    -3
440
        0
302
POWER
330
51
 90
        8
 62
     50
370
    -3
440
        0
302
POWER_3D
330
52
 90
        8
 62
     50
370
    -3
440
        0
302
PS_NORTH_ARROW
330
EA5
 90
        8
 62
      7
370
    -3
440
        0
302
PS_SCALE_BAR
330
EA6
 90
        8
 62
      7
370
    -3
440
        0
302
RAILROAD
330
55
 90
        8
 62
      5
370
    -3
440
        0
302
RAILROAD_3D
330
56
 90
        8
 62
      5
370
    -3
440
        0
302
ROADS_LOCAL
330
40
 90
        8
 62
      4
370
    -3
440
        0
302
ROADS_MAJOR
330
3F
 90
        8
 62
      2
370
    -3
440
        0
302
ROADS_TRAIL
330
41
 90
        8
 62
      6
370
    -3
440
        0
302
ROAD_LABELS
330
F07
 90
        8
 62
      3
370
    -3
440
        0
302
ROW_LOCAL
330
4B
 90
        8
 62
    132
370
    -3
440
        0
302
ROW_LOCAL_3D
330
4C
 90
        8
 62
    132
370
    -3
440
        0
302
ROW_MAJOR
330
49
 90
        8
 62
     40
370
    -3
440
        0
302
ROW_MAJOR_3D
330
4A
 90
        8
 62
     40
370
    -3
440
        0
302
SHEET_BORDER
330
EA3
 90
        8
 62
      7
370
    -3
440
        0
302
SITE_INFO
330
34
 90
        8
 62
      2
370
    -3
440
        0
302
TITLE_BLOCK
330
EA4
 90
        8
 62
      7
370
    -3
440
        0
  0
DICTIONARY
  5
10D6
330
10D2
100
AcDbDictionary
281
     1
  0
XRECORD
  5
10D3
102
{ACAD_XDICTIONARY
360
10D7
102
}
102
{ACAD_REACTORS
330
10DA
102
}
330
10DA
100
AcDbXrecord
280
     1
 91
   67583
301

290
     0
302
ADJOINING_LABELS
330
F0A
 90
        1
370
    -3
440
        0
302
ADJOINING_PARCELS
330
F0B
 90
        1
370
    -3
440
        0
302
BENCHMARKS
330
36
 90
        8
 62
      7
370
    25
440
        0
302
BM_LABELS
330
37
 90
        8
 62
      7
370
     9
440
        0
302
BUILDINGS
330
57
 90
        8
 62
      7
370
    25
440
        0
302
CENTER
330
2F
 90
        1
370
    -3
440
        0
302
CL_LOCAL
330
45
 90
        8
 62
      9
370
     9
440
        0
302
CL_LOCAL_3D
330
46
 90
        1
370
    -3
440
        0
302
CL_MAJOR
330
43
 90
        8
 62
      9
370
     9
440
        0
302
CL_MAJOR_3D
330
44
 90
        1
370
    -3
440
        0
302
CL_TRAIL
330
47
 90
        8
 62
      6
370
     9
440
        0
302
CL_TRAIL_3D
330
48
 90
        1
370
    -3
440
        0
302
CONTOUR_1FT
330
38
 90
        8
 62
    254
370
     9
440
        0
302
CONTOUR_INDEX
330
30
 90
        8
 62
      8
370
    18
440
        0
302
CONTOUR_MAJOR
330
31
 90
        8
 62
    253
370
    13
440
        0
302
CONTOUR_MINOR
330
32
 90
        8
 62
    254
370
     9
440
        0
302
COUNTY_BOUNDARY
330
58
 90
        8
 62
      5
370
    25
440
        0
302
COUNTY_LABEL
330
59
 90
        8
 62
      5
370
     9
440
        0
302
ELEV_LABELS
330
33
 90
        8
 62
    253
370
     9
440
        0
302
HYDRO
330
42
 90
        8
 62
      5
370
    18
440
        0
302
HYDRO_3D
330
4D
 90
        1
370
    -3
440
        0
302
NORTH_ARROW
330
35
 90
        8
 62
      7
370
    18
440
        0
302
OTLS_GRID
330
5A
 90
        1
370
    -3
440
        0
302
OTLS_LABELS
330
5B
 90
        1
370
    -3
440
        0
302
PIPELINE
330
53
 90
        8
 62
      8
370
    13
440
        0
302
PIPELINE_3D
330
54
 90
        1
370
    -3
440
        0
302
PLSS_LABELS
330
3D
 90
        8
 62
      8
370
     9
440
        0
302
PLSS_QQ
330
3E
 90
        1
 62
      9
370
     9
440
        0
302
PLSS_QQ_3D
330
50
 90
        1
370
    -3
440
        0
302
PLSS_SECTION
330
3B
 90
        8
 62
      8
370
    13
440
        0
302
PLSS_SECTION_3D
330
4E
 90
        1
370
    -3
440
        0
302
PLSS_TWP
330
3C
 90
        8
 62
      8
370
    18
440
        0
302
PLSS_TWP_3D
330
4F
 90
        1
370
    -3
440
        0
302
POWER
330
51
 90
        8
 62
      8
370
    13
440
        0
302
POWER_3D
330
52
 90
        1
370
    -3
440
        0
302
PS_NORTH_ARROW
330
EA5
 90
        1
370
    -3
440
        0
302
PS_SCALE_BAR
330
EA6
 90
        1
370
    -3
440
        0
302
RAILROAD
330
55
 90
        8
 62
      7
370
    25
440
        0
302
RAILROAD_3D
330
56
 90
        1
370
    -3
440
        0
302
ROADS_LOCAL
330
40
 90
        8
 62
      8
370
    18
440
        0
302
ROADS_MAJOR
330
3F
 90
        8
 62
      8
370
    30
440
        0
302
ROADS_TRAIL
330
41
 90
        8
 62
      9
370
    13
440
        0
302
ROAD_LABELS
330
F07
 90
        8
 62
      8
370
     9
440
        0
302
ROW_LOCAL
330
4B
 90
        1
 62
      9
370
     9
440
        0
302
ROW_LOCAL_3D
330
4C
 90
        1
370
    -3
440
        0
302
ROW_MAJOR
330
49
 90
        8
 62
      9
370
    13
440
        0
302
ROW_MAJOR_3D
330
4A
 90
        1
370
    -3
440
        0
302
SHEET_BORDER
330
EA3
 90
        1
370
    -3
440
        0
302
SITE_INFO
330
34
 90
        8
 62
      7
370
    13
440
        0
302
TITLE_BLOCK
330
EA4
 90
        1
370
    -3
440
        0
  0
DICTIONARY
  5
10D7
330
10D3
100
AcDbDictionary
281
     1
  0
XRECORD
  5
10D4
102
{ACAD_XDICTIONARY
360
10D8
102
}
102
{ACAD_REACTORS
330
10DA
102
}
330
10DA
100
AcDbXrecord
280
     1
 91
   67583
301

290
     0
302
ADJOINING_LABELS
330
F0A
 90
        1
370
    -3
440
        0
302
ADJOINING_PARCELS
330
F0B
 90
        1
370
    -3
440
        0
302
BENCHMARKS
330
36
 90
        1
370
    -3
440
        0
302
BM_LABELS
330
37
 90
        1
370
    -3
440
        0
302
BUILDINGS
330
57
 90
        8
 62
      7
370
    25
440
        0
302
CENTER
330
2F
 90
        1
370
    -3
440
        0
302
CL_LOCAL
330
45
 90
        8
 62
    254
370
     9
440
        0
302
CL_LOCAL_3D
330
46
 90
        1
370
    -3
440
        0
302
CL_MAJOR
330
43
 90
        8
 62
    253
370
    13
440
        0
302
CL_MAJOR_3D
330
44
 90
        1
370
    -3
440
        0
302
CL_TRAIL
330
47
 90
        8
 62
    241
370
    25
440
        0
302
CL_TRAIL_3D
330
48
 90
        1
370
    -3
440
        0
302
CONTOUR_1FT
330
38
 90
        8
 62
     41
370
     9
440
 33554559
302
CONTOUR_INDEX
330
30
 90
        8
 62
     40
370
    13
440
 33554559
302
CONTOUR_MAJOR
330
31
 90
        8
 62
     40
370
     9
440
 33554559
302
CONTOUR_MINOR
330
32
 90
        8
 62
     41
370
     9
440
 33554559
302
COUNTY_BOUNDARY
330
58
 90
        8
 62
      8
370
    13
440
        0
302
COUNTY_LABEL
330
59
 90
        1
370
    -3
440
        0
302
ELEV_LABELS
330
33
 90
        8
 62
     40
370
     9
440
        0
302
HYDRO
330
42
 90
        8
 62
    140
370
    18
440
        0
302
HYDRO_3D
330
4D
 90
        1
370
    -3
440
        0
302
NORTH_ARROW
330
35
 90
        8
 62
      7
370
    18
440
        0
302
OTLS_GRID
330
5A
 90
        1
370
    -3
440
        0
302
OTLS_LABELS
330
5B
 90
        1
370
    -3
440
        0
302
PIPELINE
330
53
 90
        8
 62
      9
370
     9
440
        0
302
PIPELINE_3D
330
54
 90
        1
370
    -3
440
        0
302
PLSS_LABELS
330
3D
 90
        1
370
    -3
440
        0
302
PLSS_QQ
330
3E
 90
        1
370
    -3
440
        0
302
PLSS_QQ_3D
330
50
 90
        1
370
    -3
440
        0
302
PLSS_SECTION
330
3B
 90
        8
 62
    253
370
     9
440
        0
302
PLSS_SECTION_3D
330
4E
 90
        1
370
    -3
440
        0
302
PLSS_TWP
330
3C
 90
        8
 62
    253
370
     9
440
        0
302
PLSS_TWP_3D
330
4F
 90
        1
370
    -3
440
        0
302
POWER
330
51
 90
        8
 62
      9
370
     9
440
        0
302
POWER_3D
330
52
 90
        1
370
    -3
440
        0
302
PS_NORTH_ARROW
330
EA5
 90
        1
370
    -3
440
        0
302
PS_SCALE_BAR
330
EA6
 90
        1
370
    -3
440
        0
302
RAILROAD
330
55
 90
        8
 62
      9
370
    13
440
        0
302
RAILROAD_3D
330
56
 90
        1
370
    -3
440
        0
302
ROADS_LOCAL
330
40
 90
        8
 62
    253
370
    13
440
        0
302
ROADS_MAJOR
330
3F
 90
        8
 62
      9
370
    18
440
        0
302
ROADS_TRAIL
330
41
 90
        8
 62
    254
370
     9
440
        0
302
ROAD_LABELS
330
F07
 90
        8
 62
     14
370
     5
440
        0
302
ROW_LOCAL
330
4B
 90
        1
370
    -3
440
        0
302
ROW_LOCAL_3D
330
4C
 90
        1
370
    -3
440
        0
302
ROW_MAJOR
330
49
 90
        8
 62
    253
370
     9
440
        0
302
ROW_MAJOR_3D
330
4A
 90
        1
370
    -3
440
        0
302
SHEET_BORDER
330
EA3
 90
        1
370
    -3
440
        0
302
SITE_INFO
330
34
 90
        1
370
    -3
440
        0
302
TITLE_BLOCK
330
EA4
 90
        1
370
    -3
440
        0
  0
DICTIONARY
  5
10D8
330
10D4
100
AcDbDictionary
281
     1
  0
XRECORD
  5
10D5
102
{ACAD_XDICTIONARY
360
10D9
102
}
102
{ACAD_REACTORS
330
10DA
102
}
330
10DA
100
AcDbXrecord
280
     1
 91
   67583
301

290
     0
302
ADJOINING_LABELS
330
F0A
 90
        1
370
    -3
440
        0
302
ADJOINING_PARCELS
330
F0B
 90
        1
370
    -3
440
        0
302
BENCHMARKS
330
36
 90
        8
 62
      1
370
    25
440
        0
302
BM_LABELS
330
37
 90
        8
 62
      1
370
     9
440
        0
302
BUILDINGS
330
57
 90
        1
370
    -3
440
        0
302
CENTER
330
2F
 90
        1
370
    -3
440
        0
302
CL_LOCAL
330
45
 90
        8
 62
      2
370
    13
440
        0
302
CL_LOCAL_3D
330
46
 90
        1
370
    -3
440
        0
302
CL_MAJOR
330
43
 90
        8
 62
      2
370
    18
440
        0
302
CL_MAJOR_3D
330
44
 90
        1
370
    -3
440
        0
302
CL_TRAIL
330
47
 90
        1
370
    -3
440
        0
302
CL_TRAIL_3D
330
48
 90
        1
370
    -3
440
        0
302
CONTOUR_1FT
330
38
 90
        1
370
    -3
440
        0
302
CONTOUR_INDEX
330
30
 90
        8
 62
      7
370
    25
440
        0
302
CONTOUR_MAJOR
330
31
 90
        8
 62
      8
370
    18
440
        0
302
CONTOUR_MINOR
330
32
 90
        1
 62
      9
370
     9
440
        0
302
COUNTY_BOUNDARY
330
58
 90
        8
 62
      4
370
    18
440
        0
302
COUNTY_LABEL
330
59
 90
        1
 62
      4
370
     9
440
        0
302
ELEV_LABELS
330
33
 90
        1
 62
      7
370
    13
440
        0
302
HYDRO
330
42
 90
        1
 62
    140
370
    30
440
        0
302
HYDRO_3D
330
4D
 90
        1
370
    -3
440
        0
302
NORTH_ARROW
330
35
 90
        8
 62
      7
370
    18
440
        0
302
OTLS_GRID
330
5A
 90
        1
370
    -3
440
        0
302
OTLS_LABELS
330
5B
 90
        1
370
    -3
440
        0
302
PIPELINE
330
53
 90
        1
 62
      6
370
    13
440
        0
302
PIPELINE_3D
330
54
 90
        1
370
    -3
440
        0
302
PLSS_LABELS
330
3D
 90
        1
 62
      8
370
     9
440
        0
302
PLSS_QQ
330
3E
 90
        1
370
    -3
440
        0
302
PLSS_QQ_3D
330
50
 90
        1
370
    -3
440
        0
302
PLSS_SECTION
330
3B
 90
        1
 62
      8
370
    13
440
        0
302
PLSS_SECTION_3D
330
4E
 90
        1
370
    -3
440
        0
302
PLSS_TWP
330
3C
 90
        1
 62
      8
370
    18
440
        0
302
PLSS_TWP_3D
330
4F
 90
        1
370
    -3
440
        0
302
POWER
330
51
 90
        1
 62
      6
370
    18
440
        0
302
POWER_3D
330
52
 90
        1
370
    -3
440
        0
302
PS_NORTH_ARROW
330
EA5
 90
        1
370
    -3
440
        0
302
PS_SCALE_BAR
330
EA6
 90
        1
370
    -3
440
        0
302
RAILROAD
330
55
 90
        1
 62
      6
370
    25
440
        0
302
RAILROAD_3D
330
56
 90
        1
370
    -3
440
        0
302
ROADS_LOCAL
330
40
 90
        1
 62
      2
370
    30
440
        0
302
ROADS_MAJOR
330
3F
 90
        1
 62
      2
370
    50
440
        0
302
ROADS_TRAIL
330
41
 90
        1
 62
      2
370
    18
440
        0
302
ROAD_LABELS
330
F07
 90
        1
 62
      2
370
    13
440
        0
302
ROW_LOCAL
330
4B
 90
        1
370
    -3
440
        0
302
ROW_LOCAL_3D
330
4C
 90
        1
370
    -3
440
        0
302
ROW_MAJOR
330
49
 90
        1
 62
      2
370
    18
440
        0
302
ROW_MAJOR_3D
330
4A
 90
        1
370
    -3
440
        0
302
SHEET_BORDER
330
EA3
 90
        1
370
    -3
440
        0
302
SITE_INFO
330
34
 90
        8
 62
      7
370
    18
440
        0
302
TITLE_BLOCK
330
EA4
 90
        1
370
    -3
440
        0
  0
DICTIONARY
  5
10D9
330
10D5
100
AcDbDictionary
281
     1
  0
ENDSEC
  0
EOF
